276060
310936
660265
88401
362244
67628
572702
975835
628780
860113
973465
854757
128100
789578
182590
785089
744747
350144
206471
12483
231142
613591
690764
370407
741618
459054
44380
922036
176346
532710
967918
216470
626374
484489
937565
373887
404380
139261
155490
723491
891093
257588
303895
855217
924997
261944
991597
649100
435083
957442
19297
301714
908259
588612
719304
353398
716159
551225
778207
515823
682995
887402
519287
41604
910904
101090
978861
711989
481149
88108
562646
367121
307622
419907
398557
436841
983640
146668
838192
18777
756336
28491
698141
864826
235620
412106
495208
806431
633897
516050
682241
524840
662589
162130
100566
148360
184048
369002
146538
600537
995801
646455
918432
419794
738943
859201
917978
373227
838207
423547
316109
381401
149716
766376
314662
81809
881096
715080
68335
698841
187387
393620
683692
188295
356562
890118
647983
788934
165757
688864
776089
519421
461994
796789
228991
707477
461684
375537
582345
410508
198142
451064
231115
148866
718969
17600
371832
70715
782735
839291
25198
381620
281728
588723
900132
95663
481371
133250
11307
740509
813500
454223
931411
103622
695066
814363
611622
507799
364305
127818
938137
332540
295247
652587
641267
143278
679927
887801
594034
304872
309100
264083
379136
960973
829205
590605
729978
737811
895578
530239
672418
409239
611379
849863
787080
67440
604489
285417
201106
295043
271315
189597
599705
885366
437696
529112
463168
710239
272777
953976
864940
32257
459353
171529
440978
485971
495292
652790
611977
437556
557250
458634
45489
162909
209560
499024
378970
388005
165244
593274
902490
246732
186598
140598
993023
649752
737025
448418
784297
426139
273998
820553
766339
575171
166256
926697
428047
626972
645004
667
45387
562131
7573
51350
936220
468343
754492
727683
338240
291095
71662
901085
469310
827489
468584
817130
327030
739758
423718
65627
996763
323893
716463
725264
254890
497785
250099
139182
312820
564139
248370
642626
442780
698653
750428
154910
198503
325205
634818
912647
878509
592997
127652
85818
391283
431723
198474
855896
424474
988656
997106
97848
967578
727413
806075
685982
753064
919800
234355
774313
523016
517104
245113
413593
766246
579410
610106
932945
69502
897374
279273
944439
685679
916687
835390
456656
957222
683917
316616
876504
498327
16038
777390
712643
348488
921321
623297
317287
153584
548672
200847
268869
87518
584156
344666
932957
88540
532212
817922
982794
570559
430797
788506
505212
612465
891515
42405
115375
156087
827693
712536
245759
706633
905704
992248
288704
435270
786704
679829
358867
680771
68356
6115
895284
340501
778762
800808
768402
954168
996193
359372
736559
958673
46554
861418
281993
163156
646070
412958
933582
799167
28298
383150
396076
808432
954182
575241
933946
579127
982948
642932
370435
531517
421159
599162
511513
704762
664687
716050
762229
952506
260335
519497
8782
245298
143357
789413
981445
11903
92191
541911
823882
272173
544887
794681
78834
55241
71817
593125
877060
594995
363514
955210
328006
503314
556070
205095
888605
2808
446133
584336
872736
280303
338217
56721
249570
858376
724755
724172
850726
106607
401561
840011
950113
808779
877264
313667
755154
364801
176160
683968
615536
393577
441746
719459
384253
679309
286413
168023
762066
559598
259475
829428
280124
484445
847964
306518
470419
189187
909941
116810
398542
421915
988190
225521
868879
872428
770635
959475
932431
71305
818687
671320
671369
431255
916911
354045
882521
206112
747059
995441
269321
432991
591646
299474
697178
710034
466585
750989
463851
728609
456367
911722
129121
892195
471991
644548
848186
4921
922032
847867
86666
213132
431238
965659
991843
388813
268068
779110
146783
316010
369691
841430
18834
240621
716592
993853
988095
57570
295336
229764
466622
692015
757481
399715
147740
942815
133088
814811
211988
910009
109287
43654
337464
786726
826900
922558
453495
57290
569736
633851
422340
15648
386931
69289
493232
738394
178240
855569
609606
108507
492450
235607
631868
871542
600365
930212
196706
529045
103375
644478
674391
119766
834065
49209
184484
669401
425875
416026
847430
405064
856622
165849
896454
904798
294770
752174
349016
916581
546811
441814
235554
522310
803950
742148
193284
437756
631757
12184
295357
433675
20390
597420
208500
596506
897921
913634
531968
959069
823952
328308
854013
384421
553093
88410
328111
740672
770331
783081
433731
454111
593602
186631
471904
73326
301838
722691
156619
305076
52000
525451
310359
675979
703888
738142
352508
110712
10092
7891
113068
441931
329689
139008
401436
649954
532995
294807
545458
6848
2350
263861
976640
184002
309295
878542
588153
666185
346282
318488
591450
74659
619804
772924
468140
682250
646370
162841
764400
49528
617994
765166
388645
53401
310394
991019
401170
796049
841079
900226
884968
666218
913296
447707
741925
100626
754717
298729
229910
722986
215842
504095
38251
767281
273741
848642
197770
769196
890016
650604
753898
947163
8999
606160
833897
731227
430582
375300
431585
74157
829155
971288
71302
347018
882789
713155
790840
94224
256264
416609
814696
983943
740405
771777
741525
397735
975677
320302
400980
547153
693213
589135
416975
984995
534306
49414
581259
375465
66530
582502
345647
67393
425856
786008
618780
409084
409024
134186
158351
115245
409871
823108
835580
811982
580567
790807
717599
597322
80313
962275
299990
559841
331930
649673
437393
882373
842114
951418
296460
476891
610398
324556
172579
123313
351393
866027
166721
494001
153950
51790
932045
711320
591150
850157
16647
27784
150009
764421
666797
279248
190546
112714
223658
733649
369486
353640
118625
355894
246468
640052
507171
370462
754795
24299
980415
130014
272474
125635
922768
658624
556278
247216
930352
405729
605360
846765
321915
422647
888322
675008
189770
474576
290438
30292
78094
778362
958644
15648
833223
623218
302074
152599
439354
173947
882221
141478
316678
521542
226742
476634
876353
542943
37896
697669
263592
708507
876240
920191
452810
325698
387315
585936
782431
805181
796707
770238
687235
442604
677355
615843
2791
810144
642452
996327
34034
419289
225051
476082
860087
194397
747863
963202
953199
512525
780853
452580
81746
870064
377658
148719
505994
203757
705498
413603
63379
517068
95780
803541
432698
521991
493754
94224
828740
329118
745910
912281
401345
666886
807150
188239
635772
666598
635275
629246
531204
70981
182626
574130
322910
884121
235338
64028
698449
982404
868250
120906
403969
219918
475980
289675
863969
421382
343893
847295
70166
204821
994796
166151
699397
264258
517103
758725
533009
933071
944280
428482
231911
162108
185883
449310
551025
844196
7827
410603
427503
53472
520157
520963
543083
565384
255986
74132
518190
921845
934209
554283
352500
836341
206421
375395
221990
254033
672724
255124
968033
719088
375326
822902
426738
838934
359518
300698
421699
434954
410109
833859
859192
473038
722691
14431
461862
880815
234976
423386
687603
211640
526148
80256
163713
38439
570751
823289
132969
630268
338676
301089
926988
221097
648392
142830
265578
214195
915059
627747
91700
360107
946047
838517
496305
421475
508085
5090
594513
847949
988179
399463
264435
97755
241249
232191
501539
851713
70933
657148
661000
110652
756772
955124
173345
454575
276297
754042
59283
617789
440922
471159
190162
406534
664501
714988
456854
893672
671497
435063
595946
832840
604065
83313
742399
601828
53372
129333
412433
5286
910957
332859
225104
627620
202320
811305
242045
6835
92310
778293
877576
122380
980647
784894
807919
873239
536408
604637
350779
60575
291328
574556
662756
501433
715343
703368
963628
370390
622010
744982
800866
585904
530216
666884
582088
7542
378354
29649
265507
262901
779718
917621
950917
32793
49932
585784
420332
123762
971041
860548
336239
617969
30804
587319
988817
687138
986410
188883
891654
785394
851566
993923
40197
940291
920796
95692
474637
725469
757472
727252
308000
150648
436939
276152
169726
921845
484356
160393
570392
854205
484017
838327
85535
632291
661208
943621
354843
474592
865339
768895
103116
922939
816822
400452
240583
439205
273512
948374
819981
138676
258207
304647
836978
238839
942268
32660
447422
775449
675316
543894
411713
721393
90871
245612
838414
595003
585192
691285
605953
402020
864650
353851
187463
928292
890428
723826
817931
8907
339466
636484
773093
110864
91772
916085
975483
533467
748311
697085
532659
627246
309069
191449
924879
659655
248888
3799
153542
376267
523700
804677
874240
641553
316695
707626
195523
301060
204332
799861
663598
283784
612341
931522
259931
635074
717769
538011
394019
560604
501691
155628
588439
96061
458762
859122
702742
267319
344636
73263
980759
427284
231032
449807
226964
490936
16583
200347
229600
399328
27087
546483
557168
153859
263902
526212
191577
821360
243700
864956
926301
334099
809462
888974
84049
292906
213991
195371
150685
179202
200780
874166
737803
537449
477052
239501
835142
426742
66343
989755
486982
31421
89559
832452
211405
509813
930024
134324
743261
114825
165563
632186
262357
971208
325068
731591
672324
849438
620098
790388
304253
921108
111647
398566
211727
23827
507647
196078
996849
62942
362354
730521
686421
176470
475206
403510
595226
844452
251076
279450
205535
783760
833007
610214
772412
226499
143758
701165
674798
191069
960546
447561
491358
581762
815235
714578
846967
218407
404776
357776
779786
754649
878070
656413
803347
497565
127118
707947
928377
61767
144714
765184
350806
333796
42108
388484
974078
721869
893700
196947
983483
250306
754047
151674
322520
65253
950944
16954
265629
265594
457735
302717
50984
926834
441768
959890
450087
842501
641088
585662
601151
109221
188536
615269
302973
466194
864121
25325
865369
743026
502819
928082
741698
672447
186916
737922
57904
11498
711586
9506
222843
677011
845295
353372
119570
607930
33073
83844
455872
259165
676608
815694
982375
430772
85926
206438
866710
973222
902892
172632
531717
891799
216933
650659
289568
699987
826221
885176
279728
439934
9165
732602
817253
46715
13147
26828
506602
759184
420570
97666
696164
328970
467570
621491
835058
522504
970519
632372
836286
404543
817441
572805
156487
176011
737702
933402
333116
276933
273450
771134
830125
522107
889302
23144
101327
445955
130238
15335
28774
397328
245666
239685
116658
165087
774279
977646
603640
765162
69109
476727
305383
667762
501488
249217
320039
891659
334966
257231
225890
222763
308360
635578
765818
86487
372664
460672
481000
620444
352496
769454
156733
47829
713069
783418
807690
961621
58006
256864
236669
371682
47804
754823
371689
578664
643867
410693
503873
815637
145131
719745
788749
722611
344279
906033
996482
300155
710180
217348
354651
415680
856458
384834
711811
852830
213474
181706
227387
177609
688857
620875
114599
544278
169385
387006
592621
857965
826759
7657
480187
161149
955407
774122
747953
920734
536253
186579
205285
151301
186487
617528
379177
510551
120593
361270
969154
797106
905409
487586
891522
546518
948409
71381
843803
553354
44899
476450
856829
950943
610424
22829
704477
12629
881208
841226
892487
325850
571744
555105
432831
238139
677839
762003
783250
810453
331046
927639
290541
274505
378382
877906
110965
173247
133441
730785
59503
548655
980769
315864
802812
274217
389756
921272
139453
688011
542459
761088
640118
709652
389017
444765
645741
643813
7857
510960
354173
230239
969079
199606
153952
46766
81162
824618
171297
329128
468547
857489
841736
900286
349379
647190
498069
940512
981778
430177
957783
842908
727877
409698
431281
796618
514994
555370
888541
974134
375794
320170
753458
526368
635914
718446
897799
696485
368487
465265
927141
593917
443976
988693
725924
903200
171081
746883
758736
422386
435598
867625
375091
593769
347063
187204
31024
677597
497375
219264
450358
231420
608971
62630
875987
439081
733179
387413
844821
890887
77670
20003
117030
654393
913883
381613
349553
406066
950949
749083
80289
76319
259434
633123
805959
103939
915926
467643
967513
303624
99788
325238
897814
202885
217396
580671
18917
946562
81366
356370
945785
621876
614489
552789
348692
723211
409821
755065
724163
43663
780967
122354
186148
642217
117276
535784
963568
404888
412478
129499
274064
163769
713450
229669
163926
682958
786507
166386
878248
848046
920181
393409
865389
841248
909746
511317
275804
65003
475327
145932
370830
682463
884669
780764
673652
889660
138024
408063
585796
965684
206486
104896
964901
356167
596152
168247
701282
124617
12554
292137
968631
294604
978740
247906
653339
90222
58801
865940
385843
668240
247186
886403
336176
958568
811592
507762
713339
556695
10096
267130
113772
505215
58833
344062
969157
493122
420143
614113
830402
385203
160146
935366
995396
394644
324977
85484
235571
339358
278081
453971
318397
224505
805774
497081
382548
292814
109965
275418
67911
167707
959000
989159
706074
558070
812375
833608
751995
360312
211275
271000
906904
68753
346636
437430
591225
545662
35548
558725
605258
25254
512144
353598
987002
215262
616816
141770
128281
60535
939371
163111
921501
935245
864432
3750
279538
507711
879769
652495
368501
484764
945760
828148
231183
413581
749578
448142
658857
648993
71596
814920
365244
697448
255661
747680
177630
394929
228122
806407
428283
238459
462844
561534
340343
403048
212030
480068
759088
980449
518990
315676
244567
786341
104296
463646
94058
329780
904390
815765
851578
30367
963967
595201
173064
811451
12998
544583
570905
700654
259607
948558
196649
413976
516703
639087
220957
693630
104552
584175
999176
377733
972097
412905
633345
857128
22590
510411
882954
176500
29941
169606
214329
447200
492057
415850
303090
738858
38078
216682
201735
779813
886577
406068
113199
349484
391172
852274
856985
994600
734839
944173
17884
808639
79270
637926
590094
241082
14528
670429
482890
325499
238051
150684
164892
754721
35889
663376
444263
654282
185698
15687
716586
552731
7431
501014
614737
983015
901131
552730
142195
735945
493978
496318
682898
943442
37450
419613
705656
847624
479792
282082
587388
324570
696047
275203
260859
529306
537017
683151
417127
80189
844982
975588
882922
964948
28267
452858
927498
483344
374674
193751
610991
891446
944565
162226
891458
262177
64278
344828
373570
535172
77873
171441
996340
902936
571079
361243
607701
913373
143324
718367
461630
996388
616579
946098
624633
320479
578236
321082
921481
482149
79789
854970
82357
815392
54747
95401
269725
910959
827546
785482
460384
553056
758161
747879
291747
990712
474494
223365
902601
131304
906265
433669
93444
215222
865449
35300
686448
81482
584945
264814
678852
631939
650278
854673
551339
903570
279102
812619
935895
255571
261367
383617
820180
622209
985875
475925
892588
926808
364270
488646
402575
977599
158819
349134
843935
877374
99430
523232
254975
368123
19553
935181
566707
680069
684910
344404
263701
432250
737835
353257
224797
443349
818349
717210
379329
212227
625613
182329
8780
442129
177923
408265
462126
811403
857860
472681
276964
576871
102761
448029
151487
328470
260363
613026
718236
977117
15876
250233
352012
341962
419408
364375
552614
435548
226366
522499
491040
889587
568620
959810
581530
480801
620373
596012
699116
843515
930004
564623
645137
202123
612411
783908
72376
644017
241056
978853
412972
187690
536678
344482
331666
947389
151401
596403
756763
197387
680106
246918
133590
836867
369027
653125
141788
697454
378173
51127
101874
587218
676278
378389
16977
741670
755009
788117
499112
131711
771992
507166
751924
95165
537447
85141
853734
962207
834251
671197
258885
351322
581217
109922
405624
996766
330718
832375
95823
612772
780520
702196
622572
584775
513752
638048
399677
485944
787711
33377
49116
177577
865844
200581
146630
953399
928443
592934
927238
655139
557802
684635
588136
863820
774653
628874
485466
68984
908773
122832
223705
236673
998911
669951
758920
418697
652233
620260
481593
439698
388912
993042
453580
256912
784746
949270
52867
455259
552365
868803
204775
343957
804244
263632
81711
4675
699641
306940
472337
66093
955588
158440
657266
604737
805803
890274
325258
76203
365649
560825
965149
514753
997428
355648
868001
322532
817181
341379
939129
313467
73157
705836
279630
492055
264490
283826
930547
362158
41158
826678
743269
823458
503981
890675
329620
530966
596672
847399
405901
936718
890977
614588
823298
722255
799813
843993
148416
351789
824589
64220
718115
116693
489773
213783
774407
81408
473098
125592
120896
427476
382290
967816
661820
456811
121015
934090
63773
933815
61430
526259
395875
891678
57901
816346
149924
782946
760797
135744
334537
880422
19820
890341
133128
276189
442583
446944
720511
293010
339110
283334
984824
443237
344736
640203
532009
114498
395289
647095
322254
998624
200858
920568
453041
567570
384539
643550
757255
244426
918074
492231
373174
970700
439832
179994
745901
556336
201640
322942
97451
462226
828969
900395
394352
884165
955157
82216
917875
602548
328756
429745
428219
208963
641889
224563
33138
635889
567342
398131
52179
186419
819453
713942
467517
189542
62762
476806
847683
558406
571566
402604
449093
359526
683060
600341
855751
977962
87792
573032
201613
383618
539887
862923
548143
252690
593291
359388
344121
599408
947077
534019
906814
857154
153573
596914
623747
457968
986435
193191
449802
695825
780001
134705
286453
304711
516728
553416
447277
241662
553338
915487
214168
77003
667783
978462
231392
40495
79263
162053
797913
33955
360043
130361
295588
35355
498230
149958
725516
344457
712919
600970
343279
442361
4817
927046
649558
550911
492343
741802
107662
957038
222603
126960
438553
516997
602723
534864
797917
177083
440786
935801
766359
86755
85786
877987
329169
758323
504407
118981
158752
172189
476879
424913
519894
618062
394238
672439
711070
657189
756680
769994
180118
314009
246085
398221
469424
394307
812092
57775
578749
219899
468297
123600
83035
262644
955320
156197
513610
335170
924865
256491
249437
714218
679425
464858
958734
836642
612973
996316
207080
111693
581104
777599
350915
114968
695589
677818
264663
399363
134289
173248
246392
525867
420177
721234
395036
364345
414067
534306
430394
984848
585934
738306
217646
837674
631882
98641
444391
698159
533250
670037
359826
568163
908753
316374
19667
574604
290350
483610
631492
90993
563564
115736
570745
539830
721418
789898
202409
245895
701661
892536
578575
530575
765059
999719
535484
956302
684133
815680
645924
190145
11351
829632
711868
336039
173642
154872
245461
415610
435850
407786
797736
933219
786004
253619
222556
480512
196560
654924
22558
198338
293860
57479
60832
270708
152943
77704
775839
679575
257010
24078
156218
521743
435228
877957
80216
643370
19423
110866
50188
377814
217241
641936
31104
806003
155762
106580
712305
772004
224356
96984
661875
524001
310987
723751
839696
331666
384269
685427
476347
866274
889009
756977
146547
987092
933589
712348
626618
470580
770493
727325
564874
224694
695211
445096
134787
660102
682398
551712
427472
499515
612991
729141
366465
628163
480782
909245
970720
309269
14257
169645
271056
735581
950081
690451
945009
24611
322084
128200
810258
387137
702712
570541
983593
328979
657399
622083
561969
41723
1442
233931
551360
666460
551663
44971
431050
780061
115928
729625
99639
645893
571836
681203
102424
295707
689809
787983
418517
681724
760437
187942
678057
102275
144299
712185
740743
826312
96972
704791
68913
129591
960241
513579
565051
123979
508332
904788
931590
402020
542147
831379
250578
830173
534809
51295
318182
203946
44174
853832
933210
69867
39669
271434
669904
314995
240424
81421
980035
673988
482338
97012
768420
872917
684844
11224
173356
266379
807288
798130
45984
789517
611614
371170
667155
644083
750048
290238
724625
607195
975398
194045
306245
277702
408791
417878
758795
371777
667998
958347
76284
862602
37870
474730
347675
393887
121054
234231
785468
266652
63951
680856
70852
602387
658836
500134
451394
744113
955461
544693
785169
418176
616191
58512
460295
923544
403071
796755
417813
85143
312479
278612
904355
93327
200034
788565
164668
528698
487344
555522
871211
424984
166609
51451
360655
267143
535893
530940
739684
809247
688552
69095
235513
14627
703737
135486
783318
263706
989422
587094
321607
343483
976376
197306
842760
461030
854228
523307
809546
821271
998414
357490
113386
92221
889617
269624
518029
41670
301557
135957
290719
693327
95394
945271
666098
813528
175003
279433
544115
527493
253975
903730
539017
746932
91384
600892
230843
952478
690065
506000
481424
261127
703221
820987
461532
497246
702381
802145
963277
88130
362588
161386
832953
7933
334687
728305
47854
447752
393525
436323
379467
51801
637923
966456
608213
740934
101040
131396
482681
504352
684325
306208
660458
359588
433481
832647
313222
526677
669529
12442
152392
591111
663553
725692
795680
920921
785655
313263
814113
773338
858451
669679
877712
724232
236478
612330
845726
320009
623441
834961
251504
481947
666617
158545
451564
652979
760436
212282
141715
211981
139644
517152
812054
640663
250227
298130
474354
9478
561934
235746
87363
834069
378960
381794
416662
53701
573707
597431
394591
161041
268746
908628
753629
286509
959772
603640
39578
81178
977192
72951
788683
931056
630590
965490
580925
340705
373808
8917
868323
633929
420171
652015
110335
912631
605702
78497
713810
636247
304176
587273
363747
408319
704773
635926
350857
78951
221711
588330
784305
338703
781726
24464
411074
58309
49611
739761
790651
2677
829696
954019
678379
174155
557489
591130
121401
406419
446865
692115
718239
556901
832195
349533
888534
426055
840334
481840
433978
255414
527361
5974
43020
446532
306173
134196
547904
335519
250617
264559
670633
809236
548251
785708
280612
662807
238141
463463
13997
434425
767744
107870
461150
808585
112360
553554
632769
445025
187309
833510
42062
898613
896475
262225
489300
725537
77816
226539
521045
635815
705204
238239
416404
648084
114546
571372
771226
475734
547209
278622
267039
171296
200005
821294
636590
190281
129627
834705
397416
509206
939809
329469
145457
105876
575348
336177
26113
416133
996791
59924
409419
278602
709851
41151
275937
962880
196543
686847
640294
310277
730572
529947
690492
809042
31870
287777
403704
66311
174119
556967
484592
721476
863894
82149
668305
56243
210828
10264
879174
631577
632072
926524
134768
260143
206549
705760
84330
786473
141322
658621
501443
319722
634138
203340
754412
788768
280897
59368
818501
544400
737025
898662
930115
747990
290802
486417
14864
717324
794471
495128
365938
972894
53454
809190
778887
552177
885075
454465
609106
875846
861779
558841
251529
473211
229634
183689
27865
189703
91743
475450
299603
288882
172801
135132
298299
292397
134857
210668
483539
756911
544833
828353
127788
530653
655987
304129
598402
745454
975999
52922
189422
463618
937494
211317
656284
383465
75897
788328
469056
913373
453123
796606
48228
31526
282871
501722
616839
963933
319778
601088
911747
973798
627525
317011
996088
160988
506954
19864
574625
851665
739056
977394
329099
255793
764491
992406
982263
289951
707616
837233
7666
798967
391501
73891
637330
10881
866445
869718
840960
335266
969340
968328
27250
12066
416041
832116
716695
958766
531385
739824
741183
381148
783511
968976
786123
489389
12379
767460
489871
443511
703939
171630
26210
991595
774934
199366
642498
379424
847038
341149
117915
90515
727392
260038
353650
753771
410405
951878
969920
798304
241387
341443
31317
669369
463153
871514
664028
817577
211630
11933
38355
979579
416661
461174
74266
772419
793691
645713
173788
370260
602540
476139
592796
637158
503621
519129
756457
642804
532022
863829
400440
196505
909831
645335
200946
533449
495416
858072
354316
605508
891535
849945
3468
875988
48156
948030
392487
272039
983154
243494
795907
454477
719583
72600
978906
356737
755355
230177
497980
185552
594113
962844
117417
232559
495931
964078
622556
163303
570047
102331
344848
403529
875287
643684
262163
758115
511173
655113
515870
46245
434727
29849
656868
442293
37274
463900
361211
456122
359429
36886
979194
18673
643532
946015
337217
884940
420360
82708
925948
623171
329569
740773
762357
29263
438752
761090
67645
76433
222196
353137
495475
405000
150492
380506
869510
584365
852066
409395
763416
243308
878684
972591
263349
845173
83892
495722
752943
317714
67705
486637
88108
674492
656445
966527
50254
194959
99753
333781
717011
946414
605973
401367
19758
324501
111091
845382
265839
328336
666480
600208
587680
506864
307753
543366
712218
165103
937642
374134
659411
446687
595580
607164
986393
706585
380097
732153
822269
803215
983120
549635
466362
966262
751212
957196
593953
368928
184742
895711
743044
58449
614338
263295
830918
334433
86808
693376
660814
738722
732287
833687
287587
118307
89769
478641
820973
992457
688176
34656
799298
363890
785989
139234
149947
471254
415108
434950
22255
66456
866852
586559
421296
951701
411728
343711
655430
925055
50111
268053
516538
242017
60093
87856
717564
48799
926018
830569
366502
864127
316339
413697
484845
755576
594636
296429
969494
846652
298445
746328
390018
763146
968175
385435
272503
914565
104859
213744
954496
842544
726877
192696
724813
577380
641263
472528
536454
93711
978451
360678
156713
447954
656293
914466
960622
548369
437324
162311
751368
79004
322105
272060
816684
661033
839107
492562
812587
456820
390397
638439
621475
53496
629360
792969
531126
75208
986349
745492
488576
810373
451035
396401
176239
935033
521597
733889
652607
653507
650152
196379
474337
674524
520697
668092
370167
712097
184336
166402
300124
839511
755834
441839
517042
429566
380647
721077
505675
920654
572193
712738
696987
232769
217610
432084
50916
843900
169050
350728
718794
809686
933882
822741
102427
312238
259215
103129
105396
492739
742512
603328
925163
622113
583025
910769
466072
228813
451238
839334
597885
355915
848734
958770
370641
930238
223485
663790
596886
648788
633378
739805
384839
113534
676119
141618
950259
173426
228569
221756
77252
895648
317433
27692
324988
118955
893773
925530
93564
372497
99467
87985
326629
980195
515432
599013
169314
598904
311889
650767
924949
394913
814046
1746
637034
347419
8487
184214
770477
68004
73005
901102
347144
79679
757366
994500
903371
702460
373691
243179
538208
492141
319828
885518
972561
105184
861452
366103
951317
519530
937472
470753
678543
797799
964639
583682
929926
95088
611291
492874
624757
188610
358704
57484
198978
925982
311168
702126
110172
722732
243145
262122
354261
7479
869432
405163
24652
511633
751499
752803
59689
355570
681983
310861
652177
129384
853726
305244
442824
550073
604962
986325
701715
982659
540496
49980
544951
985002
333008
261403
326355
640000
242544
807866
837185
256674
229450
225933
257621
486570
465954
799301
311630
497699
393789
508534
23465
623644
65409
804930
15570
984627
741330
906658
427601
714952
237546
925888
374073
191539
402951
389981
135722
963799
52361
204609
698465
380946
126470
561596
323553
699375
418992
555745
400670
954462
829636
371811
49697
763081
432050
179877
129833
608005
23946
447552
319915
66044
11918
474606
651996
244735
443846
816251
567989
946957
802153
740161
330503
864473
662074
839371
594790
490365
761596
427005
335301
540770
321885
202878
43464
134884
633803
653643
193287
113588
683997
831227
408409
591852
835322
78723
727264
937354
606309
182961
55048
343213
48304
429785
904819
943740
603686
619255
65460
329395
405490
280775
680243
705774
555277
737682
310554
318417
344043
257155
897588
60780
921566
753997
971835
888078
46262
913077
820607
814799
512627
641410
241970
875896
940379
982671
517729
322481
450786
941602
853455
974808
692410
101598
89646
555205
728975
560693
739877
854979
101523
37053
637790
159555
634001
3912
283369
912530
224696
418331
470414
539801
799724
24603
456269
748660
931022
234348
785741
781816
837738
393095
555606
400253
980086
374980
458625
531159
958851
170240
16345
408118
568836
685497
246326
704468
798715
46833
473594
311212
195378
928415
763665
756845
109363
2325
362047
162071
132853
925653
118674
29070
425256
192209
272518
854372
558664
270775
384516
788938
600135
825169
285827
405102
540766
213629
791042
705807
493548
294603
630119
961726
228345
759358
232597
882438
208588
247712
931395
763966
237960
584859
191754
6580
671605
74067
581060
687837
52941
955280
731892
992346
51997
281094
473600
720205
360699
6437
740124
158460
877987
700572
298129
979565
891991
147672
156706
279421
319011
203408
157458
659170
710491
394510
269296
613819
974502
623949
592432
534704
974519
411737
209728
383390
908839
284626
399772
515073
419711
660853
484537
665796
119275
675911
244219
481553
907328
144861
525585
507132
597438
358692
604769
490856
809538
409095
711583
785597
369082
964693
162382
926525
173746
11201
475356
312365
723137
736822
953273
199462
424623
351527
513475
946362
602487
833371
195488
245497
507490
520787
340440
807601
942461
122640
696004
330843
823236
657262
484968
830775
249033
953022
488598
409750
893444
972598
268154
139417
433742
596242
606415
113220
307011
411849
621870
184444
581545
199421
935848
867594
360487
336356
242365
48773
783611
848076
417080
561871
535437
309363
249224
354739
109178
197513
195988
236618
28973
256890
668493
84255
186953
536982
647592
985954
518077
723853
849614
278030
398767
463167
938852
73086
596384
379461
950395
546184
28777
286581
693607
690123
242468
6305
262127
227678
992853
981253
959672
424183
799363
805782
206182
817864
50120
106612
385323
997271
190642
677720
666423
594742
374150
317048
747474
437942
508071
16498
794045
557840
974184
641240
598851
893655
245873
188328
834678
595342
844878
736580
29510
44262
574699
75888
783710
507817
152408
695966
730065
356466
989349
638994
816531
22006
112716
192990
306003
414480
814161
301602
267421
11668
670540
568419
866223
350803
178223
812710
800428
610516
849525
221564
116730
103506
428787
725276
88213
237633
317146
538150
767346
236018
456058
772136
575594
260862
46718
146198
240439
790987
290310
281773
334287
787137
188800
277810
559590
260098
203751
156817
52667
674158
741319
108200
778586
819841
841002
184234
517899
188705
744820
129236
404867
31077
209552
323839
995341
832105
750996
539684
329501
755870
848000
990350
46442
808291
742594
449127
711208
216055
396034
939010
514578
337951
589334
161958
585574
494863
121626
11786
756970
559420
751740
380066
748139
654720
254663
862080
527625
477651
887558
845419
629108
949610
623845
592761
241769
969299
130904
745041
509378
776158
333376
607809
147506
206211
295944
777421
283582
465853
624069
277605
66612
464308
755317
359519
831237
40259
229251
685139
9004
515294
258847
881924
310555
301540
865827
665199
830852
810865
427507
740389
698289
142801
4557
203354
294936
162662
94616
417266
376450
471264
661638
23757
37911
757423
456347
643162
324694
938439
39322
698656
127973
780778
768809
713070
348672
169741
684533
71991
99695
938726
461565
89941
106640
440413
336678
898020
708302
401734
348494
554888
704336
730318
666561
13217
129616
842120
689310
820672
49084
828904
413640
695092
374514
212162
49221
931918
611106
432561
515176
440253
740992
250107
999861
818098
68736
34483
437520
615925
931857
485632
227323
53979
562459
460664
227337
10296
980553
795660
597481
682636
902500
39649
614993
298209
922303
138461
875242
806976
388967
713554
829804
692827
296321
530254
887721
164862
548179
373495
667318
564425
846787
937096
173402
879008
805978
185656
708283
151038
128553
831693
291733
622286
246629
593673
771540
60804
250350
853488
969232
592334
58315
699981
510609
760511
356277
776570
500817
806815
657019
394792
846692
911365
932317
94167
957527
397184
993291
304091
642712
396765
807665
289345
652378
313797
785393
169358
994558
267220
485036
465468
385708
158145
270613
531295
706543
445558
952208
562791
19609
757165
657215
104025
89094
557779
34831
788269
723013
899233
552128
240568
156318
123189
386457
757151
47207
50379
116447
779684
939317
463348
928208
269797
293871
474320
944037
343957
453858
375316
712885
692686
981916
859140
678702
639989
931806
532662
649261
994444
536141
521724
595320
204997
541860
795918
517456
494588
37870
193215
639555
484076
947463
940034
843976
686753
637179
634478
400358
15091
862742
665530
682790
939025
69600
396143
157405
364700
344075
76789
752037
385031
637239
370657
456693
735395
366738
908540
724496
69457
930713
793305
902749
452608
851840
532144
521426
476830
599647
622243
703450
615758
902237
446843
991738
277066
19339
970835
195941
200725
418444
843966
264537
390840
712210
473661
107022
593697
211694
391392
126231
698066
517582
265556
976233
74514
246199
435617
302853
336785
949134
164347
566554
797681
66976
520693
736360
830127
141497
890760
145852
137622
419057
349999
715432
23678
967334
558703
424890
388509
947431
611816
106278
261959
987642
930033
94226
586054
468928
604938
318984
383504
572855
334761
788859
685787
381167
919226
55619
928801
783030
170342
675901
160172
752096
963410
145068
992514
373023
488051
343890
368923
667769
142726
561439
318627
340833
388925
701583
102705
851094
612589
200074
177161
692861
853584
489575
6802
189696
364927
129922
289714
80591
623309
135828
46221
828155
645011
527663
474912
876274
147719
917253
672165
527038
585653
282336
622891
175421
935854
704147
174424
422465
811170
21698
438379
509381
773102
558286
538249
913492
699867
834988
25624
32456
591167
335886
371356
774482
854854
609804
328878
918671
950684
66790
569070
316629
725725
181528
559063
327501
303524
578507
895348
81470
916889
708823
869596
493641
366310
446603
175664
597223
982296
820457
858708
714176
683715
731410
4038
61231
878481
693849
852471
748428
526515
644797
931950
100885
674813
226686
96658
378398
965337
411730
42734
362473
687931
545130
798499
126864
743810
52989
568267
103285
291651
909491
72572
898449
984796
824458
137357
310064
28976
293818
491435
582330
877027
260307
753115
609966
568332
63538
698393
392652
251958
291434
926018
532704
779662
358013
897979
537632
696524
308517
501459
90976
437027
516982
931145
821833
59579
481334
320408
845735
135450
905203
257422
513216
325791
449704
914851
461470
848017
896545
612710
527895
871480
360177
492004
87294
865859
323292
390350
569733
657511
176446
535671
93165
301023
38486
682757
610331
297553
3767
19864
167680
877876
802339
684739
734271
43394
495918
583268
747326
113762
239973
84894
451274
725579
660975
139419
597201
787316
961021
870603
780197
202899
378079
533867
274997
986015
991369
789951
813102
257683
527478
517342
448612
741164
808645
32363
578425
155230
328905
669144
709505
650907
404773
401294
407064
149640
505028
56135
910749
819525
408520
405419
954065
832652
110094
875906
663283
940562
937973
583897
994756
164211
166999
547817
528169
215233
129617
501745
292215
525770
499219
563226
588152
471561
591143
266909
756388
487187
152778
38783
642568
454646
452246
262470
135435
752487
366625
895646
73491
46290
379315
147074
361577
920184
556507
747581
806461
699312
554586
191422
580272
974285
472497
138840
700799
986554
864658
546101
529079
13320
904011
909730
938873
730721
986740
292216
187331
129649
329562
346853
632080
502113
972866
587393
664012
896996
313311
678528
430446
289804
840384
62942
444573
334067
937489
139044
57822
385626
50754
97359
640319
463744
762172
975844
886558
382333
603431
397495
655235
748600
717367
718661
184882
615579
688260
737986
526833
692989
816464
708098
444810
241661
89210
651920
764054
936708
552164
362666
175848
30078
439586
100913
215137
361461
125140
749755
930451
587418
243715
774033
811618
4921
640278
160551
863775
527743
225745
603019
965842
93740
299838
662272
913527
829405
306853
306650
368857
682425
492050
309545
580712
411335
396387
704496
243375
165722
631667
199527
202005
689748
323372
726313
922427
438319
885628
66883
594507
72917
632921
715608
96142
474903
944718
281549
961630
147574
920609
380748
363596
900885
216399
341823
581200
872562
950313
57232
244295
82216
342798
260458
11387
669719
286593
656931
619395
566208
61598
725485
736165
650436
263676
916308
960593
104109
850843
425576
288508
732961
88901
241726
506139
525144
588484
37261
600205
383740
714340
401196
849729
984532
674687
909877
979315
209853
558136
296451
801419
626420
12459
826579
475126
37014
25333
612266
524747
613376
501139
589643
191636
718294
321464
353809
712581
651684
217470
909892
86895
615554
432400
419313
547297
729790
742825
191738
663058
516567
942967
216797
677956
142269
395666
73337
705697
389242
108778
607251
210060
288760
461988
635678
343155
45846
259447
909191
984043
58345
436013
804779
924318
153590
817345
191214
922061
273209
5986
188386
985838
199672
172485
215197
35847
120527
803270
907529
678860
931788
471872
925429
306194
855859
717125
3409
418926
435446
144535
527312
509080
86132
372755
778845
566251
991561
515630
946414
336788
786218
951679
602163
767079
594352
905462
429280
438140
255314
596024
394848
736899
979906
209625
407921
150489
479134
123544
843067
891061
147722
574567
332183
519191
244116
800753
466468
836546
508330
881058
311219
494159
272645
499342
613876
790930
742079
463141
370337
367171
70432
835570
322192
656496
284471
631687
633062
61484
818555
630364
182288
335557
815257
967600
488720
19332
182965
251273
526715
766445
262885
193941
674984
696269
272241
441631
613976
74601
815711
475703
665029
933048
425761
154829
43253
672852
80811
529005
245428
495091
755452
196510
736929
737179
335379
755517
306648
592091
919962
612883
780561
170082
495084
287927
219376
416401
693418
873718
27550
746218
896
538082
735737
10103
661136
66612
819931
602178
446989
956696
938340
351716
977317
13143
808971
903189
606865
50126
828774
495904
694885
458483
293599
950248
41632
399614
384158
631327
562775
628889
937005
279159
972085
710357
616750
452434
660690
650263
541407
827111
925342
908852
182636
446784
208653
648998
218010
242283
976470
290102
904662
929581
496680
759379
734807
604838
361678
449451
839051
129042
696115
684987
32869
380048
308500
219668
587386
319924
594050
415820
698935
774654
763282
186653
81511
905610
555166
683127
550668
245751
214592
964223
285972
130466
767171
341407
683924
836701
499732
868565
37170
261548
756604
986250
616002
452455
163229
425253
556342
736738
641201
209950
116422
282496
910741
238388
849428
582055
389365
219708
966854
408700
659261
267607
93849
436528
678697
442272
485694
160744
586994
284806
259928
118296
445922
323397
195170
729950
661096
335420
521126
966121
776553
330419
890230
780968
803878
148206
249312
972054
693162
473630
273426
820323
530924
536055
77209
308637
445979
994554
512769
587052
102540
53044
472939
669375
770686
892971
6481
491086
216711
234755
751778
561005
906558
935716
109396
963869
326921
590492
433859
344211
465856
452370
344098
3482
510811
477793
550065
769816
957659
256894
533767
426255
933769
683094
599975
240382
91005
681771
152388
341659
395296
84052
542444
147997
980385
527894
149472
158182
139103
663488
16713
751429
255322
329905
791299
774870
587438
662441
238427
444156
626044
93917
665384
182249
41217
481428
25372
570840
284712
169583
473145
45923
6048
514276
736758
223676
261980
26539
393732
163201
754462
348747
656197
451033
769378
570294
907099
379355
435901
653672
729403
733277
912321
320904
425558
832763
84051
901920
218977
480163
503504
825875
462663
807424
865170
959245
300092
338873
270653
287518
789819
10835
279368
355121
244340
768586
671161
694236
483040
455512
79122
81842
42240
111103
86688
557157
866180
252668
92251
411055
975851
905064
675667
196252
197005
331497
408408
552544
985065
258718
244206
813846
934705
750517
751811
954938
786126
587696
666939
630953
550988
28584
57337
805816
907500
319570
765785
603068
394910
83362
354309
869802
846384
818317
31695
542952
422017
409054
770566
8926
476144
911751
844781
969373
120169
519297
356441
446493
843863
250349
571193
815984
946757
17178
550446
826123
519399
415563
271580
488110
903151
793854
631645
68644
943676
517790
247288
987782
604930
868888
187832
3493
547502
570864
400092
548849
353885
980343
944888
671971
92513
76575
593430
478147
628144
367904
85802
63654
674455
598163
878528
555953
229364
259856
328148
830207
150500
326821
400412
338701
407890
577919
530855
83050
65303
728355
136911
703141
292330
829842
403386
334346
442216
653537
314026
127712
908814
343143
627726
102527
950182
124921
823275
20883
353447
758773
681942
826316
673682
343020
96099
147380
80697
721394
523161
269904
466091
974422
407949
619897
231143
659893
324677
703337
830034
121183
673948
134735
350293
867283
674523
847189
259526
225815
819280
419904
571721
327420
668402
970089
524908
601980
864415
496094
27205
266968
703826
248683
408441
318195
269822
979981
995116
596900
83415
374648
137698
174247
922147
209763
524786
942386
713770
753513
539364
560802
358497
548584
526210
546131
555440
529628
741688
531169
677007
125129
637526
636299
381765
589476
552892
104449
899277
191521
816419
585845
915992
100592
990137
895918
499682
727006
147422
92469
800826
371613
421439
662720
935503
759539
407378
767682
807028
571806
698700
663009
223104
766997
874756
133228
245967
13434
291094
181281
754782
465840
312078
631249
771904
947448
868345
790310
852376
214897
79160
426998
126581
75904
594776
51726
74533
925270
645263
127417
835789
294138
541486
72168
846055
947623
48799
548819
381734
830581
15024
520899
255294
930042
769713
249517
520988
773130
523483
269996
532954
467260
683200
787299
368069
76592
918848
823679
338865
193722
939127
15175
287339
844345
986637
911674
382003
678154
366286
592339
509733
240233
249544
487963
287603
611398
547046
135672
732148
337718
212142
945546
815231
610427
324197
679951
904252
596893
139160
483526
922011
277963
351501
478914
284133
30245
301023
411204
784594
229710
482002
665702
441355
759407
44904
398466
226532
625755
365682
709713
573862
731744
552752
320225
998519
169662
825798
68339
510677
732838
667964
90544
80845
95018
685564
694420
503093
776346
985352
366046
74767
123721
324114
753959
784510
478463
374927
486465
324782
218910
721865
908812
638608
539034
781929
395765
360628
416640
454064
392494
945768
285335
590288
740985
15083
507251
824270
647861
951134
499314
812110
238366
245440
721598
768414
948059
326444
452728
736354
541416
777697
840035
305736
793974
191530
372377
233855
85698
422432
922994
780165
390633
802846
504271
649558
936928
351016
602890
998430
150152
7084
871036
842458
636394
523638
759275
181754
216938
613356
846794
673572
391865
697260
859805
878991
433530
167517
381818
8111
334910
97480
40012
143867
692372
808649
738988
577738
950821
857265
783439
301327
133643
210651
819676
545452
491947
430358
972766
560138
508823
322555
144510
182336
618726
162471
236055
427411
205939
639587
508704
924695
314735
418206
527572
432515
287352
783471
156690
292471
88197
972409
666448
144095
174704
573674
589644
759933
766150
283643
91027
19971
293761
174240
312831
281139
613810
332155
894274
394666
207722
286601
970915
636106
390428
578047
484257
927609
797702
129279
741970
830995
184958
97939
958085
922145
994296
597384
503479
650308
291133
938005
964743
187868
996188
218159
836471
104794
426298
714835
351242
427316
486590
840361
749119
890121
725289
355372
515887
421914
176864
432402
22911
77250
488976
636704
920501
900357
897262
820306
505146
867967
227761
973051
538255
282184
66108
453672
152000
396729
124178
652959
327825
408160
483397
534260
81268
390074
276686
43691
355
477818
53177
886260
78377
353547
139324
909215
685673
398495
520385
265878
499083
946568
408118
738061
214055
396044
496586
351569
333955
269893
487105
353191
510419
856379
210235
567178
403732
253590
53807
635753
177350
200303
767977
69511
535879
483233
558680
611733
343720
188051
202625
424881
744198
945680
577550
727563
421219
233788
679484
882721
764374
12341
256983
973398
599981
70880
575913
712006
416706
324661
374160
978037
262573
393189
892820
356283
563862
297595
394169
709295
781542
247042
750064
239765
439930
82468
479466
22523
247725
765280
385851
406449
286930
378265
916386
261434
667629
698519
696222
657123
9359
735716
838493
235917
477810
674303
538394
615226
484541
213212
460731
707186
732226
240266
237186
813301
37615
973950
474777
182295
848510
424865
280859
714389
347391
673652
298764
167841
370065
249713
32296
845588
594980
487992
732728
794401
337543
466755
244314
194853
329580
272963
227868
847998
133505
17341
615644
510547
334198
689737
52633
660172
112158
828548
105294
797888
1703
21880
936994
624234
668992
85459
419699
34065
826617
167621
210140
642013
456384
245829
422308
381983
612915
821169
502315
691992
302420
231692
46101
133547
328532
104045
582105
913601
68578
583376
265445
489975
965869
424304
924253
108706
145892
644822
665495
502277
371777
125167
53638
893105
394882
80120
84110
423746
321045
509689
579771
915453
444166
998891
840868
961051
11784
958871
136818
521453
174000
549632
733288
771614
757831
304585
168922
923092
99009
337638
426384
457685
850066
360185
22227
830709
335400
853134
842098
520442
881700
519116
938677
768856
896265
925499
383078
464255
15189
119251
406401
359444
649758
640102
239440
612721
753852
950754
628251
583434
240999
556526
186454
24364
620464
647692
527612
57778
889240
670297
909755
289918
465772
233369
480889
339096
382580
729996
881111
302965
875439
995468
895753
899152
484196
100159
489821
395087
111329
802101
896988
836601
147477
254364
709864
843292
632231
221685
994148
811350
336232
88742
425413
826440
813293
769361
728427
806872
77550
616697
317135
928032
710045
20543
402564
577599
96308
342898
556136
582643
172760
751176
551246
772899
56845
390386
12589
423551
726075
974240
25491
443024
733669
264524
245734
965153
921372
836515
557198
15582
101227
856142
644014
27150
901121
955852
971308
671289
21829
323348
332540
8021
13615
34506
786017
421612
831453
409744
782495
77502
178669
620546
786445
424117
205333
675310
512505
429707
539263
767033
333755
712957
423344
223362
360155
634643
497017
8565
312448
61369
560431
202099
256467
741614
683793
597561
688177
783231
151925
394134
519629
230667
453454
69090
651249
612910
581365
809642
948034
954683
895721
997548
446590
638257
855490
407161
546116
546288
171978
450802
897026
158012
870758
600639
660872
136124
894323
280750
876184
484193
238472
967007
948067
250580
860146
57842
418384
929619
242477
684917
791667
776537
697934
753533
448844
688909
473846
466266
746479
737978
412198
728289
101054
671549
545112
135002
360048
738067
722612
679424
695704
759736
623286
995420
446859
686041
328024
307296
376536
425384
777776
621408
51008
299893
30934
31309
296701
650502
652436
344834
737836
29816
482699
556463
811364
236013
557870
526622
386557
229256
110338
820975
854463
141259
869201
681649
246730
480759
458733
950511
200415
291671
321285
463870
653567
362582
500353
20694
683494
900422
280444
828402
857594
221696
611250
921871
523216
234917
607919
104082
247490
241447
170392
737969
222029
679099
238447
674626
466221
406879
580259
36372
690103
100948
772835
606506
941582
532702
492141
628275
796686
997434
437116
95456
761837
394254
490296
147248
967573
24845
862272
807
142254
214759
12599
73754
131164
556849
39179
78371
688952
431400
466753
116202
427327
576121
15358
526423
797634
237315
906710
960635
213570
148731
778864
571978
599647
78876
190261
991363
660395
639904
56246
548601
487831
113142
793250
882317
162556
78852
96256
956894
616808
914666
559199
385937
761547
375029
150093
741145
343806
943079
263470
704494
105610
335326
928316
868875
270886
978285
136383
75106
373107
757691
626311
480934
126317
87472
155379
192014
870910
92691
269041
483327
599813
827063
264794
275936
734345
214869
321078
463037
979477
122976
575461
121621
210376
771893
766399
49751
270722
377619
961
973334
524020
825458
29435
779101
609006
101874
712085
678044
398897
411936
272825
561797
675727
840181
597124
703862
946746
898442
810217
371211
56161
170870
456828
994059
84832
890404
102283
117351
314951
895192
555235
234403
806006
998447
423294
236269
838098
783690
950972
378085
580032
762278
720990
797778
439748
83020
547596
606008
451473
177433
22805
245433
355242
12749
45201
746131
393364
27679
555498
743491
931105
360430
276953
35653
659940
841893
820881
478031
192832
387855
642241
937465
620124
617433
418655
868113
482365
286386
929845
303003
768406
744535
791028
69194
792604
884295
51169
799940
988408
191861
440635
989259
345664
847009
738162
565825
232644
597864
903604
718888
312184
549368
126505
134121
68948
115403
409432
296715
672220
234930
301472
458069
110342
728187
421833
319192
439966
547733
224909
346488
741004
533265
415638
757787
110094
938739
644502
889519
363825
681611
840439
477226
766085
771838
411850
532671
667283
569319
119050
961038
742149
613769
821233
331211
881331
484373
624129
834105
752605
345326
593824
386970
475809
862328
391889
548906
421510
194614
352233
143206
135595
694694
71973
432224
19726
810240
61790
515244
905617
74643
453552
753283
673742
764935
639160
843381
419933
966169
791785
15981
537498
541756
225257
677356
955367
435111
902508
813362
485653
789631
770518
661761
146905
330894
19665
637314
977581
4945
139775
918381
40290
448382
188128
775689
414041
345332
31398
160944
788123
669351
766637
682393
750659
869874
491842
127753
669219
743585
182204
328110
764331
977652
171190
479584
634516
736202
366423
894426
853640
122062
415261
248171
619262
309832
511278
472683
199561
407510
858316
717058
113387
497466
326288
152172
28077
163411
137253
725170
581380
602825
619085
815964
702584
594414
97478
988341
683917
485629
84585
499165
512377
220129
968963
829740
400307
190553
475425
636023
108220
748249
75280
268365
326766
526040
707831
424341
767971
833080
911363
306669
739549
269480
596436
39608
910359
109358
508599
97533
291465
865267
77300
47295
497206
175635
543962
719531
104615
640777
142905
557127
475390
588073
494144
590623
476892
364019
282480
747272
443839
766592
533135
643426
974112
43516
363757
450844
87128
359045
188788
131843
428095
874979
848981
296374
930531
194839
979251
567902
235036
969455
109529
332191
624473
72453
292513
148650
933453
930250
252305
200455
366055
342581
68348
566927
620123
240217
243557
990185
902145
371251
473181
391317
264907
759853
610116
307472
59726
310964
611211
727263
122511
144652
12105
733940
662504
673504
143562
835542
417007
917825
40359
170974
389658
995542
614770
90623
921393
448669
755029
395029
55067
377858
822273
978823
604263
507906
538949
96657
732577
508924
533915
758650
962635
807172
566366
569374
21075
651596
756118
138301
850467
827917
754604
329869
182590
830155
835059
413666
529762
15836
739011
552573
64238
638337
382603
253271
123920
631364
881218
458416
123044
386345
822946
33593
776238
897740
861343
604920
604321
914767
360850
664687
34065
921070
597457
829889
591817
691034
472711
516608
53146
915827
284613
154287
930178
943741
497234
525263
797404
680388
891830
232543
67143
81343
492726
155792
770558
261433
202268
126342
709820
401798
968115
711451
304851
956586
77598
811547
291922
547679
191049
479868
625717
89765
812330
918528
434827
930055
770391
134426
810998
152995
420526
137646
298886
582139
29551
406596
822520
886963
278484
650707
523110
849835
37755
600128
540674
83660
857888
531232
687859
268198
145703
487128
455970
175446
186210
834655
753434
761916
526880
414175
242788
986288
558037
782380
734541
488691
556449
654871
973310
788579
83805
974158
879071
613586
377037
816094
557991
624630
449935
530562
596968
207126
432633
194961
79385
11319
132938
876488
613697
320416
115663
890400
175244
368395
541669
998087
802298
35285
994340
871898
466675
337627
669640
442948
394345
882323
471279
721211
139913
996305
676832
952078
936083
612922
325214
397080
394856
24574
764777
171662
595697
404947
620565
311260
927746
889426
692144
618042
736635
935610
592807
836110
653789
739145
437236
416732
224040
107986
676733
128688
301492
561569
589878
336549
80179
602886
396373
858256
886025
127643
776526
128985
795974
451354
856224
672299
378148
942493
959330
664931
321152
399610
786492
607071
554028
686552
656566
948572
320415
575436
168268
835864
600789
944648
685510
847639
549798
5037
591827
264173
804650
966512
604672
94199
658643
900807
697328
959812
703769
817007
602124
154287
752628
826229
620513
907156
717894
374681
569957
784459
265841
107642
988008
201514
244683
612441
943270
636566
82933
844164
28506
136580
242049
781947
603136
752938
606366
614414
500321
226895
416692
669879
342505
837937
104065
286421
912334
630761
304270
28020
136948
60335
562346
438632
645776
384830
50440
272959
362736
364945
154793
481669
197667
905290
57582
729889
76236
164544
572970
918931
382496
508269
972027
785172
137079
33268
339917
624926
280550
151649
380376
258063
380683
814218
22840
517709
901277
594794
383090
567660
457655
87197
749377
760506
542848
844033
704528
952663
907870
525200
562236
744771
282605
352003
743032
831036
587293
119652
976317
153534
140155
505344
858873
746929
504740
107633
965952
515149
163250
618376
874148
811957
160714
473285
709899
315970
82321
601943
260178
199921
141698
819319
724206
525450
521829
554859
950179
90156
685948
367888
409625
883531
801860
591618
92295
902282
576197
970880
26008
160016
139695
459207
5730
202060
275408
7568
378205
48080
569910
408006
296061
715496
486150
275769
196544
203758
626752
231746
351674
304757
145374
754002
643516
332971
765127
326034
802549
377694
317382
708593
863978
603957
718732
836902
506352
380893
17389
714621
283083
182686
608822
588328
783246
62075
781098
891796
994368
295567
272743
401556
239632
978665
88002
850552
337363
634091
453108
709242
298829
975
643555
228792
811934
561772
827369
363015
143271
92435
926663
387110
920746
365004
782342
261978
247988
140046
305940
40651
581748
329283
371730
204660
608486
587400
41023
572729
110805
646415
602188
855991
927104
192776
57281
78349
770303
15309
767952
181190
33699
151299
900135
462623
795175
277879
680748
756488
309599
741794
600333
156072
766155
891804
37972
29872
149574
155858
29159
125883
383275
903084
555673
166642
760495
393415
886123
908640
227367
807138
442740
64656
222785
485962
368965
801161
283542
8342
892363
23461
540090
747159
33172
608577
105643
294420
284657
431827
931114
747724
138624
274465
738468
410409
890376
661932
578567
38524
212433
795336
374590
436498
253988
728075
663086
333830
169769
741718
701298
842339
882890
466983
680784
796743
673521
366721
19593
663197
368681
366411
505478
390859
547106
97517
134548
791553
53542
260802
700040
965550
335612
830680
111606
252469
385625
300333
825052
449652
832153
710636
231330
387154
198208
55145
921980
658709
646104
217027
284885
95275
582165
5680
767684
11767
978475
308386
250319
108322
826590
396159
102178
550102
957067
976752
582329
417016
483693
21991
199459
907236
457001
952565
444636
985468
775612
240224
560164
931690
16936
254286
366419
845628
998058
37598
69084
313192
487233
417490
904439
852452
521597
903978
72861
247383
667083
105522
767035
550985
46472
533409
873515
607532
708269
44998
557377
418897
246174
251476
480700
81548
913337
649976
55984
475621
498878
923906
619673
405601
537987
53947
953000
624499
349314
857947
364808
722727
142838
276290
837974
974456
314754
462022
275648
917239
537711
13424
351207
633249
916914
924850
177359
117941
994798
199091
879761
53985
237130
406289
345139
73272
904718
955604
153940
413824
407668
615360
726121
585624
504338
488222
492177
648561
711848
647870
176054
450426
59105
141487
632275
810429
328039
318425
87498
364818
566588
652284
122216
673044
351538
911043
134297
63157
847869
480349
730846
990578
506766
998385
56311
235689
768241
470515
784667
101649
132733
385079
160645
505518
223899
137586
634686
795986
239039
927007
827435
53735
967886
199132
323442
405554
286815
854569
942524
243397
105341
918508
691660
886541
15309
756245
250966
376401
834199
761032
245224
404890
216904
223203
673925
41607
748249
747351
839144
106599
569653
895281
266676
994627
600919
708718
470224
374701
517510
695679
562970
434687
359797
36703
223657
57495
676901
17614
182996
138708
176618
325780
331066
371568
807662
48379
246026
223054
824081
742079
920893
13877
953380
38664
836368
818282
773573
30722
83892
886258
666923
716170
925855
834284
780265
634860
184825
989979
26363
968791
398435
140040
865484
733200
518308
119515
652641
538634
229664
737910
902266
176172
221443
401127
732733
826041
163535
895370
712895
468893
52906
734807
813832
647936
846231
129755
37436
167218
32385
469665
343984
573520
426106
833268
787165
650096
602072
761794
426611
477875
458416
76788
414535
348272
522854
342516
437801
467472
948461
30553
613070
125459
490292
151644
574301
61281
347130
348742
753813
435570
387260
676818
222745
74400
436243
494166
126792
487844
242949
670039
451267
66470
934750
811984
587937
29224
218897
762031
176216
503781
817025
813179
61195
516899
299831
232301
154307
566650
358488
704071
133211
543836
103602
57535
172373
920585
770182
875610
166440
368793
579101
555719
398662
769885
473408
980991
288452
986608
416857
435171
154954
795771
654101
847670
996214
907860
162381
468650
843475
612433
668598
978803
425645
558879
340377
447057
443827
638025
923046
614922
844284
828909
851675
699420
243870
434255
955416
129661
46540
803833
991200
736436
62435
46634
321132
902667
942496
616336
718548
627371
495632
429108
691487
889278
763189
641186
419983
397244
827807
119265
720856
483858
268827
263019
599374
137023
259234
809999
402963
915111
817459
95329
361129
463421
918124
95706
156617
883055
282511
19250
572258
861287
948071
596965
132969
285171
552272
787986
824257
184635
362053
848183
623236
788086
331304
622352
130825
121120
48280
105601
958200
905107
229118
744621
183261
792556
418091
396330
369059
559275
559210
152149
791793
415810
381776
403090
222272
997535
594462
358097
797344
270866
514344
16392
515773
582003
436080
513285
199121
299065
748418
428826
667562
671498
443709
914747
643291
707200
871278
337393
317608
671091
719425
526461
24130
397659
966467
370247
651901
13558
919027
716284
558361
784455
748674
123167
856893
71090
563579
276212
635610
796132
684266
136862
404916
845172
190531
499732
110093
944185
614349
314840
56610
116263
902198
388225
687335
303074
610405
295364
344895
804320
497901
982414
117969
315240
825365
351287
906019
770594
417440
142401
99867
31182
824300
698212
372811
760355
425231
119329
939167
468389
668454
53704
787093
59967
23559
819600
242754
439090
955490
320894
917006
642037
647601
61910
355249
715049
851976
852768
658570
759152
292998
601368
447605
404700
810071
973438
868975
26780
278181
931590
606031
45070
890833
840589
176682
877815
847628
856967
790009
640733
929569
179493
449559
452977
40236
90743
516659
470498
362844
141707
414380
412098
30913
639616
862536
467957
871180
656868
710369
683241
313412
744176
87402
556089
965109
697155
99780
614774
673456
558837
91256
931860
721932
771226
682663
117519
982395
774515
297641
460076
112161
570755
74569
563010
650968
506593
762960
789436
128402
31185
280252
751042
554600
327231
481053
750858
463106
6546
766458
530723
498518
451672
399148
862361
291638
770672
885880
342147
7684
532205
279443
935426
551705
858577
543315
845960
469245
123967
666867
199639
278712
933415
704635
398724
601622
664338
820799
509335
234894
55039
611638
308861
129157
648098
729666
297620
124406
99350
606453
422312
17742
417305
857766
908700
670029
999709
871505
410449
818429
618342
407957
682694
143862
338947
739145
46591
744157
986138
932229
492615
378655
676413
866543
290464
272418
227154
858246
300133
175438
299168
263120
896994
821221
389389
889059
354242
798765
287726
950666
307258
764638
10969
871052
178976
20773
585415
113035
250123
458968
807702
561503
108473
843092
557051
761807
414879
137588
487149
164744
81629
569165
564851
722330
27683
793052
320877
366269
138231
796084
645483
163477
844053
469180
122310
304479
36254
605659
134102
501648
139965
832403
230703
947583
858619
463821
217222
486469
710778
847328
201008
807162
700945
531598
956375
256934
808359
790009
877035
21208
228162
876799
506791
331370
899554
681916
714603
169176
409579
481681
126440
93934
698458
347752
790829
7944
796906
498399
211044
496498
591086
589341
939316
833134
871930
415419
970418
491521
840939
267283
216017
907627
650197
97175
825729
420432
994817
241422
206386
971064
902793
562914
715387
5325
447323
207048
228767
258563
296577
204069
315865
983428
294811
269754
711836
948255
645866
692710
95539
483752
359223
732767
110493
185289
46302
832422
314821
435038
436318
862348
474779
662179
766676
161416
484101
218034
812424
896762
873703
7247
616177
816452
914284
404403
463123
379118
112721
945805
969735
760442
215622
147903
197423
490789
819100
853105
599497
444844
842334
49458
432737
844186
615943
690381
269861
545385
51749
411347
742120
584402
871624
176814
907557
786797
582376
152310
804364
766596
261059
757796
640762
738808
729298
853889
275401
698705
364684
892935
957518
346771
646437
383623
46674
889011
785138
316605
900785
378404
347007
337188
159394
284684
639665
436938
823496
986861
509743
644127
334301
992773
676437
285713
323206
368107
320563
835501
61819
272655
322513
383168
940948
125218
238311
581359
808504
749436
255554
702386
269543
812438
7523
21532
106821
766821
754719
303394
847410
325582
528906
719033
76573
390556
969417
618187
186249
181010
87064
695054
707838
994691
493922
202349
178661
887120
592605
626207
343540
977732
450078
310220
968491
657102
453313
434432
893359
52531
154523
544936
842427
47107
604438
20454
320745
310347
468094
864602
736867
176044
112558
290348
196983
52937
848888
108062
336960
106761
838383
570329
54319
252340
103085
926626
182891
793873
192629
340957
573838
748712
903044
342427
546135
356704
943212
767868
529585
996329
827676
653070
739575
468650
567179
24094
444046
877990
488804
869963
582984
93200
364029
692557
992191
940243
151145
864927
64778
30327
985503
699671
831629
630773
505459
59391
73795
345180
572305
785807
79428
769854
842419
727851
452570
473534
603226
999033
434048
153450
201725
621933
373693
919304
450684
563334
474515
64898
238466
412101
221274
79010
206209
590668
558162
250505
524626
638526
935108
181669
551863
832361
170939
490622
232584
352352
267182
72978
566399
200305
275426
431481
314502
479975
196757
417592
787381
221552
952327
374895
721094
456457
621082
154993
326328
741887
342401
829153
452010
203929
240327
243244
884061
34170
215938
803507
208349
874970
557379
120440
735957
91931
235087
601935
670037
599775
463003
397184
722748
248868
353439
136027
530154
540451
561663
79769
680992
482392
526066
425468
452067
737494
610649
919669
278136
492228
833612
728486
299273
616283
32872
625814
825461
687851
92242
718771
939781
608683
436556
582527
804856
635997
505945
796161
255551
508119
643858
891411
539278
875031
674146
583123
139116
658971
851714
225232
678413
512718
22622
483734
979257
17755
539998
808325
46965
601594
92940
92011
749319
417299
723594
92334
390144
997524
807128
813898
786219
419306
463254
717308
900168
892118
41659
336384
510825
562019
509234
48427
763986
975982
538440
541543
430491
355636
147261
845620
828871
233788
596917
195253
389886
735536
204174
764471
77173
230013
547852
318383
437131
31620
405002
767678
169389
427828
896608
235719
377996
994355
909183
406160
603309
454551
765212
270127
594055
154321
258825
588361
2115
14727
300550
647736
412351
878807
882859
516230
500836
317760
257181
983559
685854
519410
984440
449445
189748
196081
366210
597357
485632
347826
817
228000
175379
141589
783731
197690
814056
203938
10211
593994
601543
443019
616956
87635
767976
830719
448373
128716
878180
96958
660878
109593
577369
703123
709215
492225
918952
742633
414675
27046
506966
79134
33672
400652
545843
486039
4716
467588
317265
473582
921817
597947
198186
414440
76409
315107
501752
308304
755274
734107
169994
750943
589963
17716
473715
493806
918891
497363
537172
826773
370107
526072
484192
583634
347538
750000
675903
793491
393579
852649
664257
475433
941512
754767
115488
571200
545260
893247
974434
907378
439110
336031
435080
50296
729061
555481
16985
937104
219389
874328
530619
989484
487009
999007
531119
159018
169504
673708
459089
847352
535725
587924
636286
95245
968694
231519
680742
586648
997645
260827
595162
546286
442457
364838
903105
80028
794469
882616
80172
480446
460297
254805
352644
327217
383978
835906
768805
564106
267077
572249
847496
480562
68029
279541
479116
560031
885798
702448
489076
718169
930058
906367
56101
840864
853446
334497
216439
976594
940759
216802
210580
132664
125239
187884
708602
706789
941437
214211
739128
141176
270109
283403
594265
662615
479163
399799
283261
190962
260619
650603
689371
483288
369547
314520
712422
542923
887730
794708
131980
676097
314551
513212
750329
65254
411916
416286
722610
56597
380199
506533
911324
178247
866070
620776
275026
286379
190161
427852
949485
257384
382236
840304
198922
459788
818842
518420
919646
501939
993979
325419
510328
572349
163590
409507
749472
887250
745392
322954
841054
626459
672414
212489
113228
492378
645597
611083
884678
696659
774255
185005
993167
103277
910282
946942
376928
381057
40605
594923
20309
195211
390403
414463
593709
759189
854915
103146
220714
148328
886230
983774
118216
933597
163916
813717
703125
142285
245007
29790
540828
903745
908050
665413
124556
161926
10266
426120
395136
39613
881443
286468
429518
223505
885918
885858
470849
52814
466694
478229
124015
168324
921719
84952
435400
316476
295643
579970
842886
414846
436443
734777
578122
65501
595363
480183
143707
468878
737768
369479
791116
163687
309292
445060
258404
488966
51117
100215
886378
349566
391107
863991
721308
994493
580467
352544
738220
211913
302613
732013
793782
156437
340507
268141
898925
887310
813714
974
939763
538584
909981
379532
257473
839109
447461
415259
983529
846846
417581
539411
623295
923425
185809
634314
105075
496058
125876
952872
50479
915561
700346
757782
585658
109270
760977
284037
452605
992215
990874
537004
532183
781221
388270
166676
78328
932656
119175
668757
252400
994551
854013
303311
308964
624992
623399
747215
256409
968998
197845
674406
414156
344091
870084
566469
745383
20086
119215
999206
897075
875495
223347
255275
894131
217967
230766
248870
653603
133599
504609
819507
315836
287099
115367
586488
787018
706318
228915
53953
122068
262901
709372
389511
540483
132874
232249
496100
820254
466464
377724
345264
755185
729019
738506
200823
986945
667790
453053
913905
504503
437774
95261
805672
930184
113340
314458
480908
476871
125636
47644
969050
382252
215363
596546
318622
972200
204235
433224
595254
850801
254927
703265
370410
812894
574667
953744
908751
677353
864978
45431
907946
77850
186329
400554
927858
954018
450605
32901
872107
770025
881356
960879
42128
693426
515036
509129
881625
719894
119111
73803
278940
216854
257362
982803
393427
669939
580747
868521
149814
265101
777482
18966
18346
888212
952895
863161
193203
911844
958094
72137
502304
108531
886653
113414
916009
247038
809622
878158
747096
9681
937029
556638
346802
288218
790087
869001
280577
282001
407400
477078
320841
681545
678729
164062
279308
534589
650216
621979
551960
859904
248056
327304
951894
509784
520517
865576
108967
976290
388957
668583
3972
290794
468803
651198
195963
628301
383762
334295
892238
236223
331355
232351
879007
902189
635492
712182
610485
920822
537449
684915
442870
222385
978762
599821
260621
973392
80769
559724
876262
861984
817130
783187
24571
587056
917461
2405
228649
921783
205905
927729
208813
515308
531682
422858
680964
965252
845406
92093
23085
44692
261473
993092
433524
320643
441623
46734
446574
881057
400545
668181
151983
231280
972391
709458
828396
926962
371731
750031
820145
603884
40750
801961
308220
232064
184538
953537
35767
896681
995795
577870
261078
9671
249029
426398
10777
202892
380776
589517
418183
900482
649684
454461
784865
583319
49684
500034
801670
244001
244134
177537
190522
668552
225878
560196
43011
431410
694286
744800
134527
263182
608242
250061
40481
37749
723572
688346
246448
850650
16651
582726
247433
503113
642320
106292
689391
783513
819024
551551
588815
133106
845415
464773
168388
455656
66878
127640
814184
407040
731827
732275
843350
618968
743463
613490
815633
955431
444343
414887
230783
349770
990790
147175
21966
416922
721295
712629
520135
800559
665061
804334
399526
564234
453527
543812
489454
110182
456350
770153
854720
965278
58144
337178
456715
63889
748402
841044
709312
155925
142660
647385
601568
646874
924342
715494
475453
659203
745737
51140
433193
860416
144599
452226
763136
752337
498907
167255
93170
435433
85130
934048
248241
122974
550095
568845
985138
444757
357021
355280
688812
209487
275553
134637
325121
860588
595394
830626
995796
259989
161728
577370
157052
975961
178807
290674
500107
614917
555056
744885
525235
816311
219228
349107
764470
865302
844280
422339
573783
81399
726501
350534
492194
962738
761207
558633
294448
356748
679472
266000
343133
23136
109725
473145
322678
664664
933787
744254
159436
736099
110879
216348
245281
936244
269068
501590
613189
937098
875266
223868
919755
280130
452783
655857
870354
569327
807367
690904
73183
850923
89622
41790
377295
133325
379281
5854
956355
794734
92639
534650
607349
480840
941705
766492
355009
669940
385959
65346
607293
131434
318696
466308
341230
992996
522613
449446
536579
127980
832300
145405
632315
696280
638568
354997
746556
751946
737934
659545
429411
796527
707592
344461
703100
695742
39889
70487
967459
730182
375668
210642
916318
530391
885034
709090
818912
1696
49545
81454
155274
638099
828169
539888
484687
451041
318183
152519
314002
32886
870313
883759
757284
946268
283112
17035
843807
904810
741630
758486
854255
626003
916625
604800
80936
747186
460376
960257
473132
313022
809091
823908
44934
683359
439286
543206
586603
418969
436254
919387
401422
929947
985031
193900
109476
520499
831486
220460
813289
821052
765166
518486
137918
766300
55870
176550
415083
538931
833457
804472
547923
363543
587846
964600
999019
428184
840351
999591
728633
774804
212215
497253
565781
614276
585249
575203
294706
383042
480216
579861
887824
280479
445549
423240
886084
611438
40609
554459
126951
297161
50329
203244
748877
776415
439007
549966
1180
136155
512945
374877
86316
364780
80127
744964
738817
367177
114307
550511
942323
507589
40460
855996
92271
909120
832407
302551
361469
172510
508013
892506
624243
600418
43594
146007
296412
338022
789106
661845
832440
645078
41859
133841
15758
708548
488550
294286
422822
337593
6716
767555
328477
240964
323238
962734
6130
684790
482829
670325
660556
906315
97187
809923
14959
900567
131027
4095
894814
947008
747447
830464
145640
795981
33596
284804
725195
524355
350459
864220
956241
986622
330339
158386
880695
751892
797462
357764
614264
133461
220854
249233
843511
485226
304135
764373
589252
365258
435432
474682
735255
357039
133486
97671
186096
317057
319849
838287
826910
593131
223625
870508
811365
526991
971841
982444
553668
496927
79875
339959
16616
721911
293993
379881
431164
366973
606596
777001
816546
429611
503976
670573
194533
977181
81138
247590
188662
644078
321023
572912
431889
959222
518393
979656
886872
734205
606671
973244
13003
691404
749890
855631
220376
815236
343409
369186
612699
39800
751059
204272
280957
682474
941647
621540
782579
979931
8872
906445
741342
865064
730690
426188
828263
538841
189127
828622
742758
692410
775805
451769
38685
390700
306501
827049
764466
831486
850650
359807
598403
72766
753735
690513
642032
713986
728578
346332
813662
926182
405353
838711
854962
558417
563001
337497
291860
179020
47519
173956
647298
830324
207824
266791
457859
422313
857924
593984
536443
524666
454326
52477
539050
840849
954844
502449
316062
93939
994001
180498
436319
734965
279334
760587
475810
709997
457034
874190
137044
281136
675006
241481
217923
553861
753337
67482
110112
460468
878993
670070
374737
971874
329261
451867
182977
149166
385598
41843
872923
534643
835385
492534
498689
440042
340813
692284
994672
112536
419794
137374
821456
975043
535715
595381
951676
805277
876980
807735
537280
262128
984309
635750
440522
677985
499439
560636
494396
729453
677563
683074
11225
142763
992704
468040
625614
964229
361348
247197
149016
403007
203251
68954
868145
783136
673443
449292
118484
63576
873340
645418
397199
779360
147844
770700
466475
355089
630690
760126
935195
826335
271723
263825
897239
943060
321928
826376
765231
464012
35396
542646
928292
862520
101315
684049
358209
173936
809304
845078
775771
577363
248552
130531
952561
98679
795414
370601
322271
91468
868054
381913
5590
236971
356100
154481
589145
142506
621139
849578
211791
425576
699825
756991
516787
858042
446724
578201
869788
824584
471377
236859
3120
892476
89989
877911
855248
545685
466372
324335
650266
557542
274644
355368
749893
721180
852083
333575
75537
605054
805524
761418
959716
961763
231918
90168
173215
961542
941877
461515
461142
155306
739270
885047
833849
674011
732224
651601
747144
545458
949329
643909
570440
832802
22386
864
629616
502395
936130
813083
323719
739286
475091
317002
747040
713375
394500
243637
51994
27751
760980
523523
187412
962260
63445
757534
370760
485161
629638
599259
331239
718852
205819
358517
130369
320317
14611
85074
740373
248099
710880
156741
235786
172029
740054
473966
884570
949184
882804
15999
167380
227690
536841
143323
974251
545293
683129
609579
844792
975193
158798
116607
542034
34778
757080
375534
319318
18712
842366
892345
942871
679441
747840
677345
938546
361190
231297
235070
351137
614138
808017
246097
346637
703586
697895
224078
386398
960192
650768
270525
852646
804272
786677
474249
892957
233742
78964
537942
264717
142768
712791
705174
88527
761502
373451
670866
630802
245668
469176
945008
923320
29066
62281
256955
233574
156053
909819
930163
473451
317304
140865
912926
815379
59302
109001
249267
280744
612790
466731
70527
19379
233373
325230
997885
394104
904978
324492
294350
348517
268979
751042
66700
974930
925453
514436
68867
355459
494375
315574
941861
691906
552765
142024
986707
149572
144472
687982
726414
409534
248074
76518
124043
958075
171686
284860
773101
711783
717524
207957
438511
965423
791348
837407
915724
501159
736016
317335
121384
530791
318198
939152
409575
126964
210480
497058
563980
378978
638623
981819
348211
555231
81279
839904
621390
809052
164378
123074
755417
10519
472600
8689
782148
949334
134397
20889
300202
897268
249401
958534
29872
950017
524707
939195
71431
24668
583154
82650
607898
928171
874884
195012
986821
961287
381241
99697
770592
672860
387887
172486
403109
447635
380214
415751
922044
207162
775706
530219
668951
904892
867986
696328
241107
720877
181761
254364
39509
948303
430744
429558
549136
535728
978822
906495
922282
410976
415946
147449
548596
199591
476228
912350
621142
294745
341013
692744
306182
712577
182505
694204
83070
556504
747653
492827
562327
22909
553332
700255
712848
143958
554808
457276
204678
714897
821583
606046
653459
229918
270160
677458
258191
718573
718106
440176
346414
110775
558017
895886
833122
279431
652914
663810
137827
724945
616202
277379
338127
238401
623123
809057
152601
740869
966985
419706
69435
339365
702687
503249
251988
837041
679637
508674
918623
724867
234614
532895
185309
477680
400082
590056
278139
637839
292894
480728
82948
446260
836118
322921
474346
623770
389734
25172
922951
930530
23070
30295
337681
642003
62336
241771
791412
43237
860886
519235
518850
226501
708247
281328
482116
614291
557294
331823
537019
220157
391343
21771
666158
412399
8388
553170
365509
112876
633004
93414
415937
952811
978589
765896
806786
88968
151815
447393
176274
54535
671105
219510
562741
865653
195312
898379
160103
343699
805109
787080
811256
441702
330907
447339
745970
300187
522025
997052
520869
576382
933960
197426
880141
633194
187063
675642
858239
932086
366841
104727
681980
609055
357779
797451
92223
10155
759280
24165
1362
986240
821804
82389
784215
771111
479816
355921
625245
24971
395268
598015
455232
876143
41464
720217
637911
871403
551206
227598
400932
811935
367270
172560
455939
734745
745692
382726
952279
1563
979436
713050
971497
270365
788477
28705
514102
954366
589835
713644
595554
436888
862459
146122
865547
473951
10994
4340
379060
623830
908379
880372
426091
807702
102160
441393
271869
733034
898755
490371
147109
605028
827913
301965
101852
166105
187525
908878
948461
601825
832852
795583
882396
95485
586635
457553
641210
766221
133140
518643
757329
907157
376895
526572
409256
177960
915989
667172
729921
804305
467406
914727
901438
829458
461874
855339
809494
904277
83723
907464
818535
180146
54026
168616
553830
25331
647625
6754
570443
567844
738551
642221
583906
20215
729490
447767
927672
784405
487808
83518
578334
18516
169816
470288
473709
279339
195902
302164
281123
667284
604873
187958
939953
991764
131630
993760
509100
965813
989777
370013
393732
893574
504792
838727
379783
291771
379842
835647
796611
811768
224534
182774
607737
322472
820116
305870
65927
765200
203697
916226
402553
310555
868696
851067
101611
848255
186517
716099
58917
957595
27720
915310
760802
926965
236460
853500
524485
248442
590252
514131
212836
992739
235797
920663
569733
740734
914476
405121
965681
410521
230845
734769
355444
334274
472315
86278
964163
241185
767915
956033
920763
100345
605930
381175
675079
866993
382990
68458
465771
533274
739448
397648
55454
264255
67129
673230
235244
176676
648769
562396
716595
493017
836300
245450
514531
699629
145239
88446
26190
212632
516331
571743
296562
372513
508874
122847
664887
601966
478841
168485
118223
688051
826984
810747
835273
312723
161799
948511
92894
707234
824687
975918
183833
802806
560113
458252
730894
611060
837024
351299
560461
276445
312183
253402
436232
279692
605617
800582
383371
131870
552861
830387
921595
426164
637723
997471
330584
707993
468157
393746
143443
216725
507525
557679
450412
348735
142403
518259
945510
155764
94917
103338
831727
555393
226994
701053
431476
138573
813738
255689
639483
68802
132406
211276
217216
526900
867650
154248
929619
903993
917432
374485
883860
352138
368586
879805
679417
406858
189952
594975
175219
21125
605260
694729
511189
220833
977683
166704
781835
531312
377896
310116
411622
651302
928125
582775
742037
768139
23406
845087
547831
702604
753089
559939
709742
869505
345426
189863
472740
457940
879081
951846
430313
636518
536112
90038
981832
359129
19681
417412
475367
59294
555284
598178
663532
442086
414041
128269
835247
616805
216098
856341
328413
501944
383577
820960
919234
581148
523875
357916
920583
412191
74354
464628
561453
731293
894624
175478
772870
164227
876191
79869
685254
815217
389825
470854
276760
708522
992672
361360
269889
274871
992191
957830
416732
897547
863361
413845
219026
331812
91452
43848
680572
12691
370804
227798
480043
885124
98383
348867
55471
222024
648847
801729
414839
455374
922216
615252
57650
694556
580817
390458
490247
689727
312503
764315
279974
876095
513502
808458
799554
3459
81257
153023
355080
798935
283020
942802
884368
791681
850297
569563
607180
64810
670386
111601
394211
386183
969890
831897
488696
861646
522537
377417
414964
371476
911282
477481
781695
262610
250301
111664
117024
534986
668655
2763
944086
135971
458545
981728
868942
758848
731161
841064
712577
880280
297420
10107
105716
153493
467492
462049
31328
845992
793185
394854
515327
254167
558542
369628
542343
423351
165078
893080
906637
103989
907694
862267
36238
946022
869999
700742
846650
791260
653895
776118
83428
804581
373776
333238
322814
532665
337567
604551
620811
955676
940539
632667
505803
76206
196401
80628
475881
807920
944163
23506
435128
713999
77220
495131
608240
159842
701902
416179
752950
891405
393565
531622
472120
503146
327407
190057
467722
122373
485956
478099
10716
453835
713628
343056
148189
710154
89373
483882
14138
342628
562725
58992
756925
346725
511750
469189
781227
937124
724321
680725
935886
936699
618409
534489
306745
733711
139602
691881
54745
56529
363737
183016
214682
251481
832422
467224
943694
261520
340658
18572
403256
652140
81576
734434
670539
812303
61256
664759
515447
612493
980511
271116
541629
407091
881496
919966
375425
427945
113698
181954
988929
980023
947815
15319
604792
363015
79553
373079
431013
421876
203599
735485
396878
560957
539875
385004
893693
376313
757629
491951
450631
430823
351001
208045
822792
758667
88378
382514
448687
97706
8217
865686
939567
872830
7603
706371
159127
977775
637721
863893
319099
260111
823693
604830
209216
291975
706189
930359
872466
828317
868613
667074
107249
839955
354721
557930
210541
626625
697073
204892
990325
738882
674494
384915
219374
114259
390135
439855
852544
570590
183555
289174
439185
84564
726418
193307
860350
144159
810034
807637
437463
956870
630857
81154
768416
393654
25371
3687
139403
264209
767127
40746
662815
570242
968444
986326
987620
406133
269907
120177
475679
862815
343891
625558
855334
916951
324562
75471
668451
241655
393079
174297
829483
621110
225091
836800
934923
963887
270381
424928
448831
856051
815931
71219
304601
798705
436632
776757
169551
208768
145697
850904
420187
672851
576131
694161
294851
643452
157970
886539
888177
689468
930115
977978
469829
202247
324058
508867
90079
355829
549075
505293
793783
471412
893302
397471
528517
163030
375997
494748
474527
434402
80540
908706
863498
832875
304148
382001
420830
762822
437930
853873
525963
242375
413512
478535
201416
988080
357400
592674
772863
401645
559416
222704
1724
790361
259790
790086
373213
922325
932421
253399
161229
351485
497665
983414
5289
745042
706093
581708
746852
742520
78005
791250
468372
417522
400054
823700
916291
646655
368048
548539
183559
515062
972359
840781
877178
629892
524801
537383
590615
551945
264179
14317
907489
829089
840146
278900
200618
953506
82370
693099
969785
295569
602596
469977
286408
445261
498301
162367
86718
973947
292932
239283
760165
269359
937323
995798
101974
937634
425758
204073
59308
109833
395566
624121
834440
606479
187977
493771
416303
666383
566583
5104
768943
357425
57496
173308
667274
836882
518981
413545
364107
61350
609650
781751
772969
991041
116761
202004
839612
208633
223945
776908
893412
268639
922422
213946
682515
357465
647563
790138
496715
619105
713278
609091
476986
949835
138416
840980
350290
11252
914514
508229
523452
470807
496953
470002
355726
207299
405894
389168
939636
321616
199214
868705
5487
884661
5504
665352
503828
750338
936893
480020
245341
761377
38651
726870
809949
741146
894527
891306
764751
607238
422012
37192
198979
801730
828986
463509
727848
426075
808231
986744
999
877284
316437
767502
716444
120827
235809
941713
358303
555593
950517
618795
698736
901782
178702
573421
786067
291717
39101
796582
898966
651663
999880
469568
277424
383586
778929
559770
555802
164447
538425
422131
670695
619233
550197
145288
437999
816947
358720
581609
392435
13641
800135
201074
534084
467111
953811
970236
856188
472605
901745
618405
21085
201438
730125
121361
509697
720228
883488
265200
172906
567782
420572
375286
226822
758017
319615
116825
923010
283678
668831
212156
439989
839471
524209
989632
308659
805505
89799
981518
557990
627567
648060
987091
383625
923673
337881
640925
182283
696333
622446
745238
878050
870644
599280
993222
935322
47278
358597
953628
203073
801778
211970
326134
775488
577739
431128
778481
671051
95943
822354
667299
333160
917479
947922
278753
59789
779435
706159
887680
639487
202355
769798
796512
960052
663008
981482
853959
68259
656571
789765
57080
115683
424490
179199
482318
188511
175721
868917
424244
141858
813861
184736
425774
777942
59623
866466
141482
627917
727978
5250
476250
458448
479463
521836
858328
189741
772880
662994
839737
566029
469476
188631
131952
270669
370606
701069
624271
667028
569706
578390
83444
280659
483793
430450
23027
212598
282296
921238
306469
543943
467662
406175
469026
765197
966490
431567
671417
164385
420373
101304
924527
636455
616106
398213
57175
766490
494883
766866
722850
373150
789203
589726
724378
635888
712955
995429
859312
32148
569107
419770
145758
816958
157472
923572
911083
432256
476261
459150
863154
529274
218292
543411
552282
959745
509957
884313
460705
494640
225473
12101
351914
560233
518098
590151
684334
867190
759799
899867
191459
394021
190598
283587
208100
459678
135452
830376
805305
189622
398772
402861
972455
675382
964514
12235
931073
239867
264375
212959
546010
462039
442839
465911
902502
244066
721358
576828
12481
582071
70983
49708
85561
436453
279452
686562
224555
564249
428015
958539
698107
188586
458354
139104
852544
422334
718189
422827
539717
147824
43207
700285
658908
331622
807770
909915
424376
199479
695398
437385
531011
244622
561695
357686
255867
104866
383579
314669
762987
656583
59085
638847
171813
273764
642278
865443
616416
336705
146587
315046
319979
168152
539816
667827
846170
453195
546556
586266
958754
688223
688285
379192
384506
517114
466297
308055
287889
960253
92544
551538
94503
906593
600484
508587
788104
999665
914369
836076
933874
475035
228651
729505
650542
209876
405826
167269
390749
16857
42004
783026
817248
503577
582428
851283
624114
262224
613609
616692
891045
45471
464646
476418
434827
92374
993649
439403
411768
34476
67228
59412
478643
57707
4190
969907
460262
256667
660867
956520
271297
398957
264482
81824
236114
370326
894882
521054
892222
641531
489570
594119
825925
631050
928319
761024
738659
841250
173822
620266
314957
364048
640018
403717
776260
588440
56070
700477
331146
517864
819543
612940
311759
890843
877734
346967
45500
426229
678757
272046
701314
628234
690034
520041
310867
20652
823411
432778
964787
940219
588806
938763
476745
996781
899912
368208
417198
836225
440139
338796
187607
717700
301881
697144
128021
816263
14267
619221
577395
643764
227769
865645
710286
422004
630276
847987
470839
910639
584189
248060
51448
321872
511227
248047
194143
925384
990485
561563
56241
402301
627170
462067
128847
401387
369343
901955
31777
558711
316808
749320
781040
853664
952766
187710
212263
733721
515376
456235
223297
539781
321176
695742
107828
873139
490460
265753
941014
452539
983561
82060
728457
648790
972780
180456
896624
239119
143683
294896
714180
261669
76637
161374
652286
498966
776391
518230
104776
902686
30099
481423
617660
254554
638538
905173
200333
412155
338871
196751
702102
838194
953713
272797
344031
384423
494795
756345
567374
313778
195950
118655
19007
1054
845043
952684
974012
441357
75833
997988
907604
537058
520964
275093
783829
513661
248789
676220
460525
25050
99720
21732
481596
727604
309139
784776
366836
765725
553057
719625
524178
621457
339321
246091
347444
911210
796759
778186
918662
682861
810386
647340
265189
526027
442997
983695
802787
755953
950202
459588
20167
830676
908817
893371
381290
377135
664730
340926
440191
846377
319494
149180
134853
485273
968633
973615
535277
580558
874194
587624
365872
484753
741402
611765
10121
214106
941497
423220
440131
423766
866873
344383
334873
943828
463206
227722
372594
269980
499646
245735
326074
16926
871980
383696
194170
307197
863167
811251
675398
319155
519235
579024
561426
614668
50165
680286
362143
48019
662099
877160
205473
462489
781672
480237
496076
964847
622159
772454
422415
227065
565593
639214
660752
774589
167366
49044
407334
867006
828186
405944
578362
238226
40645
240940
365163
222160
215686
344454
660762
933141
970408
905412
58374
762283
141295
232378
948762
567759
85389
747014
798492
685344
607861
826870
431836
514457
231696
293767
873956
120402
669788
111625
868558
33569
382299
549021
423009
574798
876586
389342
690475
701148
153661
144692
339537
613109
582879
616094
256086
164966
241349
92777
86845
892549
689133
885368
116288
842601
437434
802285
841503
978107
241537
733550
566483
391059
657073
859743
823565
242810
365911
499430
441204
78260
226305
316779
220715
610073
673846
985811
92875
210593
18893
999187
145352
838061
420413
670322
490367
405450
398143
565682
997203
76427
29162
762801
343463
981400
613191
717699
62897
84672
351388
595631
959799
45889
983311
622941
904033
265632
715165
44359
148012
521156
64380
45358
47547
143213
439195
682364
755336
776438
410994
237333
610767
200460
509250
252667
540128
328694
573480
431452
51404
114535
837821
654222
37075
911036
849173
358373
888052
491798
343707
755775
493883
514374
442393
82507
487118
956479
62717
96661
281996
246715
98897
854929
277016
976702
875888
862798
884010
126499
870157
709831
183472
805241
60744
360270
46315
842313
977511
832589
736654
297147
781229
11776
608047
905360
814981
459764
946741
665511
184347
967258
156396
24456
744587
310642
502816
151419
729837
99011
244641
32212
271926
328968
157685
214399
496674
331085
471040
558863
687899
859471
279947
988101
893523
458430
443286
2404
561953
235612
686029
188311
430638
314295
509961
784468
724638
241095
569895
211298
723114
506041
134768
153952
672485
948903
227442
805492
173949
646137
354027
691319
252606
475924
841134
744768
855478
763265
405064
974612
695382
482208
657576
168411
406596
488874
423405
697546
968416
189581
251700
349530
288077
964185
478091
548359
859708
44903
308922
765005
142482
524003
501172
755157
989024
254845
382445
275800
559703
827248
12656
878035
722730
381896
754404
157318
105749
758711
661368
712366
79990
628260
871646
619850
244479
901715
387563
619531
679598
328843
163190
247177
541886
26187
311782
120346
660659
885617
401796
565389
483494
839134
571012
167445
823160
539579
45080
145617
118263
580761
972170
921662
682884
226519
755327
436531
425387
999519
564879
546707
177208
285925
948850
32030
952967
892054
605823
718346
629277
582716
696135
716073
33387
12779
643694
371744
154142
912638
72109
872572
310799
374590
292949
533189
383685
368383
414934
883371
924409
761504
11582
200886
789562
743648
825094
847639
669049
769692
886783
752495
820635
165274
648670
63336
841915
827548
378397
701601
595210
899802
34796
275378
816898
724093
24487
297528
180178
939448
94910
741293
959878
627018
600435
218332
46394
995109
316538
370434
550805
310536
784926
756722
6001
464648
615535
834839
502227
306413
525844
321762
92728
487695
101896
685204
342767
97838
380415
225716
561772
733736
122439
15453
820177
699037
470866
413177
984168
165144
36060
778499
379329
959018
685695
150935
394634
980709
906436
310154
536046
710530
963567
117610
707780
28305
711235
902802
169449
200904
829757
732749
345799
775921
972465
916516
254429
50929
31250
592799
60358
92829
839256
371044
189212
338978
804464
724769
696687
395681
507029
718766
235792
115709
373020
389527
167835
294962
477672
975821
374769
675662
372028
519526
855037
699997
692924
869260
529972
123434
976453
148409
940791
965661
61878
809998
576384
112091
996669
418503
846330
858715
167066
80687
685329
186150
309088
430311
304565
284869
779447
608728
88232
276966
81530
110666
596815
411903
471832
109639
871068
411818
499599
905347
534388
966318
963268
127582
881650
534114
778250
725204
694196
799871
605014
839983
282563
973250
268831
744233
939421
403512
16912
572780
424804
780742
930216
105983
984120
237902
526025
359374
484295
498382
917190
546657
652357
175852
362880
186119
395269
979393
941898
775191
526115
42563
183993
457455
751117
554189
813941
757470
460258
753455
740110
268847
826298
961090
433235
645921
248946
577690
698925
155035
292981
532315
704088
203575
880908
800375
719493
998129
898857
722432
879178
613407
947927
855572
671527
704840
277512
645413
142822
951731
760976
275659
975768
178140
579624
162210
942734
118075
13437
779219
905362
352698
613815
40565
262174
754652
852445
222646
123957
241512
788464
218112
132373
269831
435690
852754
911450
97788
453688
82250
765030
395666
240224
22446
552156
277040
343058
318962
844972
459052
343912
360779
956362
945160
132104
988615
593154
265189
113170
175980
53591
909419
871838
800297
249734
137435
524985
43691
128214
497637
988338
195106
124900
965863
995031
871262
60419
980389
658821
657812
958708
864905
21505
427604
722753
445773
416787
557339
415778
134773
603183
98458
715216
234639
557104
254060
238539
831867
309894
598863
162001
599875
574824
532548
930115
695267
835868
15496
330993
563758
197446
997540
967607
292636
265924
230851
738271
338182
585749
950115
699992
63666
703179
527311
334587
18440
522269
608156
624429
297016
615159
718548
174340
511340
458852
704470
701844
99296
749091
461887
175042
155409
129366
204634
352534
94700
295263
918302
462436
335585
305178
868344
481408
965826
526138
348588
549394
962803
106882
24622
659240
663544
691603
559018
670144
545971
261952
370165
333043
714111
58255
678112
885071
835609
207581
447027
804221
626064
471400
276888
361367
897249
660201
986794
725955
953733
306601
608079
875060
597161
247180
886791
628086
3502
359214
362663
227862
459941
498317
563452
503045
50760
683033
9587
958291
730516
404784
191234
718504
773653
647531
157982
240678
189715
78922
432177
379407
860812
180716
771599
353354
408395
18619
206840
378364
870827
125046
863738
324059
42981
910745
741372
247669
446730
616811
831494
633754
852828
438912
3700
562775
523811
915481
882161
88299
178928
547912
154805
848588
798908
81843
943626
414005
909789
496512
67138
146485
953414
687045
258134
756002
9114
263253
115542
668169
474331
911775
287485
911735
567058
481557
612332
197260
910431
893417
537755
52944
469824
292290
332463
364905
246703
61708
875671
959464
426497
476192
678005
26157
378708
66224
938731
639115
758463
166659
444194
204795
497066
725481
806997
67957
811559
632213
361200
125275
411358
791144
311485
406479
70434
644829
709895
90540
773776
12657
878991
318793
382906
179077
350076
127523
305005
615060
229101
838513
42646
974401
712650
122082
774837
966810
679529
913561
407226
212045
929774
932677
94299
259119
807447
934558
444192
216831
133124
329282
148861
630543
230306
646480
291237
302344
265810
674875
999889
794893
145405
928049
86369
407582
579582
909701
622701
421167
648875
296567
333254
501301
200249
686474
160981
768303
83248
206864
954503
519858
907132
124558
182260
158786
231198
885040
734935
68595
406874
285799
633388
953303
632244
120536
626915
222635
669592
897153
914421
211690
301669
66164
3522
658335
955286
184770
691360
769776
345539
657897
58295
94847
436267
965492
772775
717524
680938
911706
60068
781250
795454
429972
98751
415034
757398
710098
268540
423412
71008
753133
186980
823439
57272
215223
356286
566921
446430
897076
136705
685054
489284
78288
754615
713800
800485
338742
603164
316224
734957
974532
459559
123316
875917
356569
775074
498064
25528
833349
570230
502530
918621
705782
453851
594363
529305
650599
423775
961020
529805
771980
422568
643519
512981
192133
650277
578436
6366
254691
722250
343049
368613
528664
178280
151596
549981
649917
835506
126136
726534
919276
562803
691783
94207
499343
250990
733847
365609
865338
696748
944278
242618
951071
436452
424157
958752
520725
107014
882579
985505
438007
770925
82937
337476
861487
70580
792060
781831
467647
91010
726383
869662
219526
609479
942820
972931
154987
320972
525697
70445
955111
553663
935491
631056
81390
838895
648087
703926
791596
681312
192482
147004
281239
825197
977991
523877
76265
699931
25415
229116
514279
755854
357777
468037
315191
734827
105690
123995
458665
620575
986769
591028
568984
120033
353609
84863
797491
683240
877252
807075
173417
764370
816950
50330
854011
627266
34892
253331
508426
349072
273296
663497
42759
94209
182053
542665
247151
456301
495430
848110
239568
973467
872719
252717
977111
225458
490499
559718
777946
742862
758454
658658
394744
615793
986848
498106
544964
107898
32929
585127
757386
100024
566026
149306
71137
674302
448868
869026
631082
679382
656389
757308
352715
341577
69875
32373
983427
789054
728542
842567
570641
861499
915827
354978
775065
361328
211004
643254
614258
725213
117243
35506
413066
246813
349374
265093
201676
612940
303051
351131
769991
68672
100825
923849
791956
456134
978808
704828
499964
103126
347122
908721
167265
978512
984077
132327
87667
917462
599689
490547
732281
292132
624036
700937
229658
577419
460496
428018
875461
154485
576927
963238
183340
138885
825503
804545
90367
305126
619417
893585
250087
360313
819798
247559
702429
662330
505888
256675
455450
822024
471824
121553
932173
205554
315840
26965
310138
525041
430084
419817
758527
509989
334691
895879
88961
235933
620488
31053
958199
106058
550178
215265
794226
615096
861655
710290
354163
297820
974256
698316
780941
890558
668295
610441
294441
171314
342029
603164
941431
386239
49792
116637
87015
479048
342746
147226
906633
239218
208029
631667
109157
234995
438610
214615
379519
804465
86285
342422
887191
853923
168490
152793
719454
360894
371505
230617
766358
446363
675013
906759
371149
739124
365446
948497
726840
209935
524332
360991
621922
508507
611420
993909
761644
530056
876625
601183
393640
228399
606673
704565
594863
989223
151679
9474
199361
422074
434792
933424
988767
967886
386674
500442
987681
779956
447122
511842
308608
437550
676149
113697
142776
410957
507922
133749
218278
896241
34433
962400
665445
941063
131371
49632
105867
872511
304466
178073
470782
124345
559697
151376
783510
794232
312143
759555
412836
274958
746885
165895
266299
605418
204581
657020
772009
469579
495401
447538
387987
914829
466697
35951
299944
617239
554571
304619
549229
338756
410753
699365
970626
447421
783427
354097
672758
963529
271003
846789
404035
311549
724523
692425
60533
736651
870352
268444
323659
257326
813009
108372
476401
648364
750432
387992
834231
669058
777922
986103
626856
933629
110077
583228
406173
313977
553492
177150
845949
273070
147609
576738
535868
664271
839647
617652
770302
815781
345747
898308
373527
355392
591089
912040
615512
832864
914743
669126
340452
800780
731368
276041
879070
970593
200851
697574
193806
961292
141373
854629
51704
461374
635420
645611
802427
887699
403199
328084
519698
92103
74447
226624
98315
294673
35315
231190
429845
889910
560943
10933
980183
285913
196035
158676
533620
58079
808921
697862
388011
668966
508632
845889
90753
111101
108285
210137
359196
993643
11751
368331
867731
77790
210222
375412
188777
973461
847521
689278
896595
372701
423308
560752
276896
80820
469328
228351
712043
340459
504216
939289
837560
268602
517432
8924
197354
962959
298285
634713
824970
144097
159699
694112
232785
971733
260608
132167
515459
958941
690210
313969
811762
854628
460047
602466
836097
617855
434249
796553
359520
392600
673172
736628
45988
772361
354640
665547
616555
862227
837908
269418
968488
405972
740819
857962
263573
918288
497018
709504
51737
334289
723536
68337
626129
920585
780658
781784
570041
80544
989453
488802
580290
535280
903110
870385
380544
388730
602731
819229
302527
486149
631347
683799
843839
856872
957465
533432
211335
657412
108056
778348
889262
109351
250639
140754
702356
675307
723572
569186
428869
559480
837236
350573
55590
248222
763360
480651
533760
279319
513946
814299
512783
798375
30122
858081
214732
877904
740572
854838
62038
588524
206899
634299
416714
811560
131993
636056
89811
789387
133585
641356
962955
502716
331091
704627
345835
567891
378259
258080
28605
536286
254356
304078
766228
273155
894279
271267
741594
211621
513559
423285
223547
2755
49197
491412
945016
950953
604989
968043
407601
7694
643989
259439
729223
362863
185779
475606
551261
788736
360237
805009
228967
340769
731156
539634
16993
179540
390115
723185
458031
802569
57101
157039
615297
366717
130961
377074
940841
702895
531748
122721
768074
87518
158264
498286
214899
516225
662246
424930
713532
607030
270856
912071
680626
243862
527339
185393
592591
686898
109735
759186
280203
299588
410594
919020
701459
990893
753842
87458
827989
121009
26163
86685
509425
291587
569192
402798
159491
430183
146106
906924
713849
894773
506107
354966
884817
327177
554266
69312
373626
482001
141237
964139
532947
494407
413758
844285
912421
742699
710170
959492
505631
758942
274342
242908
433580
189754
759952
469871
176958
415839
261110
13462
18984
391737
920001
70705
547282
598126
472153
900462
70094
286300
111101
302635
80126
70316
680374
309055
147571
981585
697587
442192
307700
714462
818487
659238
454207
370269
646971
39138
800403
355188
580437
132395
122125
815471
843399
394125
577762
357037
351175
465731
589467
574302
858938
411056
160248
425718
972709
241753
13996
212178
336817
63327
672124
445960
973766
514028
929118
446250
459323
986918
120561
198089
440596
203918
182404
7413
707562
347081
668712
381183
555078
889206
445061
577609
683810
847120
751338
74975
786667
987561
921685
819762
454201
724645
948603
765789
39020
752807
430511
758789
684345
49887
190716
35063
714915
444853
33799
652675
990070
748702
174378
975183
943320
911915
107786
620509
714133
884505
330288
312968
684256
301143
803176
307506
53686
723571
582119
326664
557268
692707
706715
240080
670382
779838
960144
483248
641628
550734
448995
731702
460844
737038
355050
169850
725677
640732
238820
48786
402331
902188
505684
586070
672259
560749
873898
143393
240498
825319
284995
615174
579636
449273
464372
922586
581040
458148
670575
837358
437561
338806
657702
827101
848515
731883
502398
426379
168983
286325
639358
597209
495274
655829
303440
693260
621090
351573
379403
253474
891384
572008
577313
226540
397046
281531
621308
533899
690206
703478
969104
610805
193027
894928
608348
160321
541724
665771
504114
452767
411198
972636
714911
697081
336040
611142
875349
402168
161799
395979
911571
454568
97824
945757
599034
198125
672703
258001
166687
290614
598543
52773
504441
112111
506257
582180
166038
349790
260039
163696
676048
914638
256048
995147
876310
631000
226904
75900
954096
232520
275653
808870
434281
232550
431341
950708
191966
470054
414315
749747
607592
81604
39564
877013
620077
407308
732223
448364
392574
988315
332323
421205
886993
697748
675419
424825
880188
723119
722878
754711
166997
368558
830351
924035
121588
28041
176253
134509
434205
196500
910007
890953
770012
735578
898045
325541
944848
286678
432537
692347
329896
152812
153172
831006
343705
574580
913526
97802
775555
909467
787241
529012
289991
722362
931631
858247
74870
206820
405276
558567
830559
839638
29345
549228
537147
470634
562502
252815
551745
282294
557518
291680
467461
197686
551621
701040
201158
259079
106537
738107
741997
395751
209720
741989
334347
651809
55048
982917
805447
997905
544049
880609
738676
75678
861152
875654
406292
369280
54494
76642
467271
717295
889046
449713
28855
68652
494271
694618
881219
524076
589773
129092
363781
672375
677886
390482
521192
106178
572518
473900
684064
475133
546225
65256
375264
523609
802466
474616
391576
116908
331505
709864
73622
331486
5806
343808
628734
721520
790277
208084
864785
134003
855683
479192
675763
572270
128602
256357
396887
320495
159056
920463
961057
417304
799429
810589
407734
455607
936122
189518
54062
153444
681477
543960
344817
847680
822529
425898
354704
127602
18669
522129
183707
756504
87235
192659
823122
632391
400087
369441
208353
479356
907577
78274
792810
715063
284529
660797
329036
932528
980357
372477
993079
340294
8555
361064
803985
855098
393619
329137
325333
986551
660650
581453
559436
864675
245143
964212
585000
204512
232797
213912
909287
422136
676105
856597
872614
781266
209852
777722
576775
722312
588915
447931
414488
438859
647053
914830
474173
202246
867945
92463
966394
708101
505030
170643
910697
915593
846967
172934
646344
993207
285104
687359
107272
427072
573136
358272
875660
639843
937199
465345
957198
830305
498231
505539
385978
645097
583217
387417
707302
356322
967637
625728
749416
720432
458001
336780
314033
345749
783449
51562
718791
596640
699398
26982
67640
170859
390679
482301
943015
513499
981198
549677
746266
868123
548827
505200
732968
415527
517086
70184
475591
937572
89718
853985
420273
47851
464772
173658
675494
559057
12680
830345
820882
831706
381130
760071
845312
315960
380784
378851
868440
944814
188013
28256
91562
719841
942233
88124
838933
655463
147262
917294
216253
180467
437697
991442
774916
444577
672845
644510
137499
12054
906790
905884
240199
897523
916576
167808
106075
986603
109004
557258
275080
137905
488841
663365
393892
771092
1232
946829
328693
328810
888044
716475
921074
184091
8331
281326
691805
724081
299593
877483
993757
761641
74978
353385
762066
337715
320440
120931
444320
777220
675841
137
410797
178748
153172
38995
440616
771176
777270
176766
394012
19001
887045
761212
877651
53770
148078
5623
284355
732882
800052
164647
511654
661845
854552
800208
170676
788645
151755
658953
175703
879806
511525
311042
862208
219817
642544
402091
846825
972570
567320
631990
647295
798862
575017
239283
127925
18892
966585
524790
39948
274374
866306
255319
974349
385258
86205
201961
551730
79384
933128
372135
665070
325529
629742
869703
366415
896603
246662
186111
310685
383961
711629
677893
331728
696518
481040
430911
355261
376036
675205
363518
92163
127500
740229
867617
830340
762413
213553
994577
429743
356218
540154
856622
422926
542719
426263
511420
13664
280536
732028
751024
356755
648240
631181
860380
702438
246585
454582
926394
196865
267024
861812
989631
478277
770797
360759
641156
459541
711463
698625
715313
217163
238221
197065
559032
420428
855354
946150
272622
301336
613496
938589
309925
413320
571568
863063
712854
840869
284861
469074
400709
930596
805990
347821
820497
476510
910176
916861
538161
717823
114945
575213
43591
443920
337597
129219
157371
439486
278606
169493
409917
941987
644413
738030
626040
93205
302053
38534
804001
794312
69845
721854
318270
784695
375807
989128
597302
477661
235633
564677
117052
889212
485362
464035
835407
541900
789344
683010
831234
527905
726241
951726
154351
136379
797879
529663
803082
111059
650978
377606
414794
798905
145946
796894
626242
743109
572579
179348
149830
780098
846598
340938
293530
679593
16595
897495
889309
602798
632599
443580
799425
131300
18900
660198
848548
551462
519560
747354
619712
607866
577066
366997
908257
412403
114585
663946
831627
325102
758303
884909
494159
369105
35051
553877
874248
983761
614248
924239
492410
236792
900019
531872
811658
495684
603386
65230
844691
455955
412033
504826
241156
975847
165857
957171
842987
724732
449077
73774
441102
458402
624872
766721
705548
900734
36702
482319
311495
262990
318404
740124
116113
263873
234112
278255
7325
325359
938649
717777
76542
93476
788040
737890
302413
264447
38729
720845
283907
425959
499361
263042
914350
444169
676223
64532
156994
830851
294693
654239
798004
821780
868966
89726
923486
575550
371260
751741
907221
345164
948266
854235
422343
86293
104762
323722
848391
775465
404395
169335
118927
806786
489611
201397
9900
935249
796892
653584
977935
549560
325175
876628
189885
93399
908887
618580
174845
189960
871617
45665
879795
497164
490757
657273
645280
42866
994104
22903
752431
907263
345005
683821
254410
14634
798078
782158
773835
316397
495378
172386
235660
82083
111618
15039
728904
120932
681612
256877
899539
389254
454854
312614
434625
442718
375664
250135
184234
51411
325402
785928
638373
60558
41211
931067
889895
996577
366397
11631
950611
291416
542381
955977
926262
116915
237211
466075
699237
381248
232713
799782
504931
864361
532577
5807
775247
694947
950925
663688
81517
524935
604852
672292
847400
330382
790603
314732
36774
448007
643348
587032
967994
892756
109867
273806
445901
589201
869765
914865
658717
21016
630891
175825
900094
63481
151
378363
454256
877086
171681
328305
377721
404480
490190
712767
561275
98551
701495
935524
188526
588579
835304
7422
466742
710036
240742
365129
665658
797238
137965
949013
99019
981227
502305
628648
104246
240415
755079
564973
948904
974443
468157
803528
312021
183279
441628
567580
659637
349748
236982
654437
149230
266059
434870
668430
612154
671466
391739
576274
536370
944028
288605
568377
704411
154636
113206
774744
168988
216293
577047
27132
701304
977449
829958
260929
831321
426615
311956
500541
220883
936114
259170
863825
525786
463915
540740
443486
98622
908891
651451
773478
78296
853151
682583
115365
248898
466593
779209
674689
664305
374616
522219
245512
823070
381983
749499
645973
21091
152782
264804
71914
365940
891213
106063
563694
465490
31649
137771
203251
599242
520620
759980
11614
488541
100426
465190
568529
660062
245909
46290
154136
821952
850676
78340
675822
612928
964754
167552
2618
636638
474211
583946
63584
483419
958696
826158
782067
34102
9767
600371
901826
199625
498520
895755
672305
55384
537465
423203
257822
39478
514332
676825
601748
284273
376309
938325
440666
48608
961477
234523
648342
696979
370392
493910
371478
328907
91679
539348
839144
632253
833146
906389
767523
440504
185318
610470
840408
457924
986765
771354
333191
738860
472669
220575
171085
377694
946133
924275
30739
825196
782726
434974
724400
826501
526495
54786
889766
965217
863511
212890
516419
971031
398404
774514
795920
20289
52077
589504
53820
328038
625312
820901
593923
329788
904537
179957
441503
727745
542276
306156
919522
142012
786654
968487
282056
121444
547788
340984
829486
179471
445450
593728
466124
212926
978870
633734
989739
271829
142253
389346
781989
900072
536335
765888
157176
992486
421958
822878
220574
18060
764962
929531
245641
354192
665785
45415
761027
87027
92037
171518
605316
153289
314050
281943
556453
63660
989287
204997
864901
81164
89587
62238
407955
169238
150021
470797
705215
331880
243022
229486
331151
539756
761958
664549
576024
309180
858604
472930
480731
496630
68793
407803
770351
427064
50706
764417
272434
432553
586978
678413
833982
864391
777869
236500
741650
599888
853327
803810
836517
211560
205799
92684
204514
686587
710083
35385
770427
298068
142084
574950
902472
992050
985553
678843
160109
80344
432682
536566
548774
102919
782023
363216
697444
885772
133957
333933
543818
135808
891870
727037
275425
591073
76098
331961
956731
722579
333243
923085
604601
662153
346663
89279
867634
696089
522210
781918
679452
934512
987163
699108
555890
383532
992996
860720
689574
983220
709528
487972
888878
590304
887594
198238
479976
612236
694042
42897
520403
536709
117927
53390
805068
135844
87476
781775
63053
997581
160489
83865
401226
554027
415691
627614
76445
314888
38925
180308
911351
20331
391601
801754
781962
910285
860361
959193
225812
923928
906817
184733
308981
842907
892499
897522
751787
463492
219240
902406
647805
581191
714693
349488
293162
64245
446155
999336
570898
557298
884900
295353
610615
279088
285877
404734
667002
95993
642060
505217
42316
561787
66853
29049
808684
227749
254286
286967
80299
61335
771524
326442
221501
293406
908903
321104
882875
774250
625761
219677
593191
639638
96630
370850
334006
57598
427153
71409
377484
201316
760702
510975
129274
268800
502096
3500
956726
678470
327435
22214
589371
237592
916811
552878
446466
831033
360514
681697
410211
873503
685531
260385
376194
809939
815844
614036
955397
733484
977115
727959
261969
298408
722187
265384
671235
90190
87706
365111
81034
547739
935343
603816
972704
421191
639021
324065
616735
858300
814804
903763
888967
131133
294657
35909
555973
252795
785429
184624
147148
233673
896858
848260
51420
281338
768389
93169
876220
464875
176329
581792
24709
381133
661836
24589
490292
413751
997803
581489
495898
468889
683715
911871
29253
25495
158179
742617
830080
649079
712168
402739
867191
755938
564200
221240
342751
90496
716825
945829
348364
733133
328758
314804
714922
353612
611114
970984
512505
253030
872127
822454
612238
81105
110490
17068
791014
889965
114838
119880
249448
283830
545606
620016
467846
816904
245766
750092
123873
578259
345514
207685
576322
825739
533066
245654
754400
685097
397441
501914
855957
862194
560423
819399
777283
660126
466986
934079
9184
971115
101595
46295
521795
94002
337420
131859
715521
185954
447449
842543
511589
227818
549233
564784
449932
231994
305446
271283
883279
302649
575044
600814
705105
569024
763191
683211
269545
948664
119708
946642
14296
947711
612228
593054
685700
102892
347640
320459
510989
312956
247261
743758
114026
792379
936702
600870
941970
23504
332677
930378
609640
252411
274847
926264
131581
191781
471759
877378
206549
753523
434003
369486
870600
841668
130150
823822
154291
528227
311355
124921
163984
95324
399055
818045
238855
220198
331440
267273
436830
975315
937776
357605
19634
468993
149636
896482
713140
769091
68527
818168
832025
941422
152995
150900
257068
203895
122589
687613
509986
507146
598968
880060
590581
607094
843833
806494
220665
801390
481258
70602
108434
413183
926799
51935
252288
888638
925607
378469
207260
209545
735229
743079
189281
848678
990775
342647
664870
897331
221397
71629
811410
724741
18836
151441
124948
576900
281529
209708
823038
258059
390727
970821
523555
51799
516745
977066
817237
207294
535619
950550
607147
851064
756196
67277
440274
190861
521979
194693
476971
416632
923070
129171
113343
44243
423695
441046
22537
440223
575243
313507
740495
378753
909213
159012
557943
522755
257373
983087
458057
15014
664004
550579
450569
619498
810437
441170
178674
761891
589422
107780
311525
730
240212
792024
10095
885496
59435
280840
827125
982588
902179
796280
701191
304488
266868
259033
890521
72979
624779
696048
95110
109117
175385
284904
215759
998494
936765
747628
793959
749849
412481
793613
88415
333942
788086
486572
218789
845475
1074
814524
42060
361191
610078
688772
814854
941219
409226
675629
969126
825305
694081
289223
865217
638998
918675
800311
385844
363993
618030
959960
144789
222939
295369
547080
304411
690807
538565
239345
368401
792797
547593
401497
519749
691348
409997
974193
889396
545521
407951
366523
666569
338905
219320
399392
810732
886523
438957
178954
156652
478391
708502
411243
198268
874787
136325
844776
275463
55878
352515
461661
917550
484406
543463
421453
598558
317051
11465
685187
502799
408983
306445
813593
389931
296151
999726
576327
813637
206643
187982
575203
456517
858862
539189
234584
275042
527282
61659
424494
24138
10848
143229
513098
718102
186581
79918
632117
811614
231695
443638
86819
721765
411408
950505
283462
235363
743742
943035
236153
267525
376117
420645
411559
733583
908199
327908
833187
938088
487867
343143
223163
158551
672707
768856
896424
706040
717473
319952
632870
217151
320571
303157
569385
619998
553213
518503
117024
589346
856308
28287
613348
33743
60992
419250
616396
4822
533967
830649
599906
86498
268555
966985
101803
497993
13669
690424
870554
895716
106669
99594
512637
753541
134702
119099
50088
521005
855475
756942
603744
676324
626991
404709
475128
952915
781239
145870
732084
948663
787976
373548
913393
357442
259686
310096
690446
679350
989752
353553
211794
84181
62855
989449
708939
260846
146552
468318
509971
933168
368578
18002
715477
392420
698976
897408
564827
137655
235502
779634
332473
405460
81229
735279
426225
999218
807440
289268
316412
150928
523987
62275
844269
342484
696080
594208
450072
859456
687450
376436
781851
379378
570029
713938
871106
472850
210403
818003
596587
803382
428438
480881
323175
492118
864126
992162
452875
824808
880715
336892
348880
239522
232889
401988
583897
721670
218232
460715
251793
162362
579960
206389
364957
46356
182569
145469
653525
687457
382700
777889
867125
553421
724979
119553
212883
540610
733954
437953
437310
19627
819996
860991
591309
827755
424811
534672
878435
826641
447024
830836
479034
972945
974642
871559
489298
545114
446711
257279
845131
50382
918470
289825
269701
750190
358739
820137
508438
198720
893308
350976
961751
742787
331639
689263
866361
169833
463374
352070
694912
411637
500573
603130
545303
463042
808546
130468
765948
466824
386829
851996
1284
229937
984917
322178
130016
235898
802805
87647
555640
322867
731876
351974
710624
460612
794759
39201
705966
345248
671066
852071
145840
769348
665205
242417
565997
467871
724257
399174
402968
115040
306878
952197
16585
56757
110375
226467
921494
245444
714192
104681
668737
474940
978142
785460
575435
729514
134425
245488
438024
768464
192723
199275
985134
979664
701265
76433
249950
872392
92295
177168
121005
737757
220177
445236
629932
87370
539050
482961
260260
762098
689661
170044
71034
209055
713566
583534
981021
410342
105946
707241
335015
574849
260303
137284
480482
512463
401523
895843
775053
238665
237416
464935
8394
143798
750250
6670
610324
722725
532999
733785
279813
858429
573857
60103
440476
139163
469348
579708
58207
64511
553327
254950
312005
2659
816851
991274
96998
984791
365680
991316
14307
541171
524504
647786
923224
544694
810882
935028
429496
486909
213468
70245
150776
508589
125761
267839
458787
697517
495888
630271
653536
450975
310432
540691
553379
708803
244366
199662
752615
929444
797179
148735
118175
137450
57141
778127
866932
472948
67342
861876
776654
164556
779645
503164
787747
930686
328015
487468
267738
128279
875097
796977
243309
380070
922576
320221
808092
129079
527006
199303
97886
764094
157911
797966
438844
441294
30040
396273
678316
188830
363719
544736
169724
967945
389360
139477
539498
470161
555150
962021
316782
256561
140270
836365
63404
770551
478349
47654
137657
599986
866842
685578
780226
2844
353087
311021
394481
70369
329076
60741
68262
428574
773112
131482
302549
565211
503873
951048
645540
312395
603163
452156
154040
201266
815234
408389
678914
760678
653873
994043
417364
830377
865064
420249
223881
635800
598229
180714
494001
329488
671765
733993
748119
990443
848298
782969
739047
422214
455507
826169
753251
283948
766752
589634
300583
899710
933096
356021
474405
84029
621942
220584
20801
514394
974709
819611
756834
769829
25254
599335
283866
653205
579711
258204
815033
568733
539667
876651
72344
695705
345359
373535
191401
293400
94326
31598
616719
458821
709301
607749
933868
936208
880115
109897
59450
222775
821434
861213
95545
8354
445786
449597
749712
155858
304789
790569
657268
346976
366545
654728
285638
210751
1904
493544
564285
56429
269291
165454
81720
279519
207470
258300
473238
138102
150333
895438
231639
110679
234963
912186
505729
761927
292065
119553
866920
122593
569853
132277
213961
744714
708854
769058
173478
795135
93636
937581
573437
484049
313497
896447
54845
91384
725613
443719
486797
245749
137291
529600
23780
506504
930906
842204
992313
163381
319403
910957
697096
421441
885756
530103
504527
282527
552574
492293
960280
965788
440280
971344
194204
508782
77261
147993
979019
308273
994072
303833
175926
20108
61219
37271
39206
382086
697785
881385
797111
257453
829111
908833
156377
879093
785551
259727
603862
504646
112420
483575
50891
469783
430012
808215
868641
209108
100124
668002
679586
975549
467028
6041
113233
903005
570342
943256
607927
386060
370901
448991
402841
230755
26842
161006
117403
236682
612761
400616
520789
627367
475841
228137
79956
658574
423160
616338
229978
316787
157084
778548
614336
563928
922679
552321
481204
124582
244897
825444
506611
28013
317558
212846
793973
630745
664784
160413
424497
697068
751310
662532
428757
761406
153849
383483
76150
116523
586231
823725
938841
833871
662502
752694
427814
566446
34438
315188
930467
246566
27495
632310
987056
85933
695152
124891
573837
231665
429127
17232
330030
586103
653553
931532
877233
730242
577333
44954
818780
23559
540471
857208
260351
457891
611416
167544
913819
655081
772332
99414
871163
771261
449196
862534
777618
401212
846328
90128
152900
722199
782575
150110
452180
551142
81408
167271
103687
356362
685267
96071
417276
804429
932721
197519
7177
53356
183022
247732
481777
168869
225517
76608
704549
271355
372206
190729
44836
127276
577576
711996
24952
364008
236157
863017
849052
41165
618545
527078
165710
20641
716040
908143
657986
82685
568677
24521
209199
460691
784805
36037
450367
145353
987822
691728
577148
519346
398386
177199
718516
275743
592842
656071
332724
545582
699820
284042
710422
623078
299955
108082
628183
54288
39663
764373
925136
594661
385027
6241
279509
185841
169572
826397
472331
925715
301455
169984
658208
27266
737480
297830
997256
518750
572869
88873
385490
818273
93710
902433
963266
974987
280581
746624
859907
581481
33109
519036
925852
459140
990597
876216
348072
154921
912400
722772
468331
704553
978693
343850
779386
349970
31385
909321
343365
266214
813818
691728
57936
132876
452276
725302
799939
838118
943905
578922
272942
37394
287347
717700
21627
614620
901062
674980
308868
958528
251637
989504
334721
915784
813043
175197
445436
104888
478919
880778
80737
420481
543553
888874
903302
819037
436108
227603
266075
774217
822093
304960
469090
569009
189109
89202
952351
331059
462632
737233
735021
444478
400347
838927
237323
370867
759251
209060
872191
747779
943782
465234
289236
225602
448531
595689
546181
795829
286683
541780
29287
951599
861960
267448
310000
924793
112427
920411
201286
512981
482211
821881
14659
384720
858437
98651
321841
863195
207522
778663
268878
969276
195178
124373
502611
858147
654384
166563
876073
351769
784785
763481
693128
881731
792869
634952
977866
396720
501768
244921
856226
523178
315469
616812
619104
585289
723984
908243
212649
374371
698368
547516
304420
26685
474935
498939
290445
252390
181949
78948
612081
852581
176641
852255
993703
740635
126356
480179
134716
699495
813696
108968
359627
877638
176869
595970
682124
913182
88812
786110
564387
722843
97393
337377
530741
408851
828145
321994
919644
225512
217252
386100
31280
984267
890943
327431
555183
367961
669416
482118
117143
977930
821395
250593
63863
929176
841208
593670
983517
233093
464155
715213
163228
578370
494637
693886
295207
660506
584022
309546
79068
787222
593374
588923
70158
213628
448731
674289
745105
963368
648153
533201
513485
827013
151401
999521
918749
918555
268579
633659
807768
787204
666735
620576
436649
595377
808915
653266
93334
652102
257077
688419
805021
244759
413656
283464
23927
237679
374607
866713
486943
271020
244680
946685
688960
184114
26028
598375
535013
397703
611309
584494
443718
81003
896900
516535
437445
865442
951962
404608
287555
406695
733420
59460
920489
179462
884030
249583
906571
236100
292354
925369
19286
653696
735611
138757
461841
888657
154028
240569
597804
298206
546041
838239
608643
102317
20995
834712
414291
638678
866280
861188
231645
899798
988526
725925
650128
356682
103612
257466
966197
667399
134795
839248
418015
63165
755169
792866
777755
950076
188047
248014
504671
245905
61879
636414
872098
945990
870816
673620
548074
434259
770511
907089
358380
713749
186557
305816
406093
661527
110782
458480
135598
908668
49734
52862
923603
647060
119651
304507
906744
507824
916322
126894
553656
541030
134955
511503
868958
687629
99952
505058
92713
776195
909639
417740
977630
973057
16509
548203
175758
203215
384016
692051
167502
954183
389964
181085
893626
566723
110670
55094
319376
98509
228759
491443
716178
550759
989478
128787
105696
547612
709565
375974
151429
398307
137493
350817
41998
344618
799526
264861
881256
661298
948672
89069
26972
693329
337226
345687
319288
395238
179026
380921
53423
757617
555919
860388
667131
956387
776940
697162
818134
75578
114999
323011
965574
47314
238548
868569
662635
715167
216025
898770
634593
165703
920259
419367
695937
957303
82456
111957
96736
305358
546053
430377
131926
370281
997672
636802
73744
710421
832656
18334
201363
287868
950082
966696
83902
86273
264916
12156
715469
703626
792553
189069
148852
644916
411507
406788
878234
92219
336288
935659
197853
170426
905782
786929
487575
852674
910528
98824
776852
116640
509142
841772
971552
649934
840676
438281
425714
859102
513851
906649
577511
344190
723846
253232
179168
996187
824451
46065
178629
136298
7206
856410
120313
93574
833859
668359
44709
592799
604751
173455
530925
597715
751507
124722
220816
201623
648787
427538
932538
101555
656799
658415
173906
596470
4303
520789
313587
207259
715992
456987
744038
52262
304817
732086
562025
937696
973831
689388
860266
704157
221327
963341
303831
94953
543227
209541
15312
283997
314151
705164
160361
15616
792841
537833
554538
55698
834405
209332
88300
710684
905164
68871
569371
729347
229219
327242
278065
703
879676
436465
681703
304647
398195
50043
780116
948577
1836
449318
612462
602290
93842
548196
226449
218434
969858
757151
435446
309636
375534
910183
217449
374672
144848
799251
728802
642317
457560
460497
676802
82495
109766
677951
638332
472394
185671
851399
125713
558968
708877
514303
897330
269574
608845
294421
740175
111988
896844
171119
615491
426535
423755
97995
136342
690162
643317
714296
699396
321466
221034
510499
215548
551574
380637
150529
496493
125631
217046
7804
438203
795911
765258
29603
970158
365671
348271
607060
303691
936071
799142
916542
716038
378938
87619
190907
100580
294381
218337
975306
527048
489673
506393
64187
542878
432127
565088
284564
423180
967990
96089
129068
559928
54072
876099
739995
452785
189238
459153
464757
866907
712903
593445
180709
704737
475126
230046
959029
156570
912106
712386
964725
770735
293105
315902
733795
339103
530831
379097
651656
438300
746398
860611
541245
163323
782496
62557
630164
950215
562509
29615
999786
954074
149147
233209
825085
560744
746651
637896
640212
490765
590569
437383
572775
655787
593036
388700
147260
523085
356132
571199
702295
406205
196846
835217
701889
504560
838193
486787
975123
532344
272288
377478
74251
36629
770968
432564
77816
149881
531929
959387
63472
545822
459882
770395
421344
421526
815903
871593
286886
921833
270604
650206
634634
741330
836546
536830
8364
210682
156266
489905
140078
441937
348450
640387
755564
645793
942752
602854
153461
182910
816659
453445
225860
840018
268596
195405
286514
699376
572220
294425
135573
468962
1109
773506
637869
626500
454296
654966
366361
525773
412804
724614
662238
401535
960751
955518
182414
153239
602535
572553
170041
875945
370919
178466
51275
955782
542499
713982
879412
886484
365836
809470
721036
469019
594061
775186
369245
452014
469499
895750
605931
98359
281834
961631
721272
550595
944009
367274
320760
143767
82073
749186
864584
576776
578011
386424
974059
169129
475587
237965
747634
379337
437133
955661
494402
173251
216545
629168
776566
14750
140060
813103
747237
649142
876752
83777
754411
653892
687284
398307
373122
436298
774952
928067
835923
257072
546886
652510
748638
242643
562347
682268
331759
401308
859203
100073
928548
684622
553686
425147
235520
534269
44902
232409
504575
238368
50163
200055
692907
319002
577666
154545
768890
566928
113202
419317
183000
205712
393627
773137
493110
358826
283349
205993
391184
371937
596158
647595
145793
494362
343216
410054
430151
54046
773282
684246
401550
335212
606406
244395
525171
480118
753396
116432
94037
147920
300954
250316
41127
317458
515213
463849
625574
434939
994271
943263
729949
460935
750117
737087
196586
819365
329001
471853
142303
483682
697407
363209
701481
415367
863935
267629
239960
709411
287525
156741
394684
115990
321547
223055
259549
89806
672123
923448
992326
222157
659977
158268
182156
202077
466723
456041
310897
582988
459853
69005
400105
181451
50538
864904
8118
488081
684927
374403
38430
816511
942536
592713
24637
391030
710681
401044
4988
589758
549834
552358
622719
891473
291951
885388
462364
90553
616671
998886
89250
157658
302268
189765
241064
923599
935714
296860
700691
197097
31152
596762
967847
379278
206683
7348
964153
830039
331538
498687
728941
520521
477806
116801
455672
521085
207775
601974
880397
798408
384868
417440
297098
557705
505708
947425
92910
407445
491436
50680
448286
841573
262358
534277
610094
281198
208516
910360
148661
519134
917061
146998
734991
322385
137534
980669
757571
311637
801910
319229
501845
982605
38881
619577
283593
542181
459032
563570
80479
307423
548779
546593
650305
314387
458413
241380
780094
666461
999761
914745
806929
640173
427926
767732
746566
975401
184697
378712
141227
476274
715869
96663
902472
68165
113562
289607
511688
815108
83587
280630
487036
212014
999549
771068
753362
835524
436624
678252
466264
122107
45378
168138
15122
463397
858461
648769
915665
704479
550232
197700
855897
36668
237106
642236
893278
145135
173438
811477
24675
415274
370860
375022
481480
810943
842016
655466
256770
148921
740148
436958
197246
775963
282161
99714
827955
535570
210730
186270
180120
620510
813553
676793
854777
807408
555127
676119
880408
406348
841065
273350
771486
87790
374895
456246
202415
377545
719504
733873
415149
363476
325370
884017
661213
399578
624500
78296
864913
983662
658563
217780
534431
619281
54916
596422
376000
538643
886051
30501
459566
125145
678938
264494
920773
563672
366835
173685
530501
332769
237520
769004
744712
468013
26852
504738
984733
112080
823470
591349
972020
955138
323827
796220
691043
749591
835471
398723
275170
126470
301905
147348
824160
542939
703153
410473
287757
224191
394133
912803
801794
591265
165468
508661
728152
852315
556596
40327
268033
492501
357400
7875
49488
936955
411995
138379
198231
715408
8354
37208
192352
476552
86070
844321
934966
115456
756403
149338
256587
85779
72952
994932
723984
248188
516753
877115
496071
795755
711042
511085
212272
304898
574719
762403
806209
737340
464332
802842
301265
971175
53739
357323
20019
317977
114939
672008
774648
327299
741961
48476
656907
600181
224399
480738
252255
753416
536553
633679
754186
853024
146625
428973
330634
435694
195728
35836
596587
370499
992960
677486
303042
32873
129443
777845
963556
464909
228581
943873
469966
660207
567675
166732
767656
301133
795680
188892
608338
798382
620418
268610
587534
577948
202898
488296
750006
208972
42566
17574
521062
908666
574872
78466
371969
498331
503378
232876
783704
668424
683000
106702
737145
894270
343779
969225
728067
526067
697103
624284
732535
212420
518446
309067
743762
473097
700812
705799
68633
135332
889466
489822
598345
549550
194128
290174
197996
995194
489176
838011
357663
881569
603669
977458
419765
180217
878247
604260
302832
933746
336365
367675
972953
491817
517626
672768
107722
604393
483457
919530
640625
150975
297719
911005
107374
937548
133883
769105
4958
776649
229263
494656
803081
706212
980060
501843
158533
50478
314128
613561
445555
91749
782153
557061
723061
782942
238614
721868
735996
210155
634210
110637
880453
162318
231160
208538
127686
185739
591394
113732
698126
325692
881149
514699
728454
884375
646798
303557
631149
670713
380438
735228
688837
187249
353977
9432
936851
102262
975775
104030
163932
843606
710842
301277
816101
67632
313424
285360
61125
393445
390497
45011
761225
965432
426068
876658
563572
574711
766561
372564
639782
439566
55911
475909
888572
994206
990770
973095
955672
951042
738776
237540
800843
78525
144859
861146
827048
73169
804179
415357
619137
116386
653530
668258
799649
385379
298427
836697
898620
776641
462176
757411
768164
114732
688887
382067
885178
927094
55901
182662
102587
522051
564049
551840
272305
968136
626798
125143
437301
439229
551782
281361
441317
400826
153915
73953
55377
366188
528552
219370
260640
289024
286968
149340
507966
284135
496437
268905
592391
330250
82316
862019
716676
58779
838798
497953
881651
603954
623327
960136
169551
515468
6641
868568
114555
367757
329899
183547
107104
439883
85776
437176
931461
124921
342066
75786
533792
985159
896984
310921
940085
417032
847296
390790
697138
215483
704667
287975
263085
775292
61620
923455
891716
436777
607488
52084
369712
374479
846548
484017
550454
914156
292307
636134
809152
807926
983118
823536
557119
354243
203707
593619
749084
611356
393060
886144
527338
715125
584066
652664
250592
77102
448725
445279
767228
906246
800297
642327
407499
547174
996106
599982
62372
592930
366049
385074
99495
876604
475491
334418
226783
811401
586206
849627
178605
44104
450218
59410
292999
920778
984242
449699
369172
542526
372150
688409
893688
767661
271168
433247
566011
385233
710400
17431
114636
596164
103978
861269
796779
954091
453241
956004
306965
380346
46887
372010
727997
218109
334571
794681
156255
480872
275828
692399
22692
729503
590112
823781
226087
55071
251965
641946
772977
800572
518312
183991
876832
292223
720914
465513
374637
42632
21682
155192
745423
905982
728410
276231
970727
65193
968285
519124
927330
452072
218415
103806
473783
191724
894915
946132
21835
372555
539885
630763
256034
130228
243935
133280
320400
133727
526987
508360
455849
594057
948090
912590
711576
435326
886354
93064
467582
537396
668463
187714
466880
53424
795163
415720
47627
599332
44578
314202
248237
228241
824263
830561
476609
772608
28247
45147
148266
991600
557027
763990
820144
614091
985597
243994
261116
488396
184593
128090
466015
396664
858631
147004
347545
115312
845266
450891
977755
156137
86854
756615
857949
342409
39985
662845
43421
354251
762707
371957
862072
341815
688009
966910
849092
396993
603428
506655
37098
846008
35468
268971
832252
276737
698903
260037
730256
139087
506233
980746
156457
25995
541054
7097
312113
183057
838789
710016
244150
825614
189249
164183
992270
22495
114936
825004
485198
27146
56553
932236
456644
868336
197619
622915
506476
494107
216502
919177
353742
237367
149577
939007
264693
375183
668689
824822
426044
725371
891455
311255
723704
578014
613735
829218
588334
864084
113300
108592
974129
811559
946706
695730
880842
514815
792301
800810
823772
572246
117753
412117
736282
353851
337808
741256
398179
153480
992878
555655
934565
788112
533852
371678
321691
192079
669656
572508
933413
655374
994183
497740
832842
702856
37009
116271
695694
600692
30882
145205
366026
603746
62650
68130
898998
354855
733226
615647
909319
243488
559225
126923
354715
69932
340300
347352
56740
501917
285374
667537
794386
184885
464008
534624
198387
541214
875290
203078
571049
637004
962665
121167
135152
20636
114234
402197
234387
28089
678079
289000
348959
504389
393213
507884
713061
406385
536621
918180
938287
685340
330684
65995
627199
568027
193948
193608
653810
51211
732467
44249
691875
280435
968777
98027
278371
761880
625467
671463
284743
473150
630355
101003
33278
769053
354518
680024
113139
404069
397883
180993
360166
813786
876279
461863
155566
141617
483411
114477
791505
955492
1802
119492
500022
386581
960849
826633
901548
41443
456375
299236
613089
180444
406341
893699
675419
958501
326317
346799
379982
582041
908342
822272
681833
93172
824279
373383
71873
569524
259698
650990
423328
658933
331252
378926
637861
231071
391816
80665
101482
364402
891938
170757
324784
482773
480416
641173
307075
689287
797402
15839
539845
426336
195419
323063
144167
210912
401361
392347
23191
206038
617696
640512
280718
873443
947830
695513
271216
39059
710421
620110
741012
127342
938077
297042
557055
149914
377280
869173
983474
522236
621666
786732
751563
312926
547685
46668
22640
151236
359658
13728
555853
278815
441711
926145
163315
58949
37790
575671
581817
67178
332957
707723
662336
83596
372378
54927
404558
817869
756261
83384
739291
164135
442004
607477
86927
606851
572140
328046
587065
928281
754448
378351
983540
840827
579957
309188
618641
319132
207491
892220
280402
633491
314752
253960
23921
763612
164207
475048
14144
939658
213301
38691
58088
138642
407706
123247
120492
157268
689037
800662
115426
532183
633477
250835
660441
720468
797905
448534
745714
303156
144459
631199
656979
532352
872396
629167
220780
662953
780407
102333
551021
464793
337629
43684
481846
165071
918581
604780
660355
967257
352626
221546
480964
644596
816005
789971
807288
31738
778979
160202
640457
237369
922235
45720
273002
193193
671644
647561
634703
623628
476834
340358
289722
231946
26052
791669
721272
720719
961074
755491
5342
759666
923657
881746
963398
173886
589892
126445
643421
719671
416677
353553
929937
960
885626
934293
24633
352682
621750
923340
383375
265964
249818
676840
360242
896517
623007
793688
207052
851114
186728
781379
391019
939958
536727
78874
203264
927669
476198
512492
871946
416688
751386
262059
593119
755886
456214
509158
568391
948057
679045
945609
521797
444842
550831
390285
737706
43921
543062
806737
905863
927632
232714
822101
215709
204045
634100
822604
20510
220994
528462
644730
748671
981740
741285
786851
739998
98966
119768
253653
22209
659836
10034
565825
263035
419325
63112
437674
572572
864153
991292
191159
571152
719507
765493
910628
68763
795523
126605
282053
794354
904601
237968
532780
189871
839397
203120
915197
272680
762850
287993
61133
474384
493976
798447
523762
711531
815022
824791
184136
630873
580737
547799
927370
4161
552934
627933
135078
312026
541316
357906
180910
548997
866813
308761
96396
757282
616694
584081
468400
989154
575944
235474
21395
284266
494712
865749
166841
958389
989835
668719
134771
235774
217923
975524
979605
269019
823921
213369
384549
990892
412095
37374
846274
151265
441513
877902
657465
301286
503821
430733
687257
580095
939906
263724
287012
329373
883378
263140
44742
864080
285352
976207
282836
237995
914689
764084
930183
616443
908129
4883
568002
992519
565277
647183
827496
74937
566921
76597
689510
826933
712820
40384
292798
361028
366844
792102
550959
149307
14399
817537
259951
649488
492975
716569
286725
764245
330983
548105
542168
316308
891347
300361
315649
400382
825469
180119
278960
170598
589926
869392
477217
229085
463138
849281
368984
338138
916603
94994
349914
840211
151047
128299
166655
179338
673227
679084
424847
460502
897596
708218
933049
639103
479435
610127
712514
990569
734898
975301
693056
161184
106901
343068
520890
677885
485408
374157
86999
327369
730826
392454
514557
351351
27364
783820
639688
126117
792463
938282
346864
855552
817011
486994
830381
855530
105196
228943
301956
444223
474085
543269
460214
554916
161158
952739
832144
215402
24339
221635
172376
222464
22421
90268
441134
391806
417169
854935
19344
772019
93936
961932
47206
350811
40869
898859
192431
650659
110383
381686
27421
978815
495024
851195
230942
389387
884280
983968
700762
813599
339242
764387
715886
647829
110439
246769
588302
946599
45740
621594
91338
982718
249717
947644
311724
357569
468560
574810
702706
395997
413949
956757
261910
873818
656921
815614
302165
466964
811877
128630
765339
177936
836770
588023
519955
412460
52561
437811
310610
18823
232561
583276
462603
965032
93479
440488
513869
792892
465752
588271
383682
367486
637907
76729
650414
139532
843736
661580
974897
143538
28579
112635
803922
604982
548542
771202
624899
968281
428032
569677
378977
382966
180507
295554
477651
78192
738604
300128
146560
433916
456576
792148
515686
965907
291412
250462
778640
715459
234807
79158
131747
260611
159839
602432
167668
241860
319729
108524
389331
324535
521422
859515
751341
816306
266623
817002
105392
923894
347460
365944
661192
15383
865036
113031
608214
487418
306920
940609
631697
983335
46821
383241
29079
844780
282052
93143
563347
825193
819682
784227
94635
401813
461035
151173
230285
94241
731493
510224
781851
368312
765532
452404
907936
136489
958813
610385
316323
919009
611467
506676
746448
687379
465191
180592
91063
310993
326762
610550
643636
142647
458893
729411
57923
241099
461876
911499
447209
401379
372567
388087
317240
801247
367837
636997
160863
867290
201168
606532
812380
45121
716048
39702
354730
412527
216719
964301
922185
237495
641208
115438
501716
301496
797985
158793
235755
641473
256028
274517
719673
536504
408198
691124
105496
888683
711190
384391
696596
148785
946343
984974
920485
165030
771769
565711
86021
296371
973118
780086
583918
257068
544723
658864
57252
927811
958805
773313
562730
415323
360316
283840
677662
461608
407189
597272
995189
272755
896212
794685
563447
751439
130015
610706
982030
19848
846476
55241
572599
694512
230379
122935
168205
572057
136872
214153
113349
251428
607386
280547
532959
677134
608023
38649
950984
646712
725597
402682
576768
2261
77477
133460
988672
58046
873624
58760
231212
755730
64484
267391
202930
913591
836467
796983
462215
244864
496020
737707
627689
224245
286900
950652
23460
186243
503685
807071
396521
610325
852587
746058
784132
534887
871578
656325
781083
984713
565804
348395
326980
901257
283205
50276
319567
692073
991565
980299
775583
405088
615429
723774
394022
128573
543386
373155
191207
432072
578858
391858
694995
621807
769326
878302
235386
182241
88744
377889
934188
637489
600352
94236
741545
139541
194226
730286
327672
119955
594397
225705
5640
545749
755340
285442
47574
283517
549256
780069
60247
37448
421261
632103
184547
852052
109428
404937
743527
125453
570147
20203
377738
137907
337873
981217
158363
282285
404145
219181
872021
182191
476861
569092
979598
755625
488392
165429
393885
461972
85324
416936
92944
709156
189609
490740
658985
680341
651923
834971
412318
321253
737040
13462
162387
974388
952022
394644
103721
754489
308526
490004
809533
682999
566774
548150
129488
651973
301544
51306
922412
688944
388594
891300
533102
828646
797391
512888
241804
6444
596725
722382
104041
888495
131590
847282
461038
770491
490503
569248
674143
985141
732321
777469
923499
114796
973183
688383
539457
517587
954920
962370
826738
846169
514380
441925
50878
973525
271869
631453
883127
492088
350541
127111
132744
533311
945785
839056
253220
543703
837543
95797
476861
68863
893801
94741
1623
320306
348521
500488
768755
557489
149435
613231
506765
624071
514050
138230
920785
302700
133912
613079
780290
329072
341229
728238
731467
428090
352826
743180
551577
911861
500162
453256
423762
966931
829741
409339
436164
854509
417414
998048
595452
80392
138790
252930
196921
465258
865576
883741
823396
491624
68444
428315
19354
398416
700174
941831
588681
546922
993863
104844
121110
598457
313014
242996
576801
54730
339632
327880
431037
767161
967092
59630
859677
406328
534187
998931
858937
633036
853923
628924
524279
100654
185900
195151
996211
15354
466600
31037
764985
16496
741831
40885
980182
727161
320836
505779
321796
859011
850859
765437
265856
806970
721061
404345
52870
276812
32104
191890
305715
781159
268188
192615
791715
371236
899251
638006
663036
643229
981821
380877
978966
572548
37231
646944
345272
654679
179788
119722
188045
918115
491923
362319
771601
54632
534721
823556
996755
719712
862020
616892
364043
294495
290626
2594
677602
139929
380303
910067
963613
918404
719402
936479
326080
287465
118465
777121
988634
710437
866066
689278
620967
242904
675714
31616
491934
742155
821802
900458
191533
399552
375830
864061
578242
804796
108499
200991
677415
2410
275494
834316
277338
723234
258367
305042
479358
926527
937221
248037
728895
468867
278554
271896
419722
297733
426678
908023
992112
173145
210127
630462
338035
546921
982066
844268
814118
775886
985155
649243
244227
266386
338821
721049
975072
296709
750893
365898
370937
382640
630174
451454
745191
966423
347285
235622
888022
976577
79472
611597
264276
879824
745076
242848
20145
36415
292341
485320
668943
740858
974209
363685
793126
513734
952681
955427
535080
861782
987054
603271
598370
790351
389776
49386
770093
347693
459748
673910
59121
996070
244939
964903
324920
550727
615050
265669
190203
859288
613698
351047
211370
911652
922297
362800
186153
862340
744317
389042
605454
639038
796529
199157
544394
399563
672271
900021
47959
900607
273916
657300
615446
345416
20316
614019
901475
876252
755274
489341
788743
140077
706096
985993
523275
343819
606800
190450
138964
547914
81132
115760
934006
637244
170542
80844
115750
104396
911660
165807
881655
148011
128556
132862
18912
259567
182937
550875
930129
603431
82986
129320
204470
144658
841852
856551
898825
574399
444794
228789
42852
297377
25217
299777
424488
265480
506006
203714
473241
855512
792834
411626
499323
454923
167397
431580
580144
321584
511838
354375
243950
899335
255401
449132
821079
21483
754824
737015
334688
110058
567445
900105
378894
718521
421952
894043
854293
747855
579492
681250
400690
657005
300078
633332
658533
518706
932493
924318
903092
865514
501064
578402
55799
40091
523761
311931
401581
548249
397315
754465
231144
669412
709777
338342
543037
858525
305606
707109
156739
586089
451402
92053
612304
546123
131778
841027
684432
450405
541676
336434
39640
721861
554741
357377
352043
140955
279991
42609
890128
995902
720000
767109
891717
356374
576688
457754
247664
79708
360676
372049
141503
283027
564062
611657
576890
328740
146011
894235
21983
346875
558249
843372
445397
705
820823
602569
519599
39050
959646
586064
206137
468244
381825
51559
716806
454344
446546
962684
444031
457600
962676
956445
129932
924923
362983
274243
688349
260156
127207
450273
567592
921079
546760
632595
682780
24441
474532
191856
333027
134591
280597
294995
123138
485207
63303
999749
667811
385653
168547
717048
583135
782707
609736
854845
355429
24299
193933
506579
811322
602079
674761
835175
581392
214295
375075
196854
589816
454151
228610
359916
828576
563467
821645
583143
238888
252830
816453
37877
877033
313365
772620
333293
892615
873267
354568
292678
623602
473579
932964
385747
111069
63809
30745
884524
709970
701100
302518
361998
197033
788021
739079
452317
498890
269885
425677
437662
389507
999569
561143
588962
164397
625695
899796
850319
150048
509185
740091
872703
609662
51803
154608
870057
507737
499035
6897
821671
962771
683746
888750
188122
709524
506103
680396
591986
978222
488618
658771
591772
950274
107478
323819
944664
847418
167494
191809
900778
297936
797666
452807
363448
558038
840949
390211
245120
337986
21240
166206
720835
506401
10853
223442
115186
349627
750796
176406
182610
749383
653271
740809
384525
607614
493647
188864
142031
477260
23313
556146
663783
7527
57115
138159
805696
891002
628002
353444
642057
21039
665366
240971
173038
964659
255415
636111
635890
84484
832448
496161
571118
288709
554864
120555
185113
927391
619999
790271
339477
703252
504534
548952
570057
261878
229849
483899
909655
853332
395720
987109
481252
868245
546692
466888
797969
21870
970362
969683
351127
207398
192299
123503
999280
507064
291692
180033
733759
368927
749251
533339
630960
482996
237743
412089
197610
532719
411606
289942
268743
179589
232056
316769
166025
604582
645267
102221
647871
845803
278793
817405
744375
674935
101143
856410
121760
647938
607044
29869
715436
157434
616749
124504
645285
586555
355920
878325
720173
892393
228858
629244
222759
590970
330240
318080
371961
300822
846747
677840
355830
436812
513428
680835
64773
644754
22796
188433
732112
783051
329355
11843
406953
275786
225336
145217
922569
378995
669384
499329
732680
611947
902459
192533
875379
169818
901280
917999
922568
15784
419715
535166
715136
76862
933966
425686
862606
316310
752962
395150
820050
488111
644501
664292
822151
730567
506272
635544
510165
318287
713006
549482
481718
6837
581413
647344
793098
68045
163712
529814
630563
909452
811311
674947
151151
878523
644814
575302
27848
137517
901389
454388
948863
743480
287043
742272
374937
965030
366583
158389
245306
483395
468801
87549
251487
879866
551519
348171
835647
727576
161853
17004
369038
17095
844890
598542
6604
203727
806516
846440
954826
199703
623579
906523
787893
836499
325495
144405
392830
674693
637787
628537
937181
388046
101692
362291
981637
90922
614097
85683
815324
914817
370755
105371
499420
754901
383668
148219
144156
779018
39222
183263
747193
688168
83888
857695
343008
937269
556427
108511
658153
242466
751262
745264
478279
33333
192589
741199
233427
303780
775507
685768
747252
948982
95950
262627
557979
946502
727996
68981
859126
450894
131181
181881
89146
957852
322011
562564
208127
792086
842643
592257
875663
175917
605337
461151
594455
249499
388619
708345
805011
308573
4276
257575
490998
929549
137306
72370
315805
102460
958049
379827
740281
600977
108174
859373
814115
516176
524787
57765
666485
143419
824077
478025
641104
340424
532196
217701
384402
33683
609052
166733
915532
415779
838189
346930
967311
415793
787193
771410
816203
919672
195141
391283
308705
461652
751938
745649
951220
957958
294695
993771
215510
508043
432287
76330
35386
838715
655084
990750
905514
590314
793398
395762
872962
867202
497748
756933
167667
319406
606972
633533
292690
945624
546047
623941
818910
50908
826105
181926
80594
445815
564707
166663
651803
259067
340497
836613
228429
76007
621148
838189
520905
857530
619774
728009
636677
259475
592714
39834
945645
467670
531482
308000
17221
375885
832670
272590
784623
878023
265444
396201
436481
990687
20575
575112
999933
448233
629322
298763
173975
539401
56171
510224
404530
825515
488133
125809
704752
100102
875618
997097
601481
627882
423182
833200
350049
3623
941398
227050
288419
489422
255713
429450
606156
135163
381864
88869
979043
154410
617563
604697
25793
308286
766021
363887
554028
646521
798515
313491
997278
926074
706556
193108
461929
541444
309864
326631
936742
732372
917625
358703
475671
647979
717710
595250
918107
655720
790233
140139
279356
706519
799844
825501
795261
506013
594797
742683
805432
111956
41522
759023
420443
30245
689259
991851
244070
75315
85267
906506
639728
802327
811954
254638
274988
374280
422401
492050
895804
51127
48303
852071
704836
194888
775274
682582
536220
656719
862939
183408
434945
48764
548509
248950
248357
609430
683557
760565
735455
743506
442389
291579
8577
83105
968615
188999
776548
316869
42018
610937
90005
738681
608784
436584
288213
50045
814603
63005
271423
431055
840774
767118
737649
28728
640132
487414
154635
171757
804277
907939
291734
941350
859204
755527
760459
398179
866767
976841
38182
785931
120017
365290
494231
680834
219929
77112
299730
60342
241838
379126
209832
807662
577932
893148
819197
934591
502173
307986
939411
416658
548427
607199
905719
252717
768930
527862
499863
172068
378296
909132
731567
662092
473544
941451
319806
397451
45533
386311
283281
974763
409758
670558
591027
483834
758499
367800
61451
699405
418161
368938
1426
954137
489757
608094
224562
308990
415628
977935
710550
854866
591692
130786
662425
14604
957866
184585
208431
994885
444873
304055
327955
629305
136715
718170
417040
604908
31809
433889
33127
413313
343669
254751
497430
167408
211374
405956
902452
184430
309904
675621
399149
988191
809576
294224
382053
141831
365737
993636
978921
378879
466838
502436
172501
383788
890053
790895
194101
844921
245027
102027
445377
384215
470343
844778
97845
976618
488848
950430
231349
928817
890442
967937
459979
704064
387696
335843
836978
182344
189174
179496
609173
209101
436757
758510
21801
783108
57133
783987
806618
5538
146807
22500
480057
784628
979459
316609
953444
602283
948354
774321
313057
723655
524320
160506
746923
994936
941388
425294
391261
547365
284929
976555
522953
694536
191571
781274
948724
945896
289660
856240
305402
844059
220406
115649
546402
590490
506580
501200
191682
996244
268709
77897
830501
31366
715721
896161
128652
85431
92352
856323
325077
263408
597745
869463
38208
46407
274318
923618
566028
882282
618973
634023
958480
292849
151246
847382
698717
193648
604091
345822
836494
849449
333357
795546
348352
922422
672986
170415
887352
471957
189357
918323
485373
258573
729855
221146
433669
829691
478676
65682
780676
59507
633868
537787
92431
218114
452248
641936
481113
662291
171453
16648
277607
46307
638888
907505
687317
824054
169589
716153
951708
420729
628824
852730
42055
782662
579423
903257
220983
317121
671582
298403
547996
989656
985974
580260
736954
320288
616027
687588
40264
715171
648731
73188
27469
143625
176790
57818
851533
485227
218636
677049
242758
421720
527077
842462
950018
965914
627229
751745
99407
589361
397202
182751
913674
205378
329463
637700
945473
93660
733197
793311
631439
654681
958388
195918
857801
840168
249007
67452
828351
511691
665765
605575
888383
648213
820987
401326
315760
862873
181697
959570
956818
508092
298785
713779
936943
370941
425724
640792
395717
646876
926513
317138
865624
432707
872503
324383
46862
520976
708478
798281
786418
287183
63457
515244
418698
665219
422471
618660
839195
560402
775856
228996
100005
343911
858925
669957
480574
124591
765568
764333
506584
532615
901910
42854
80440
624043
430479
637247
606735
977591
737933
794717
916079
726404
979462
3529
4047
290432
98444
415965
64395
632005
655143
695191
865719
76350
663595
565234
902452
500841
212158
922920
969305
723281
707499
425555
843054
600211
377915
365419
502485
7095
187244
63668
195973
999123
849851
932777
706448
98921
69836
718691
947669
375165
957065
624912
813068
372139
120614
427783
808
384292
522512
261314
179743
108025
885678
275282
315798
467847
353916
27585
23412
863529
827578
128004
33526
716595
770303
439470
773630
520905
269901
916325
186034
661972
252231
653940
662678
520721
561046
938711
702093
359526
668469
805916
854987
811866
45011
655888
94669
272525
228615
171857
610408
516285
579592
756213
622493
975377
418396
540939
544871
928584
846614
713076
70722
17472
847222
399278
916266
339956
302149
576895
275745
866942
679121
702639
837361
392196
903106
286237
902263
666173
594782
471405
637917
459148
477189
263582
394996
32431
91140
272770
168377
838862
14156
409105
224157
915859
66866
774446
917945
410613
666794
475913
45778
885486
177473
506412
286973
539590
866462
860832
710100
515554
432662
18569
901851
699782
229913
34543
60123
109793
394184
966812
216510
87089
822351
714392
242189
388641
312625
252628
864023
363571
260157
145917
553731
874800
703354
319798
759835
968192
690134
529206
98843
856400
489586
177148
515101
356082
890983
492424
543867
258786
722915
606440
481020
100519
140020
77445
198045
253960
104708
111139
660829
843774
628952
497514
872540
168425
338768
486462
251362
840872
126995
8392
987594
340815
807553
708018
520322
167159
60305
542607
114987
569424
859512
960929
192132
554639
335205
984079
630237
8709
617494
789244
658897
376184
619124
240957
790068
422352
429447
811190
449859
315578
714078
124766
109359
855155
151423
96026
340327
302966
57744
351560
456142
891410
990115
870104
678811
670894
296383
812353
942331
783902
527480
594883
515617
29056
498492
586044
530390
757790
71324
127712
358309
589895
5326
613363
492082
909948
865731
425969
933084
364300
9270
586108
862207
5780
101423
568347
719515
692052
466442
80695
205250
284095
273055
333229
413536
529065
916902
815657
136881
917692
446582
618994
424356
739701
702583
981874
566198
731646
520544
35182
519788
105343
379898
986500
714015
617084
28166
226871
280886
429736
995366
173389
632204
239812
57047
237271
904752
83937
70468
20471
951849
422314
304293
385609
453855
29897
813775
148548
564988
925172
790611
864780
855890
34358
889966
422289
765398
337523
578963
967809
11842
261714
439065
475226
368576
408709
52037
342970
741778
203682
991099
783071
291634
988303
458030
774983
706519
536971
814882
309355
134860
902648
236170
234083
890915
880325
983920
324693
838097
929187
589668
530956
888329
23039
822744
915771
515701
78723
831253
820470
305670
4551
176268
486229
861022
173372
712844
941099
700751
967273
540516
80524
395989
122487
767177
687297
824972
989235
833608
200482
310503
573960
145199
244735
23606
801699
855882
371498
817087
104742
105657
303985
20481
738356
870352
534828
762869
123758
654468
264715
354084
569780
301257
435522
883290
64613
813104
1561
84451
36525
194259
169640
197430
138779
86214
179669
42290
697921
759985
274524
574318
300382
329864
45202
881463
630248
439375
13859
311734
265952
317906
513292
544195
702396
389099
740444
550853
462049
952205
687425
428210
930657
126912
309129
382301
151995
174689
925021
355943
790535
573858
76463
979798
554683
944017
144283
863030
562732
734509
498784
849207
61028
711396
875130
982056
878618
876691
141349
347208
531965
887138
142856
536977
142237
696013
971705
106588
971731
373908
446204
214877
351126
11162
787440
101838
28421
241399
49899
372754
481766
754935
205580
986342
244412
510150
381251
699190
315751
256471
154264
53771
46187
45819
444371
837333
951829
85313
802783
998172
736721
912002
702436
948109
539289
920205
279809
613489
964518
991313
766926
169579
849655
66061
868422
575620
490159
671489
71886
712542
386587
984507
529654
129269
10976
963322
190729
228347
824321
386593
571301
738040
933107
884206
775051
629143
958841
299402
906109
824902
952800
988847
6308
818544
837070
261216
573429
513180
339346
207808
208902
254509
889867
937576
623937
734261
848553
519904
698368
70020
731526
553943
513191
152218
299188
448430
488371
488764
597510
332686
432936
161663
678580
781324
503233
944898
590333
399686
24333
221367
908831
799865
507834
134092
576427
825925
806503
440846
960042
829249
379252
723909
305696
122518
578954
966599
885921
749797
992631
656497
471128
936227
996915
443111
907709
414224
952293
866871
627656
553128
890419
510318
201279
540783
351246
678184
140211
832679
676778
295894
289855
733485
782316
87556
693667
280852
719962
379496
503199
255875
852130
635918
697205
95434
51798
798435
371748
695170
776642
394766
10089
86970
411290
612902
536792
881667
609766
330196
85986
899078
115128
528093
131322
233285
388400
387951
683858
970712
443826
693469
739982
963955
14023
38472
756888
702242
577736
231809
981986
759918
201649
748956
416811
917903
772461
145528
957589
917889
249933
252691
351479
53245
839965
349712
990179
558411
179745
586736
117380
212643
652934
593171
304939
571300
655304
849116
308354
24562
302211
301757
556811
619160
899007
784300
264446
561794
486565
67353
656746
670037
89489
861268
909112
708074
755830
124557
695822
723787
263978
255058
839154
482069
565600
472116
525796
422198
147429
324088
497608
89296
215561
623711
794287
824764
397453
160173
627777
484828
700639
148693
898830
70627
295161
459517
548836
86005
853975
839973
625685
402997
480070
844908
597004
402578
118420
192950
67999
15485
390922
426283
690154
246100
645182
649745
647106
512866
676040
302033
903952
623577
285199
288450
352655
862716
261907
502109
196247
742298
199445
819722
59106
737767
762804
622279
102164
794344
870574
313579
532815
429830
884339
524053
217276
945581
176649
969463
281314
669659
24708
724220
223967
269398
565072
786416
498228
703798
360643
277739
559882
596269
719539
945894
601581
205883
355243
649211
164793
740436
638981
713706
75525
911014
739984
304150
414213
922392
992459
356470
316890
976348
638968
227250
826580
49569
415773
924049
880001
852773
900541
211717
555055
988995
617728
962788
134024
206778
780462
479245
688910
303103
493178
559254
510858
587661
754504
350228
517258
387520
214010
614970
302618
897417
617940
703211
667727
447546
289175
157138
190401
431137
454078
870224
202078
582812
651884
709153
367907
404077
168251
7707
708182
970314
96642
796018
726569
777012
798847
184810
621528
270743
907351
245079
635728
266371
819754
547859
903986
844783
644909
717326
752681
960257
323035
999356
935314
758013
501786
89137
408104
37198
765698
237728
55802
127604
659648
724689
510148
116279
559093
994094
753360
529408
402224
577552
830489
730733
692609
644280
951873
665699
951168
387438
102705
890318
251544
6124
690015
824649
679943
496038
257564
987613
550000
23682
559970
315092
897812
820543
194490
159102
881866
575793
204184
147425
100599
859320
337028
633149
903384
631737
206195
202455
174891
46214
453036
95414
571183
214692
672111
679255
21603
591174
749450
81672
940752
85700
167253
587236
924460
179541
611685
520682
325984
90464
912859
854357
158629
394710
755680
378751
212097
139636
161242
842812
708653
54117
202339
622351
108280
744363
370664
233258
745747
953996
200233
358447
861759
219772
329685
25323
423121
981032
943308
888490
692081
974871
869358
209573
786967
378410
343474
320094
485105
483880
899125
701516
21981
950505
580916
169636
764250
453760
288706
447938
641893
84462
194023
780731
268452
995212
236660
966530
210254
588496
9247
268731
898575
172979
581501
402208
176783
175184
873528
106137
640822
850012
797219
849737
914543
119036
636816
472808
67276
38561
620123
103125
547428
607124
287453
671793
948831
196956
512247
25043
569287
156063
943203
880708
52790
909467
760831
516829
848398
244677
353408
160054
823601
167271
333510
872394
946485
320175
664764
197998
800183
981093
37658
203534
516920
42455
13196
868374
773679
789153
629887
268604
313903
348264
159493
965342
30422
197309
689830
70903
767897
626613
130515
270501
544357
866410
366238
22710
970273
601367
438364
826637
72369
85507
445834
533105
568323
171079
840576
72167
906671
545191
924640
630987
408250
502135
412998
608311
653023
228497
499720
855539
458425
498600
424996
907918
155594
214523
135391
922904
746356
918887
32836
624077
322270
225857
291198
305371
227810
411425
159007
563544
483594
141104
684888
154759
136942
731131
45207
441179
298258
869249
949118
780709
742834
901859
577593
848410
169384
460895
83232
716678
130841
774124
842465
47476
818014
80849
248319
21285
144467
415359
422670
363598
169246
271783
27614
354447
449541
406
737041
256936
20388
109182
278236
423921
598353
594735
964837
337463
477054
2739
281683
536621
625587
680425
718194
558207
319220
34767
872707
233712
308170
183716
100502
513862
976449
317748
792730
742013
698909
3645
20244
48057
668560
194937
151408
466008
958045
609301
717361
370473
977725
169464
539836
113588
262305
744403
57586
209993
340745
628934
416331
946145
430205
414972
176558
494687
931058
263716
887833
811946
10545
301422
791450
773829
925469
590773
690231
710738
733141
250675
55889
44661
232993
234569
357967
729731
409943
556095
163159
963786
473188
331922
734802
529534
390459
78192
723109
500135
216618
991492
593474
458614
991120
934077
229561
700591
363296
938585
44305
399461
885584
497486
639690
524110
479468
125250
342445
330976
626945
69391
129469
312386
82386
561924
789801
513148
388671
56875
202682
994066
598820
464171
437526
352439
491304
936699
623619
6100
322424
796990
852081
200974
448314
202337
296249
604260
995086
228589
156401
366042
325964
565944
334075
660529
261913
235517
28633
16443
435559
156807
988321
358330
894377
550566
942619
916909
834951
720188
132690
573861
526986
17444
396039
180827
618130
901149
322945
487872
133856
938708
643160
956639
758967
397470
553205
171760
355739
976768
285749
480730
363216
36156
984766
251231
14103
88557
668360
863633
235364
262810
378278
312052
915367
313413
383003
727012
951657
539731
738525
990438
712476
719521
431105
747378
800892
863704
169704
84273
63223
623312
744780
45655
785940
376931
371376
332991
108165
911316
467866
981651
903827
971849
423035
579507
708141
54734
232326
768409
587784
599197
362482
373389
483058
881135
86702
227497
572473
979836
508166
178083
583592
57518
851887
411768
888193
133409
23320
738778
548625
284087
424212
661802
236355
280614
950696
389288
419513
648976
257991
130354
203024
3232
288968
860263
992429
555094
497985
971320
533086
707726
452617
624133
53930
125659
87897
710431
273527
924714
744316
556652
719808
646000
337194
617205
464679
714020
194660
846208
631922
58333
155427
233042
769373
140594
789273
367857
424622
333707
272665
881004
186448
261450
973716
146956
154100
39117
904082
841458
619798
320754
707891
30544
474041
641948
243178
358035
218924
885603
855614
787556
422588
215477
969938
986569
636644
995976
758615
30976
365033
228169
286335
496120
930193
881789
311793
983297
527524
969889
26116
996286
193923
37399
640769
438698
850765
240534
683009
60314
441689
541500
230156
936296
37982
323683
196733
39198
98624
715899
953806
856839
464907
108458
331792
969283
314473
828238
378241
201203
853796
560649
896149
344278
825765
49955
139040
614795
383362
275323
349846
531410
149782
599929
88433
621790
113348
347663
377782
837702
148141
871992
803268
116188
436641
761657
876442
663325
743492
361338
464440
615091
527079
345485
154714
174634
784327
490990
581400
733448
754148
185542
776452
305644
778090
871343
249092
411152
743872
702971
122
62288
85300
401986
248278
977250
385692
534619
468704
344722
201078
319489
50726
716848
307341
78942
771446
360887
403675
268946
850203
802147
827589
550988
891550
687582
967207
125408
740391
221626
871047
491105
387339
623592
844440
791562
912124
314889
267826
928112
657576
423332
955826
723410
461605
472797
226253
21198
817847
761863
239830
301542
166306
238797
939080
428930
406309
757015
948846
947302
119138
62564
796997
972657
873686
454959
397791
740873
609895
327402
160009
316640
397025
57968
650498
842513
418545
417106
476302
119093
275576
538560
21956
8841
240802
239509
641684
853969
963269
305736
931542
94391
569447
678781
605106
516109
142288
111096
645582
59925
341649
906286
829874
124977
653686
222512
896434
350254
262792
314479
531420
137178
908181
331961
69220
201089
155360
743533
271115
892658
366601
405862
176576
476813
483152
864856
413730
610215
871822
387136
264173
403387
102161
682638
631129
199002
648327
209433
675110
355969
279768
309837
888235
796412
720640
495708
918962
194370
719883
980973
646235
802372
884244
558259
671494
519498
692120
281849
285954
379242
634017
730761
661842
766458
573063
119497
120254
973732
334883
561068
101044
471268
335711
443400
580749
182845
107291
400421
874793
12167
622295
897977
794501
299880
212828
448898
76073
358761
372507
14291
634380
925173
53549
80932
39824
751805
395303
398982
255548
913589
625213
931001
393771
605249
625849
91016
541550
762137
453431
259916
743487
522298
732434
43584
218470
718950
894365
984086
834103
892562
791212
977238
266323
959668
578728
79943
966467
754811
161919
403509
729536
488009
841318
723326
188038
180540
887899
562144
977445
368699
696693
463195
803459
637380
127355
685442
844817
920933
134500
599869
816808
468522
711951
869448
168633
277539
239424
934807
650420
988066
101356
537955
251934
321245
191862
758934
396953
393228
437082
653611
783261
833895
830455
275678
970400
579052
555285
187973
358585
515357
807232
917239
777616
261068
594342
466872
166095
264831
681480
508380
454851
740558
192784
265514
694140
862143
414423
311641
694716
541073
316922
645373
802934
208514
870151
694115
46681
534898
98968
55386
953528
755522
545260
950805
658418
46022
395432
776967
918409
482659
934257
366037
62763
694659
396221
756220
523761
828964
107937
781406
250660
93277
699214
565540
861969
784446
490642
466308
82011
324745
559082
948409
281726
983913
540329
576681
405448
741600
412696
369434
683460
968775
851256
309640
133284
629048
465697
183255
723153
147735
349714
619611
539885
6838
44209
626062
534231
367853
339934
269812
138951
767885
275561
640195
802846
758987
10643
241361
4923
546656
358125
868440
459078
32169
735518
355131
738136
547824
34415
274935
813909
883413
979647
485991
367534
881453
944236
392893
517910
703679
107325
758374
885228
704853
837176
599404
123844
786464
535550
672141
598590
536987
842120
111735
852244
695117
928039
289190
420921
455279
47252
816990
392274
486864
339216
634911
117251
256252
400604
358122
582081
177688
705445
845607
852004
472344
714897
646709
614893
669391
488622
180726
829556
925993
122842
815210
957962
195810
304618
716360
781625
757887
859899
898618
730900
121843
774176
854611
217200
11794
798154
557667
785103
705999
338934
91083
898939
732199
552763
300073
78491
389441
870441
144380
951552
907160
610563
66770
742852
517890
160740
167140
56756
450090
217037
318906
665463
168891
924860
669725
367790
232922
794292
149677
156055
307466
416026
645418
745605
353401
6479
792785
867704
158399
479189
888449
428850
975235
730191
724619
367603
249446
208799
311279
51019
439029
214513
719406
196021
741029
874944
751186
750795
270633
131599
803486
563873
170515
50524
963323
683765
166505
339690
366966
287654
471201
645503
497301
666303
206413
800917
309504
769569
645778
901167
597948
727488
342459
245621
873295
347737
891118
575446
225733
207997
620172
959513
998563
203767
667775
354058
484484
562668
82573
797755
566728
307268
26947
330298
64428
45834
201931
270765
873378
754261
521399
821860
334230
470587
193578
514136
302168
524832
235973
352017
542315
731531
222159
389876
218035
223244
373541
914429
749807
703145
715605
951585
684731
11823
744649
223987
660496
287196
158141
784290
113437
184179
742363
811408
662261
201133
81673
628640
249189
38533
667491
711888
157006
440552
558097
161253
543565
121916
226820
749921
273999
708215
972928
171334
627443
895567
829564
688257
874180
394562
677392
992903
862330
654253
533349
169700
872999
600461
128418
432160
945598
464196
806896
341138
564586
627828
620643
969673
793676
658730
272851
753632
122627
15907
420980
266565
224984
513531
499380
597348
822055
334518
726069
726772
782125
627718
663252
213969
620553
518085
53355
559866
979717
9741
307593
683291
362089
613808
172784
208046
550501
744388
156644
541705
101211
632501
777942
41146
462300
478610
522894
300076
181693
758607
87709
103301
866337
311797
585286
578826
473289
678269
387179
892130
757347
478753
993266
40174
900350
56270
83286
967985
690367
385863
711560
796568
337041
494794
100861
610667
65318
967862
799020
11383
550888
52589
372886
4354
890251
456470
234629
141360
129345
512054
675054
475285
349646
472689
965716
248350
734391
12911
116842
462314
950531
463874
518276
940539
872848
242151
932309
54480
509957
164868
473220
432848
598783
413524
482753
427917
907547
267575
250940
175829
483421
685624
37435
715386
907458
29412
251847
278146
899859
185493
486924
937024
879672
928410
161877
68767
750028
683705
530826
769793
629897
932869
614427
126573
591620
465684
281207
901098
979346
630016
33374
594237
827482
45329
864344
407234
896580
33111
177765
959078
356270
808997
321700
70419
457026
976624
877482
760833
679482
242109
408594
136569
692913
476100
926805
694143
619794
415965
809742
455006
754640
471705
354943
326297
45642
230899
886682
718906
278639
18289
297197
743382
293045
249107
809133
410585
272579
625631
293440
897932
941061
864478
308092
652639
314905
567381
703731
729911
522478
176771
219939
738276
503075
339694
881059
125860
894399
69275
917992
704008
652660
722869
81187
914231
295867
148919
488632
357549
863888
844349
53770
471889
992814
953328
5559
117905
242838
96257
707624
72134
185967
537757
133043
378389
477662
880626
430111
734504
434919
659981
185216
523422
996419
113948
36457
81432
252047
195860
473011
613601
181456
524655
493144
857455
410628
44442
885353
550205
171827
696913
277927
578147
625749
11260
795787
165196
173160
92474
613612
962488
216334
875358
795030
567605
264264
489505
686341
701767
20339
998515
697673
451983
148732
988714
216194
300522
876929
772631
751632
977981
85353
481267
212598
31944
34697
141688
351190
742698
414268
268135
33159
236641
59918
61909
424693
854259
740927
876070
598433
953895
800143
421514
953844
229215
925131
628429
315777
951650
331163
346723
25928
285989
383450
207214
890622
202300
190187
261955
931533
38931
793722
466732
836561
866609
295521
678129
369938
197420
76613
29329
569250
132250
28136
45314
706141
229344
261884
70162
756630
581280
304748
782475
757522
741911
668508
91254
507033
836896
810865
625228
214389
802241
626324
665036
713013
39944
42991
379232
666439
981481
893171
211926
642844
431322
278837
929296
957884
870034
282880
148892
815782
296050
777596
545637
747743
400519
630160
146310
818553
999159
508501
855203
774612
324684
467210
187034
483255
229603
89155
109668
779738
663910
706043
995951
17474
848546
634305
692020
45578
904337
282153
909241
793358
973078
231822
101691
639617
200030
332009
220263
45300
906149
195111
472875
151284
64600
596579
852948
725166
669322
585789
593595
326377
167032
201671
7914
994171
31998
281028
225346
438595
664005
995563
268634
532398
891766
96600
617581
868504
849016
59052
466126
658701
404306
37572
761791
499278
712982
498171
220256
803912
517111
98193
30392
928932
796094
299471
607275
675935
67450
619731
13449
76454
720966
75384
319951
335931
356583
995249
75080
481914
577663
328085
597989
6923
133222
427478
710604
281541
98702
923823
68754
262245
812355
790896
328566
335424
159016
932948
238729
209393
651285
71417
113894
459342
477282
728419
801966
330976
739863
10295
517887
255886
639670
791217
360308
975385
904234
458310
898796
673887
867588
392523
465330
74162
872337
787452
335577
728307
227024
383228
146988
53343
253685
937186
686883
966981
539702
18084
755564
774663
546765
701245
715915
71406
245243
370475
538619
894050
418833
527946
821237
76360
379354
946312
400368
491247
916179
755542
460225
523371
91593
166888
492782
857241
2141
980821
133491
430492
330628
682906
68680
105476
58989
477342
450049
597091
859602
642805
477701
940018
75979
775028
860026
691164
867220
398843
362832
748762
936477
888829
202956
573153
385174
569092
386871
773485
149223
221491
361873
382557
3478
816979
465639
153222
554235
4931
943953
203540
659467
984087
627386
793403
106149
168297
204093
160326
37116
32444
854022
386550
187255
671605
108465
159174
746416
742686
63534
129500
527414
876820
193461
831705
182490
717731
413193
969803
47959
304826
410837
940659
568741
717414
195636
168024
622610
723326
527438
985469
204514
726231
166571
825105
799906
195232
348326
68256
370623
698646
851948
519214
144448
313739
140491
97476
176251
414709
381498
299294
441511
172832
108311
393828
227780
141635
334048
664278
906263
356231
744022
620161
568277
976334
281070
613707
922528
843083
251787
694302
497539
193954
852895
21725
499895
353765
476903
867267
971237
572883
462604
576336
352572
505134
42201
875329
457711
273762
304819
223391
473076
778887
343688
600701
215064
41541
750687
944210
436654
634264
445098
510988
317321
661538
953901
392613
415679
720158
650893
480399
191545
677339
28932
594636
268559
697661
521191
193446
337041
243186
529696
772059
759246
103590
964423
839497
870918
743113
515964
299993
417719
42124
749593
610009
769411
580780
72088
857911
628321
538526
620955
619135
367141
129209
133724
935428
245530
828066
622980
880430
564359
990455
876644
102746
799360
670909
118487
931712
413741
106884
795567
273295
646942
961397
871261
455831
311231
774146
792973
525642
418086
323833
437934
68597
672789
500709
18497
668106
826175
347374
641606
413836
460523
928853
290033
150344
524057
661865
997991
351528
464629
305746
887202
409691
82969
783887
357681
717691
919588
162200
219382
496331
851564
997559
671940
711907
274364
248499
18154
350239
403350
413029
591127
630053
298083
377375
643840
973418
159281
523424
503324
778324
645707
895610
865474
751849
569060
112934
344854
179997
599804
86390
591054
327586
486839
918664
590048
753120
867172
505431
942290
969290
432349
407495
975112
990368
708574
179060
527535
459590
225866
49149
314069
229604
113855
886868
217162
452418
296850
715724
422534
117803
292738
137490
785297
717069
56584
323049
963678
905982
544516
819892
352048
544201
223
795814
338217
355132
215195
837483
345218
845343
159308
602271
906706
303093
284254
702940
926370
854449
712819
442018
742486
426404
106766
749163
776966
462200
559783
547192
972637
605396
425199
677147
363219
118733
233568
870019
378328
948646
277816
316260
262745
443361
477303
262169
318563
868833
9916
319751
902685
147662
90773
695915
743394
924633
787137
404949
364942
493551
413447
460530
481535
229119
696103
59926
86300
376942
204336
529933
921610
279548
494397
947121
645597
180417
667067
689929
914514
331109
594145
522035
403219
173889
670038
823373
263087
612317
106831
842233
787554
362616
343446
275508
431923
324367
472378
362003
167342
929181
191242
128768
48600
625163
154924
431977
237228
960159
961666
555589
56233
792042
931523
278149
101746
600821
758548
484763
848449
432845
665858
765147
279070
373075
757520
167511
910397
802709
820874
533836
748923
610677
663344
545056
239296
394642
936281
932652
450217
152539
83637
59062
716948
988160
364713
307124
104212
453835
205889
758739
156856
877090
206864
283155
724008
221202
562234
85449
511728
505940
208265
552673
597238
256480
95554
495688
789770
999805
379082
58667
580635
718118
505395
339638
226966
481616
97753
98337
756785
495747
861205
386276
877059
599751
276899
715493
782301
359064
618070
761995
541020
474810
323958
283202
520273
119832
171857
33647
605327
75998
150808
409406
224929
668859
101652
741754
155879
703723
720815
146546
201923
576162
998786
460029
502103
565064
992552
64042
640156
340279
847278
615805
136045
564759
784573
272759
479268
752797
475566
633494
902123
202255
133821
964618
504761
881293
261868
976143
669657
177535
7211
834229
999053
584768
376985
765358
916462
330612
463175
938401
202190
210842
226814
523043
488907
983587
461714
821887
221306
946638
600111
543292
284863
386287
970618
769628
893670
386415
19412
838715
972752
490280
287861
533347
801435
134382
895937
739933
322871
232273
203573
322715
496612
884420
692548
855119
678814
631663
242733
873262
536797
443801
775876
159571
485347
845402
421998
796806
781432
479396
320426
263892
451627
27274
539332
701227
505450
213864
813491
226785
889621
366816
820119
716062
278900
369951
79266
191574
667024
319606
732154
992267
363386
530739
795871
9343
331781
688092
625691
648578
978189
835570
402288
403618
611603
38351
244003
905168
931433
794948
845525
516908
546811
151586
254700
541223
950943
258623
32278
57656
393407
417540
544984
999444
608639
261733
238385
115941
768725
997511
725466
994939
154916
745026
5837
675416
104844
793418
380465
444580
307799
997463
493151
46195
793275
314342
802647
342406
24006
220875
665631
573650
267107
127805
615235
227180
671031
968227
982935
35452
53717
282814
313974
187364
381877
185434
459510
262889
591921
331254
37773
403084
99227
639589
13627
103777
322137
909285
375483
136823
717899
129819
332878
641525
504013
75214
764824
650489
324824
772996
345524
139764
670088
707501
2931
814322
476146
539609
685127
945481
848859
802972
365464
569997
866405
321939
665100
535672
508614
689585
939208
469231
609343
739418
509617
37798
136512
971268
358081
645590
802616
504317
840648
186415
3548
880425
732885
49885
709410
796536
563640
261790
865288
507594
259970
221973
464477
213145
945549
810594
355859
164091
996179
95699
46344
447928
942175
130394
813636
378149
928136
753039
4332
439211
355274
224349
344394
863608
231770
777123
690875
2841
906126
779679
843040
479258
798384
164351
311097
893868
153341
241921
757274
84598
579523
461036
174789
62253
320827
157883
445774
329050
235408
114506
900902
716623
26065
434521
276636
143900
232658
280088
532890
633280
913869
811407
302157
373260
851577
332784
130412
378642
154402
720116
851760
210154
830802
863410
425843
766615
331692
400010
253042
338345
73652
744046
374942
958691
516152
476364
62867
430509
942122
456638
514675
269564
849687
262865
567330
366413
905241
854739
996584
643077
763560
298216
164388
646412
550650
8353
622980
811526
263784
752989
862547
292081
763291
174046
533913
320298
59001
383207
222107
805710
789300
374617
505101
98490
102095
375351
777533
322716
843322
121745
476634
503017
723236
185090
194178
612392
560180
53015
197421
648047
300418
46957
900055
434890
899208
427955
887479
163316
313066
460436
377326
442681
135206
721827
499841
742934
781160
626093
137114
248794
156188
52883
458416
834474
199372
686016
787359
70333
571835
847855
686133
777801
246700
261784
538654
240480
336450
43241
87564
585927
68649
138754
371808
95710
402544
280405
35486
961500
937616
304744
50130
987956
962558
565930
17774
620410
290924
775681
922323
320235
639440
367804
577480
110286
207320
459840
337039
269769
908519
260398
739938
388450
388529
992141
55507
838274
922517
707316
216868
412875
245384
524421
430771
844314
289163
299704
400847
519525
518128
917345
635912
93023
785147
310081
395538
312889
473958
482324
390808
918074
190574
775885
394305
573845
760921
362731
900802
551849
680756
561383
4583
521846
358262
779510
121422
298326
171939
126397
169898
449316
184093
884384
582931
367241
822722
705273
557617
153051
563559
901972
3007
192099
861594
183843
903057
697781
173770
988086
430288
572576
688418
222185
148610
628261
42591
896534
426424
847736
765188
216653
391078
591140
508459
481727
464595
399807
271192
337666
860535
300208
630052
355275
901593
804623
394410
59255
563433
321336
852713
14663
676219
617418
429947
893592
979841
723144
95692
308570
839765
188370
607626
261652
967127
348801
549382
416295
865560
564625
769067
170887
957653
747207
411401
6943
967147
165216
376693
368215
338881
867904
122749
426529
557454
155653
769768
803743
946446
80967
105479
256763
989851
285474
663618
516214
104033
357055
186839
820350
258236
579305
39967
13179
871592
158093
428769
677654
319305
443142
628128
512407
384818
589248
899794
534482
578975
755515
840465
700583
878801
227651
437019
580110
308464
171674
920745
739965
490874
13090
166721
48988
945479
261312
587585
256834
248360
60740
957786
756781
241466
376980
386498
303493
861954
865119
304405
900502
587759
467865
78090
942743
960901
501121
244202
469644
465577
458360
911975
302123
891592
928281
896721
40611
983149
526685
334867
629305
1456
455927
108547
587696
580361
946633
598756
675657
19408
914327
968119
120176
721292
131889
279134
571720
979139
78322
997608
426551
951357
509913
404996
425212
657937
567062
36142
403083
47051
66043
792416
552010
580400
235419
328930
765405
780034
731468
737163
246489
326323
297310
975179
526064
860021
182864
407677
348082
519338
978935
366656
874468
270557
218564
426239
71495
595130
517250
107511
803945
705895
544746
155083
780053
824096
535037
781609
894219
616910
324392
58743
142518
380753
296516
406641
637995
485010
459218
476314
727927
86987
435067
375436
986517
243856
833292
551719
36811
625102
236725
23283
959856
404544
757793
869561
713109
639273
786946
553607
942661
940797
159254
187740
60218
526283
1286
841862
827711
618606
207911
318297
696061
842833
78354
239909
482794
892017
669620
110555
927683
612577
450274
152390
177285
408777
211787
89474
448434
836996
303601
395418
63697
17164
278172
938817
707631
55998
303908
78324
452177
531688
840454
622889
633357
31501
761106
395971
145607
125989
555137
913909
957974
900328
717202
325687
32882
24549
649505
382764
191494
968226
912603
550581
84374
968258
711472
688943
521182
874070
905154
506518
165335
841069
975550
279527
877518
322530
778107
547696
713447
326080
627257
851765
858652
230097
938169
950116
504103
185344
885781
46093
410385
342450
513972
131664
217141
499706
459656
870692
312788
625138
514310
857311
778697
838552
277042
944256
895915
66564
156658
510757
298424
102052
460549
197554
828504
705621
489373
471984
231075
54280
894454
882372
577464
890009
787183
541768
857275
189260
38199
294664
209855
64367
908654
840810
830344
190416
541084
418559
278638
258083
821307
801427
913442
461866
225853
665751
617733
165073
47534
713459
328688
456682
963479
975055
72213
391606
432806
192511
51558
238507
416210
860937
360488
3748
102170
860388
141257
478385
382404
58697
833748
507039
777360
139815
37267
11630
682456
546476
524823
588020
794889
601922
837396
893030
87479
480115
537061
589450
18124
984660
427815
278179
590907
717675
268228
250612
102576
877038
39564
195543
405261
710006
141397
242926
577110
474203
944031
217574
599070
548951
370461
729680
43929
935687
592194
272078
262444
146023
185096
509892
266316
678473
711972
321077
900781
251927
789225
516882
921685
970089
419093
857833
655429
164592
485851
426000
820533
106534
476658
164902
95867
354002
492621
847847
948246
158171
232970
286619
87102
654455
603147
12039
747373
341855
654450
938138
596278
519471
14250
795430
782584
393862
297237
698755
950195
311297
287523
32665
771816
277528
275105
802856
317093
189269
955658
952968
99046
75094
242451
498877
335717
160031
776117
770351
75799
810259
982619
146257
421860
63270
210751
686326
568130
195470
474134
6472
176281
794858
447774
313681
435922
483238
208293
629971
855492
258260
207954
619078
832600
865298
582647
619433
653231
864358
534847
353747
545751
169972
17318
989231
484482
588729
973199
106060
913565
821039
225451
603631
695831
300446
183427
690304
385789
774489
653635
754027
461964
694567
748048
899509
84183
709317
800659
437564
484807
137406
74274
335826
404289
476352
250781
160350
744047
467856
48275
683475
383697
453478
775026
225775
663924
658500
649542
286571
388580
396594
497055
798937
707828
661640
668416
633296
527127
570138
868664
898036
63999
532577
679227
917578
563875
361368
967021
527413
168820
16199
218388
189680
150473
523303
492370
93921
493667
125954
759371
249282
820942
318520
386859
278416
431629
292805
66961
970648
382623
133898
843440
184667
532130
228809
311316
371238
285182
113880
954338
696845
636417
846011
969086
193104
812629
121728
890215
939943
831789
601095
421684
346665
407927
658682
854741
276714
197341
594486
868917
658749
497176
648055
909315
212394
390560
88481
980655
858854
635992
384655
271573
131719
252022
17692
756451
656263
359371
398092
596482
19265
22565
455164
268681
864328
403406
662999
306564
239222
523881
990590
582642
218150
633833
765201
356505
389408
71780
693882
687860
568796
821339
54858
265014
142696
541467
897619
827768
223336
136578
467077
90145
240130
969171
491758
21222
939709
559714
748862
457568
37406
762122
941962
571069
60809
725756
625111
23778
43303
461665
437486
982879
621348
563879
751914
780166
108558
486679
845735
384652
986836
423854
830071
115194
291893
378135
987417
729890
311854
466659
470872
37919
62495
310404
296714
829343
750366
939689
740690
618816
527719
327467
367784
191700
903579
442422
826952
281768
159234
319159
299720
466853
162620
261025
813153
426900
120341
684186
907313
507945
784605
764719
990722
179634
134294
970747
472698
721763
802229
415799
680084
302798
761874
608058
237432
310596
531213
251620
157002
698758
333584
341851
507273
258124
649690
631597
503678
243227
547891
994413
332362
541862
127548
571274
215533
893650
861112
413910
103496
272929
333353
701621
303354
804216
924315
600786
501686
446847
686570
909045
381968
39584
403936
359838
418222
988934
302491
325064
811198
930706
239771
744052
70535
244103
105781
157042
379031
612517
10987
100997
822619
736856
384980
408400
550911
594469
832095
206096
117535
618054
347857
397034
842583
180230
682639
459893
567341
420868
529615
525657
89599
32589
439284
994138
335769
631181
260101
444490
513883
115443
335772
827239
813388
53834
240126
817450
975803
789326
211254
959080
812948
804578
958297
976375
732651
647294
616858
913254
73565
272030
984544
760951
702552
536208
982150
865462
304987
104028
421014
356276
181386
766636
185192
610069
605480
179706
161826
55795
54111
757310
253875
737090
934129
701206
104170
179935
782773
296341
382069
704123
906761
134744
857159
43813
883444
924497
960924
62334
888436
4512
326628
521347
100633
103155
47932
286435
403508
276806
461783
908174
800722
247421
284496
95009
11256
356574
601187
905739
299434
278627
541471
981502
218984
447986
88863
304550
392676
832267
177024
312711
300959
64849
11754
8014
357748
697465
100023
572215
899696
762062
476435
40261
44303
356040
247196
615018
979262
490607
329212
71595
789339
595566
976795
154442
879245
277123
893423
550732
710616
878219
447176
887117
495041
935454
330062
267443
920185
985088
626497
519384
127452
364763
536537
88567
158681
389079
872762
558893
460578
184213
189318
998664
293703
40329
302248
854791
940708
807599
44717
140572
523908
284862
663782
121919
578558
529301
637694
499095
614312
354620
661589
188625
417081
345209
227106
583019
661102
990182
983562
817430
655278
166017
728133
466936
743526
182198
743777
90374
477520
972286
935949
741207
367102
13214
963660
316543
649542
636787
425523
713393
465714
905457
779827
176957
19210
37590
704722
733772
140936
960063
315405
390743
873702
248570
504515
908903
292508
15427
556209
789302
163638
126498
560611
691849
877965
181043
154579
96449
367912
51809
31401
638979
34337
218661
949809
966393
641025
584978
622940
97498
31626
546082
15585
883393
847623
782069
572439
969021
6110
541447
259506
885244
526410
440936
508381
761805
663222
755019
668716
603222
770277
621281
262360
901884
12066
482417
834898
794008
922072
832778
16976
370994
615940
706630
808396
363301
92786
290431
436687
385878
285855
579251
829951
714100
259023
928577
131339
384781
376488
453677
346564
493829
398056
102580
904844
235607
515028
774502
993161
180034
303185
540143
347862
407779
613586
515797
81132
38158
287151
339594
285778
339904
732505
579998
706670
930211
190994
423622
813983
179689
327143
461060
6559
241803
329103
462143
655688
231854
861080
859627
291701
24572
216406
319768
22693
336341
331816
128739
499883
700202
2143
621488
169605
487063
701408
769217
618060
134944
672810
457450
110355
908385
147661
278214
348754
474775
246698
556609
349639
953059
701519
52982
844504
249908
185467
145480
812641
28784
615502
327842
120605
680548
692751
665014
476319
763865
171086
506032
46682
894417
286347
239883
919051
564065
866594
437488
258447
598020
114136
779452
249863
313544
520649
927246
655423
321415
952735
450463
298105
543687
5403
167011
266656
295020
541559
383451
8894
832438
64904
435763
871273
418195
20839
286131
945398
858676
613262
449878
868023
795156
61369
730666
797511
990102
333855
273411
525474
271593
607668
821729
985456
546788
539234
898981
398123
598479
118540
295295
38517
124461
420899
417284
558428
548418
177958
270295
435295
545842
491962
474163
562484
84128
600158
146381
558015
393571
244951
242500
180805
123245
852937
18624
481935
951570
902023
484898
835431
540340
763867
15979
635697
25881
842671
300387
191781
163121
484687
449553
371065
985145
799397
236208
677579
431933
512481
907163
638653
700304
86734
113756
405466
619198
587217
138353
23608
494194
435690
107733
5890
843056
99785
628112
64859
409887
652477
11032
63555
17
836927
498947
308469
255612
191561
473851
550904
23616
771268
663507
781454
451274
694368
718516
646494
59581
389088
158377
396245
742491
904710
895685
66337
165677
679107
157442
293077
948622
45738
801015
70298
943161
773589
835127
182670
681119
728793
114486
60215
297005
147213
70292
967001
686541
57075
453866
756425
423959
234227
48201
303536
117167
781629
228859
741267
157461
236516
713175
696105
465430
824704
660522
722188
551458
802281
465240
352116
150716
767970
127298
902287
992351
290012
677511
503553
771262
584798
346265
343525
344402
697902
60788
699541
986826
145586
618625
792473
395967
652140
869392
68228
850627
18427
704464
757706
78008
653510
460475
634798
548651
854566
113698
202988
787699
863550
650097
933797
982529
824288
103324
37640
477891
904298
10384
725847
494374
490740
972151
717447
272019
64915
145119
250150
917432
451810
299345
478313
878860
930159
355690
699424
758451
331984
458570
113667
553090
763899
174769
855902
628884
772557
731736
531238
393435
309063
332488
739929
181025
697639
561845
365064
77927
302751
271441
975605
458476
521904
440530
297489
459799
9534
374640
561628
819085
182895
201687
179611
139988
90250
820720
1913
407621
52024
217537
847644
638455
328118
548755
963432
294427
529607
401391
8873
282315
326863
940384
676814
827260
940209
97434
705188
316675
198733
579913
761472
182057
639758
422111
349170
463569
828491
983126
638373
836055
647863
304121
963529
704345
294130
883456
515079
34802
517026
381105
936146
278659
828595
438787
693326
365234
607465
519225
716792
75633
168803
300984
356269
547668
770160
666840
22091
873044
639484
332953
397581
181906
926175
128728
302669
760626
128713
720799
104734
408939
621852
560790
990331
975626
810352
285161
848870
544614
462531
652723
736652
841704
661820
138620
840796
715073
643420
628976
268466
217272
741961
67919
236019
150232
6373
592515
868613
403714
369689
915941
272353
382434
919860
436373
104010
744811
876913
536623
583351
314500
933871
533745
268312
489404
563372
565906
171150
381109
237077
698405
183058
392333
296679
736041
585583
853132
373768
504736
180015
183820
370840
100529
584388
365031
294923
982072
65265
448790
904727
486528
36282
852030
130612
649557
487088
622101
295496
641876
973627
794997
668822
638906
136919
178562
756233
332033
65252
693963
935799
445
526475
844054
78569
661336
6999
724318
210021
722911
828570
163600
43370
84358
170508
947572
761880
608348
79551
138258
844804
432092
683027
368082
395528
379444
480591
14105
537576
376138
672933
468854
99467
307180
317055
96947
29056
175309
4007
320075
951604
736628
807911
818454
351579
228140
765974
572481
542916
740085
512262
34115
130716
210616
799518
675428
423264
376715
478392
885111
579775
771617
829919
302900
41790
737518
79075
360716
530355
10851
260537
18107
97052
825292
606933
514538
352782
435771
657848
946642
1683
359677
737383
80735
800839
628797
415734
889332
125436
461726
319764
183419
492289
414290
87420
348302
240842
515217
226444
876858
584528
792947
888937
420998
618740
723707
963414
656413
463578
939080
736524
115629
583632
92753
959126
363652
912494
850303
678778
236542
527983
39437
768816
196634
379733
159610
845651
103382
560717
653592
957890
992430
700171
164858
447019
323029
487155
217604
181184
148520
869021
167633
719801
693710
527733
742146
640472
280775
372415
106843
986469
22817
197505
561280
194340
556768
65671
710603
364346
495095
222797
852027
204941
308951
376683
615752
678373
791512
857111
419763
450273
407622
313940
504239
805034
658655
14265
511524
6747
525010
538503
540144
748093
373888
486691
817895
627692
832634
634476
902487
988771
800309
842414
215687
900271
389249
310901
772336
88769
906391
845329
275784
735781
928226
625996
896337
218799
371118
439364
905295
947170
17319
166150
755372
748212
72914
10621
137632
585655
320091
592506
252176
910954
365469
791406
168052
933991
666395
894022
909707
911302
767688
379260
109283
613402
469285
412995
150
630572
468295
700961
144140
920360
714634
798857
110196
414312
94539
759840
215977
601539
977775
13174
143052
153747
56646
480131
128935
465805
2455
361478
404246
408172
92814
207439
334412
454436
244040
817900
555666
56669
575026
453318
869507
247085
883278
741677
307947
848928
671089
598209
855683
339291
954392
774363
541467
173900
524274
767843
8982
797334
580020
941986
396218
899228
727708
354573
549894
740469
891617
774865
674608
588836
516153
540099
998119
474697
336656
238845
658157
343512
496034
644939
107490
491894
439269
854831
631228
406093
149283
461009
356428
7784
825256
588449
406586
911024
855723
408864
271367
735849
347339
783685
617313
957355
758787
426469
71785
232634
108575
202768
35426
928375
506346
777580
916668
89516
284850
615940
416083
214713
239386
971338
964319
67670
198120
18331
688975
519329
371124
744640
560098
666261
381483
11111
444884
404658
126835
91112
322083
766401
422325
130235
605016
940836
40845
63731
97653
415992
646892
203124
176364
643472
994035
704790
741537
583172
389128
644909
52228
550404
497990
866468
838309
33076
186889
103871
873962
501516
249539
247015
73635
885932
943179
436448
75702
666134
678932
702295
454677
765663
71846
685823
367400
757841
654615
483504
310690
877423
387205
312376
566819
386166
882606
814666
727455
11862
321880
976910
620552
390906
992967
326534
489889
361488
758748
314373
954056
258598
240833
339373
279193
623665
766264
286707
775267
936677
56038
178614
395299
253614
920398
944543
139603
195926
976545
99084
761570
611684
632525
377348
262286
555093
302607
993522
738478
829253
638471
958869
990308
693963
638718
301692
29952
447498
154142
242485
386524
900501
873357
497379
145814
304342
103921
329154
672706
7838
277556
478484
261660
534312
255402
186983
946224
465879
547168
122792
553525
991237
361002
732960
304949
63935
757008
578862
931537
752041
65034
789914
461296
346873
812991
42323
884369
354791
737844
519570
641868
728836
904318
822432
886005
426313
925141
482062
519685
627764
329431
173561
804582
703675
933205
867024
601454
791499
928369
822638
912980
424580
265322
604827
668555
72334
902821
978802
274486
272487
235103
960422
832139
656658
651815
156995
345701
184292
65097
716057
506636
279764
562457
355066
708632
514968
284279
843092
417095
213318
441206
521270
495970
46917
762480
670378
564122
942474
415904
470131
55435
393396
739880
644913
170231
609604
609943
717131
113213
663547
429625
972599
494381
369997
370949
819992
13168
28333
450497
623597
140400
862861
368501
705359
668116
606566
132315
65872
10121
954458
996440
960279
738391
400052
14658
555745
394467
592717
119096
372900
137532
601841
661078
132481
988832
146764
757624
897110
976623
887041
983251
729632
115031
545759
50416
978098
703528
230689
825945
744166
406148
798199
688494
430631
953608
543613
105749
953063
517695
555672
128841
23829
875618
92225
4954
165756
618010
359130
398335
2923
780758
979922
816769
604783
145435
846594
217143
852009
598415
714997
793123
355407
947349
799422
238044
965629
2278
814953
481222
676308
632388
144021
981862
926767
594241
460763
49381
772997
281876
634550
259436
382759
601355
510210
359424
517638
560969
182493
695939
186750
772951
52217
436896
67567
196029
55852
820238
172028
907440
172795
761194
380943
872275
892678
801549
332613
176928
273594
261762
20456
872921
732440
597987
694134
163318
665560
132619
312274
266991
247118
920510
807973
582684
815657
508165
704580
503472
603875
649584
427905
205831
719150
597651
530342
628818
798270
331372
565779
273308
852119
456834
273898
910711
4828
554365
566257
93669
605877
628126
937361
560082
260179
974750
354997
903411
904668
439817
819782
347932
292427
282345
947431
479426
983508
449513
990860
950283
635548
680710
708142
235229
930851
589787
702254
167596
720061
353617
169213
397647
356935
256360
958223
720006
126557
60146
959283
958130
93709
930715
176690
606998
173081
482424
534155
32848
473214
83530
958309
849708
411765
162795
450169
120223
767243
344674
128715
737569
773512
960158
791834
565489
231454
341515
304737
163010
572515
472995
735820
965132
171650
983623
557926
913062
68179
548322
75619
856355
518793
196788
592297
536633
272723
739230
271234
99268
603312
713913
802799
708171
192943
785900
441738
749033
446128
911937
76771
561005
654877
306399
947067
879836
937861
139663
558389
398100
352924
629347
262488
954244
260686
604580
771070
185542
453858
343514
773220
439560
152232
876967
558793
862409
20297
888606
716716
338116
604214
994987
111000
833650
739681
481342
525757
438842
499994
3145
843580
909829
89131
642422
645630
687239
605811
760361
687403
705431
829138
919228
239864
544998
399576
3528
903179
187816
651890
210459
287171
819591
221784
527960
456905
149979
247636
517589
579016
716121
120153
630468
319329
55489
200731
855667
600386
575836
491167
645466
961926
925267
640253
873563
36604
592607
528912
513619
711524
812958
767180
731078
466554
853227
962871
853715
193572
713689
997858
711362
529660
585390
922020
394670
70871
818343
138115
697290
640686
595750
68542
446540
140276
309394
304486
308125
159144
294138
921399
45307
723789
276071
61117
613866
611526
597179
33703
678081
559006
959249
325612
766525
749067
954190
548212
781975
829706
247074
477461
742424
297199
524533
807386
918798
136506
846566
408682
369947
663288
651428
334399
215176
375030
858586
24672
1380
233818
96522
294697
946877
549989
582116
736950
133097
720830
591624
684238
372774
870538
777524
966719
667606
733259
355268
123847
371415
583172
489205
97233
441364
752037
516828
861367
345961
343905
503929
502286
914066
739529
939531
640535
142342
411677
436816
529454
476164
362952
571786
942358
809146
602656
755301
791824
570268
283835
885337
118548
805165
112706
714811
333506
378143
601153
895891
617587
541447
186842
444562
164049
15149
476459
263414
550602
253250
552341
321823
996709
814026
566286
192531
974026
924616
703883
837647
866643
318297
775349
644296
373441
237074
411440
835927
487252
300109
143320
306156
940808
328581
642994
893096
406517
197645
97501
971410
660219
68012
508319
236528
181583
814705
83140
877021
716149
68978
558641
893128
116412
761425
336196
367671
781770
554195
758605
225915
211210
679250
123475
603695
563750
922892
636915
828359
145736
668599
955258
729218
504599
642961
847937
818883
978768
197026
369736
114422
473237
165184
498997
95852
979249
45499
353184
551211
164348
308580
504370
227736
453412
68764
606855
22951
377366
960187
437102
127696
88063
632692
558743
386290
250780
861575
830076
35711
589829
65764
363426
926988
806048
156560
20085
566887
553412
869359
791456
303761
436130
338706
644342
270018
889639
744009
991250
195140
221356
349788
495290
564735
106205
704107
193811
512321
232596
934580
147959
419992
752687
165600
131681
948298
153492
893522
637627
63482
898475
26593
806752
408268
229463
898300
895043
296639
348854
418026
424963
642233
103210
186237
272724
416296
493040
45044
412798
11918
846500
289278
595475
861616
144909
79202
782491
305742
866369
69018
120992
217092
723232
389640
678927
605547
80665
318145
312707
140620
27617
408328
408352
266709
187651
745309
334523
480468
48389
22657
601717
92789
71402
593108
769855
384534
78637
439970
842621
85463
689777
264453
900645
253666
124850
181556
988546
599312
437288
987740
331670
8260
874854
699780
717099
158248
973879
564789
91029
964205
568375
196714
771951
497346
262490
819923
873661
405644
312395
565986
320032
489315
187477
639275
128077
98443
99067
420518
310418
598138
682491
585824
204639
966448
463669
386668
916325
45960
105151
171288
407779
75482
846006
669006
154032
239907
653093
470294
710514
559832
677483
979850
661250
720892
135975
433940
509953
811297
101309
993264
680368
355089
526347
386036
775437
549425
59617
346493
971381
224916
845075
44978
125630
809087
105426
507093
47088
5234
971262
277869
943057
358682
900241
847050
230948
346867
488839
428541
613505
175265
894478
933830
336169
635284
818828
468771
515789
490576
673939
677179
206744
119754
347158
408703
147388
818841
85792
882107
75408
726659
144378
572610
976922
755910
595434
554751
348037
345852
205197
589477
148538
92042
173545
847561
489443
786813
892362
570374
363369
102524
543263
344519
861669
306175
865155
83271
975852
861082
807775
180830
466803
88508
676437
933326
549449
72482
317556
150544
56293
555839
389944
334979
909450
472887
667338
352083
455082
8593
700710
956012
744923
294367
694932
777023
944130
213363
147733
354273
482621
478935
867587
826564
75280
484839
130334
374460
289492
207681
788348
447443
596880
83725
114992
959506
251563
893967
432622
675319
868326
391735
152291
683350
642010
628378
931869
817822
785375
498708
207141
574591
897657
316220
128398
967661
161886
746764
38249
733471
416166
683713
396528
190185
582064
157199
664907
69595
258719
513247
168939
392592
265650
571182
122706
458000
842712
451459
177257
944508
809536
267238
856185
965037
610235
68538
231365
330102
378381
889559
638372
960886
104809
130970
508676
244912
129933
459410
562706
329827
792747
775948
712689
30294
187935
601867
751182
979575
47542
159302
322744
112535
322517
753545
611983
657539
552891
462291
150178
805809
331199
230869
581392
995314
915898
75840
346949
356756
838691
256552
519504
319211
830301
896556
333530
381699
475167
699632
388013
284679
521826
688590
589415
519011
511032
410838
652423
146590
687575
927014
170262
101988
941230
440197
278581
315710
985065
237055
436958
49543
864890
838278
177511
678270
329160
4268
873945
525735
726035
663957
792814
967732
988533
449048
968759
152403
590488
572922
85742
654746
388569
696267
318502
750629
110827
593540
863138
677579
311576
971957
912766
996984
120132
299723
429390
652635
256373
114543
109302
992764
54187
206952
374557
250436
541080
756825
636097
210109
885697
801046
333023
598638
511409
657199
381788
687596
532652
806058
878616
62956
221561
910881
324720
300494
808649
792052
403837
426274
813156
121154
286166
544045
817441
223865
230514
410797
474444
748386
133195
775980
655540
773481
606339
788440
264468
65928
320016
175840
609577
502148
719988
784784
354825
370197
401246
62759
211096
77814
541113
868881
430020
443995
345923
509387
84358
19289
714297
288427
437027
149919
323841
958399
213046
883385
990569
918743
574712
806463
630289
830176
900064
751259
145062
742993
183733
604242
529065
597037
592344
995457
24850
838069
9330
574288
436237
999822
199761
631117
42456
674705
855629
128222
275621
784659
585932
166928
924025
367993
403305
390548
197505
695786
420302
247192
607724
474054
971791
807390
800897
562896
192062
254847
156536
191780
186823
363266
355372
168278
108523
555899
279359
776611
198798
80673
766424
855480
486540
762160
883546
981089
744518
183176
438630
61445
84746
970819
7574
509952
642514
590964
705230
140298
787135
322380
490143
301576
410102
325245
549300
665591
266330
509666
915871
175793
825083
732182
549323
261663
32157
764643
841945
598100
184956
645574
399519
48992
738088
895785
393098
166832
623081
781548
546934
419036
169536
143936
640330
289445
46627
16849
102794
68676
482164
964492
181933
358610
390095
183869
671946
254608
173833
762456
720336
281032
91393
657090
345899
863526
495834
54668
549874
473117
683011
612541
12959
413436
398453
512761
509653
131938
189368
253031
4812
486301
56536
426852
227702
801775
173837
427252
535595
833291
696598
428765
359688
541890
238271
287659
557997
385493
975858
137423
558412
197381
51995
546637
41603
436336
616596
698590
490291
238871
749526
919794
925926
173313
227350
106820
671052
521661
813937
295441
724924
427118
747629
9864
144270
279427
361955
110230
862779
359090
547405
725849
146652
473955
346351
7390
435207
285479
611288
976710
512452
703566
201758
484124
221475
683087
463480
734314
861007
54267
365481
220373
98106
47587
281166
452678
480934
177048
159098
436360
250069
880258
896911
646542
396699
358194
120927
775118
176867
9831
942279
349253
534219
165181
610919
211176
133915
697192
966136
439349
115540
490137
378673
59776
271087
124423
979613
332802
247605
90182
532290
396668
528921
638578
185558
287939
761469
319707
860201
725573
385789
649102
469311
818043
811117
892579
831216
568297
59583
230627
919615
664814
290349
582358
595931
105199
732528
624004
386271
217056
828078
91781
311296
745810
185347
771712
250645
325107
83445
963345
144323
458467
906949
517018
667528
747637
303094
336244
335555
170797
687847
545174
96974
153910
795819
39737
880727
896035
181523
959757
837979
381761
921928
827166
255828
355412
67060
829875
74348
194293
489016
47223
332242
84546
809589
363294
511284
63206
820760
787221
517906
529214
779338
922873
104956
249068
193405
327573
122969
798924
838844
87954
570409
520033
29416
520570
53006
352874
741468
683945
191802
352071
203684
261651
161482
864685
684168
361237
463456
363614
509358
252085
968091
242107
878239
415264
920665
244779
669727
265622
984985
237949
75870
802567
842591
481054
982114
998136
567984
713479
142316
545968
87802
224518
246199
190352
633474
526940
317156
618849
186166
929523
304479
772722
472267
502862
226933
459126
581352
896756
248714
20119
56292
872687
979082
581093
136492
340506
135342
887331
584791
460265
411297
248968
542305
146661
47664
314042
132166
621320
812603
381212
22586
79167
704758
790828
758504
64196
50414
782145
783687
597054
486350
722415
481482
172254
591565
487332
262349
732886
595577
328801
819679
646726
301761
357220
650037
850174
857257
284687
470499
263676
324781
539337
403537
84256
648389
230455
688252
758780
340223
74156
633812
693400
730470
111398
131644
365162
964469
99353
910688
494243
653933
234889
639377
886268
530937
713117
500480
621215
440317
124194
778225
733454
847805
914278
941988
65695
132499
54296
166574
514826
474210
754860
984336
13469
970940
220898
231595
830240
10717
781764
69809
249724
170849
449184
996772
18131
200747
835571
264947
685655
206695
566214
478712
405996
304063
591195
217188
54464
869016
771189
263981
955902
344709
476523
420400
217881
911915
381194
413547
368643
570754
31064
653899
722820
192653
231354
388617
708040
445591
134218
227018
972011
981742
997404
721096
530384
278792
281729
79170
554543
47260
497005
994914
237955
95690
651846
815212
46572
201085
680487
366435
487431
257318
194747
278725
654091
14294
124079
730222
600049
473316
48263
538134
195541
896364
449730
955367
458636
612981
213319
29153
401181
472239
86492
238119
916238
147492
274649
380415
638903
121387
240665
10080
80283
195711
97496
579152
664318
281625
897375
79911
157465
127428
360293
61469
420086
569577
628198
799137
599613
754373
342110
334217
571276
913576
922351
267910
673880
826606
195241
348499
713627
457833
725903
330170
834500
351658
177510
612638
997408
476083
908198
353129
65289
358375
510381
140295
919211
481768
667475
308761
585262
863817
85613
65759
107914
920729
669777
776455
566253
714246
776759
493829
81295
872636
76859
337127
971364
890553
606021
56746
366708
147060
50749
281878
49062
590348
815227
936133
317538
216493
169721
740583
558568
865663
348038
882513
412633
203836
216325
268873
309672
378198
217193
413172
49447
64849
46022
189497
72676
184832
798762
853372
291223
784669
104212
648618
47654
674359
924292
957413
135699
382793
123368
405519
740444
516194
108845
343462
683219
301489
999261
628704
351484
52757
385686
431912
139393
839407
258526
153431
625641
125376
836676
800586
15772
62633
366377
150975
859635
789002
512258
932698
664731
952492
749191
729543
655
634803
805326
999414
375680
572573
710681
193881
61536
156208
171092
877368
983469
742073
11405
831363
333264
847232
976988
190611
74962
828547
823890
524401
427107
530952
15333
246398
237131
705821
514695
656314
154579
767706
7012
764528
100102
480691
793206
883142
934971
901091
489117
973866
928287
428279
914720
562893
317203
754728
559378
632581
247987
849237
153522
538364
969438
98069
379890
400527
849536
46816
75901
826242
338674
154586
483587
821474
895334
569567
312161
84394
166965
583538
876478
755535
123824
156651
500356
268552
243409
863763
333311
623194
43752
922817
305168
607130
510465
371395
608821
122367
527786
393889
596489
859367
653590
854441
324826
36438
947464
525701
540781
940832
877591
125970
87474
417335
283555
442508
28719
577652
922738
802484
797868
536311
726742
742131
756825
674734
933880
263325
647364
791195
879628
592958
3606
899926
426971
384174
531791
476298
274934
294303
462410
117454
716188
151453
381078
698744
21547
567744
722811
108116
100338
26864
291903
496780
981790
538887
326129
77042
431418
69667
525960
123305
93136
213152
161844
800471
992711
627570
939603
34129
93913
478479
459101
139884
225214
5847
490312
710694
670239
91862
590916
68531
106246
10776
478780
592523
282121
500256
24428
759611
75597
400402
883620
162823
841071
149833
644724
813594
607481
121834
169262
499644
231778
935993
697309
103594
179592
452667
96160
518054
663118
834771
33696
75522
340676
435449
467041
917498
804761
159587
290771
639925
436569
280528
134541
300685
544231
131405
84299
429446
472048
331903
849671
993253
892949
251581
40899
525330
904007
889530
770194
86873
672335
21307
30708
120892
11911
470931
829439
217698
22761
62850
269570
639626
526611
113120
63852
36544
480488
383638
233410
785183
536347
95512
767551
105520
867501
983621
795727
46124
327281
196689
180474
222852
457253
585137
425714
822787
513986
233150
224087
946444
810144
672183
69718
677255
883595
205348
587856
600986
900802
584537
260905
442303
985132
430942
992150
46048
292470
539459
34125
153264
941917
437734
299067
703434
483687
621570
331775
38147
533616
127917
662182
337097
253043
378202
55841
278969
919046
717179
809976
292201
81017
372429
601657
555463
73150
882702
495032
407022
646616
443166
599677
33509
714186
554078
548063
73656
709650
295049
478933
331252
671020
948873
762915
487027
713190
161459
777991
940580
419206
297785
976320
521188
777884
340092
121888
34854
520328
980683
554457
765313
695606
997505
999785
709153
964436
577731
856256
997287
394107
550547
145602
524112
685466
144706
763076
694142
177860
196174
473817
81163
492759
60443
387867
679381
930488
186807
373832
492540
28911
526346
120178
939019
468588
423400
525389
927363
229963
956811
345220
69079
691220
472548
12717
183409
711378
185687
748538
318292
678618
456889
415956
898953
802993
599252
46651
123624
920751
910119
952230
915708
811945
303046
284140
404064
726003
171355
537642
257169
723729
826780
640078
114948
664349
245647
157059
202616
673542
391209
840565
194111
88328
600506
340334
597964
807937
241422
111039
348571
15308
964749
40448
418348
847000
669076
470308
973278
870047
132974
938936
998640
563972
97402
548291
510638
332546
658607
886082
155790
234688
435719
988667
67844
283321
753537
256062
807048
79941
621147
933054
232117
310043
568317
46442
219939
484767
364895
628919
295451
712313
515933
172690
782095
167118
875625
814226
686164
829859
837718
643040
316487
694438
667058
653384
423008
383147
833931
607892
579401
263380
161231
615209
411511
807480
662182
72604
392537
736324
776157
641059
151566
696373
445051
415710
440317
185884
959381
613305
638881
979405
609683
808218
388054
565275
70755
659649
374220
426251
613139
473023
665931
446684
897776
906794
365439
221543
309995
452734
239462
956692
962022
397437
439048
831897
624382
288183
897957
904324
474804
497052
465145
262574
810262
222106
866345
337401
719957
398470
816023
902550
978885
113518
645297
389086
406562
317082
279779
763240
201543
983723
552666
445565
28383
201997
195630
954216
403022
90978
465561
148221
459262
171308
825725
938261
635218
497273
948442
966133
535049
99740
637060
739914
410027
145309
799403
888165
465075
309161
16031
415013
113230
466798
814017
39001
67552
947757
677360
678723
920657
151539
648438
154129
99321
153813
512005
550266
416777
106723
971771
762528
651711
294039
298757
927994
353666
855819
958124
456735
442434
130728
875952
339481
208985
932254
418012
765155
834631
578169
133303
418307
792160
960356
457639
752889
229512
330093
60899
608975
979020
828105
518710
384042
366289
998545
314104
899058
106561
761435
582244
800405
725712
81585
185337
521718
478955
671106
589146
120500
173655
223956
734783
259011
342736
107099
870975
9074
897789
519267
894547
40575
727874
773263
593524
921670
104839
853833
122524
838920
440754
485796
961119
668433
602021
829286
27334
461164
551748
384804
324375
24444
412692
431426
500520
268192
716435
157997
645049
692082
919395
557141
274837
37329
874982
513174
944163
58684
622094
377650
984726
199876
151210
693906
479565
40974
723391
264670
480589
669406
61094
824407
46270
957983
628674
832997
101171
683905
662948
280030
894654
973220
73403
526750
910390
714286
221523
927780
256482
542272
667697
720429
332270
800458
793003
38817
139477
230635
75584
967916
396448
954304
756359
970492
531187
202117
663349
717798
103909
544479
45528
409564
561609
538412
560480
479731
114704
48433
36883
992641
298063
190960
16628
725201
169569
541371
232701
835422
555597
737984
498132
88939
618920
218352
680276
883404
360031
134117
666688
152899
316176
843024
183446
586762
146092
779817
328191
727753
521820
484790
76978
399635
477207
591087
333454
483159
957838
24928
973856
233573
992043
920373
609765
255464
91572
10012
584703
679747
529158
411493
925711
231443
353636
93275
5485
90469
240275
71053
829023
471384
657419
917857
584157
626798
214174
854758
968439
281936
800197
666614
49597
649840
788449
257157
884562
667543
52061
448101
240873
940638
553533
743843
955705
655679
18522
764154
961433
27849
761129
301997
585746
828505
396023
930738
507533
434597
388968
783978
405942
704403
229713
541450
628061
557728
39692
591076
467904
799209
928122
845383
983908
476432
648871
967871
414270
56343
777568
847099
247268
452836
226997
248312
700429
522814
924166
202678
587445
493652
845679
136592
162315
759329
609528
707100
758615
370901
957947
41891
233632
952891
690584
144457
988358
34582
668794
87917
598268
823614
113264
196420
270871
988625
375296
506152
322213
967515
946953
343696
436767
248958
130008
500260
22906
956199
984374
171147
584809
738634
80220
338193
732589
517336
359519
993571
427936
763500
364871
270642
689180
124859
950867
160239
588123
665603
815501
993534
926497
21295
287707
180279
526138
295877
711684
294436
566413
924165
529137
108183
379288
280734
154774
979382
159597
928855
26759
769121
626345
209905
121371
982972
836247
222830
370335
735229
990510
611875
896586
940400
370319
389073
961192
206461
728775
149957
144054
209892
650616
262684
736288
188171
850605
15459
625831
997606
590768
763743
99051
692675
136210
514308
60933
728855
572974
109993
82432
82689
467506
382619
683372
801787
171601
562491
477273
891095
702008
801093
373203
255675
968800
84169
423196
737144
504627
527570
615603
70243
88554
656769
408283
146867
423731
448392
555679
702440
759884
238219
972365
615705
4386
604747
666148
39068
644550
346888
306394
683881
985230
333268
767755
862142
569362
723889
255375
739740
214721
869236
252561
30385
580018
334489
384025
520982
392868
888912
403827
645988
874010
168585
711905
201639
904456
564162
149518
553022
606114
320383
575618
340196
800569
987487
510331
786478
110472
494501
8910
427645
151963
350421
635297
185575
49196
309506
554401
398409
231573
494756
579675
820310
637973
479006
217874
938351
158523
24492
187841
747251
755219
612693
212557
267970
934104
38390
702934
790418
65491
169414
416890
861273
536246
495379
86835
217876
853835
28756
168285
92680
440185
166795
999064
802379
726462
355865
881539
397331
447685
413051
272015
666514
867062
909487
11622
128745
191835
679065
136010
755373
301799
765030
616944
955282
976257
603555
171033
708398
799292
874795
864441
781312
584046
640765
24033
682099
275805
571213
399455
376292
42513
78792
630741
173341
70707
232086
20337
570984
358072
103099
857998
457588
564266
541246
347637
703989
198606
465617
957839
586360
487513
319911
536776
699819
507862
805031
956555
127966
471260
916513
958213
328347
27340
464112
920103
918245
404481
955633
704833
735346
870818
20838
33552
477227
957896
100504
60275
139627
78236
284060
329587
443404
686671
446915
309399
576286
171984
372749
57210
717818
396688
935235
630063
86590
959690
575468
761986
827008
563233
330850
703041
145929
506426
90642
85506
232367
248181
316252
69313
571888
950577
258260
945790
758324
373249
593110
103699
617329
413120
120690
369284
561956
92712
409842
958196
136935
284758
53119
879697
950161
523561
58218
14869
781286
370302
185381
673913
170037
541864
982860
861799
133633
84040
78968
107543
174710
536159
839408
46487
190205
437882
559868
847142
769537
201960
622733
508494
677796
238717
778077
386851
670382
56897
678070
290525
366491
369185
428162
722536
295993
496164
576032
870357
205203
460807
328990
506576
3416
841351
90668
568001
72926
979775
715303
217970
578657
963392
487746
270934
504763
575993
146279
910658
326294
58469
351734
432698
727874
717025
169224
594565
821071
737704
165008
205002
119508
122030
761336
804504
825340
268664
631623
304909
97829
163130
247014
526884
428379
516183
889264
163234
616781
963358
218773
801393
73541
210061
51688
277786
9859
267382
829111
542376
382948
490164
700147
251720
681799
468394
319605
744436
310841
252960
997721
261759
955072
760165
583191
793307
360496
83430
389542
443298
393595
586454
57189
906617
838757
825322
299240
673055
511055
956253
338407
630789
4984
125067
882492
973771
681059
309082
233332
792928
104656
715518
930145
692206
109849
292265
946733
255517
311851
650168
967386
18784
175434
320138
837483
773599
68119
649545
655468
717584
301068
771267
588716
338422
171294
168153
137754
927784
616793
682110
486185
227824
367103
741682
832695
674232
302006
170193
190692
704493
547358
299270
645688
51135
875757
83726
394086
647411
610666
204480
437022
613497
103785
2618
813183
675154
960689
455641
956609
596965
704408
367486
542868
229044
35673
515019
682006
647817
836566
635227
450156
250517
796027
327523
590722
178392
152191
896123
517385
827940
94071
427375
343871
961240
898723
859037
988857
832229
418792
612980
198097
969775
607912
128085
851473
362503
840023
878780
478306
789451
721703
635880
319599
927551
312815
935001
839743
101485
257532
829861
13424
948527
30023
913001
167672
254743
695371
585293
686167
534122
663160
383057
103355
308786
494401
185031
400939
237080
354956
443458
704034
530918
560195
89707
356654
909707
357300
477843
335009
709997
238157
64145
236369
894570
419222
424965
970019
577289
808981
302520
128736
470911
640617
645220
356367
425054
943534
174172
501996
149425
36713
270699
370504
828206
183807
183100
534629
940028
868865
556142
515676
506398
168269
636735
884505
371726
127107
913165
802480
721835
741763
440562
835243
563794
89440
33177
562630
49154
985920
226395
469654
116247
563779
528090
182380
235095
406866
160674
113029
638304
821812
508176
396163
801743
686088
227490
545179
352274
874889
815279
97924
239445
431918
494591
401582
491105
594112
182749
345252
737697
471345
367772
45562
133884
924308
173434
803438
272589
780770
307643
682831
555120
538362
825738
792411
611551
293559
323237
886512
709140
193860
991021
921373
299037
339623
966635
80547
359265
347941
839569
382233
650411
793771
661832
230137
81400
930790
639840
62890
926006
269274
982290
813639
863174
822545
518926
106712
745525
894830
698006
429240
475751
673588
850888
4822
417131
574462
432038
627988
540038
665327
518480
354013
342535
566361
969420
143110
256730
385309
870714
694999
679542
649559
54645
484072
460213
52790
794365
515438
554340
428979
591799
743117
50679
137049
363977
870790
165377
771961
252907
943725
84084
612255
362832
269382
598531
444826
990870
233708
925225
650475
787493
189481
974810
14781
446939
402107
841650
167305
200898
320507
569624
405519
832871
742151
685047
313318
267778
302470
179891
243728
951547
71918
774042
559656
346882
687955
445997
51856
705364
734439
416087
235727
736442
21218
869854
579571
520363
688419
490870
119745
742854
820159
635902
547728
632505
739304
893035
85609
845364
844533
67492
469646
505629
722925
187925
469030
134536
766039
787020
661434
12696
830491
165818
489762
592859
707120
451089
774746
580050
461056
318681
251617
602874
774173
208733
400241
927882
988724
137690
82284
679752
388064
133895
361252
773865
559630
247175
296514
40933
19859
753833
322217
85650
847506
790156
105004
109128
105314
433142
532417
514850
40900
941232
218159
52714
626099
892384
497334
578882
153564
156545
732221
567017
296572
575098
927540
112280
234982
464530
455598
805621
823582
899388
412648
904413
292479
176154
743720
893766
905140
71939
997823
251358
173985
455841
633279
490742
357832
832938
79987
823888
988663
456212
399261
998878
238336
431162
709538
845339
690204
135268
746378
444912
537354
104974
348663
696385
473808
235780
240177
529423
856255
893817
630527
515122
41088
548791
913730
995757
412903
470113
5078
652013
512841
164235
689763
660744
180305
556077
692016
876419
211023
63319
773719
409051
145320
517654
128326
189621
707976
953506
71107
141385
759214
390899
892148
691365
208163
225275
653751
483210
397545
136149
14424
150115
60928
287761
103206
702804
831656
458154
174908
438017
742541
26649
505208
194181
922327
213062
743290
429528
849602
112893
803414
825741
306299
828229
585219
190456
856325
493205
900011
776815
239892
955426
853150
428397
253911
708583
933557
672365
783900
524385
208577
952368
173631
403948
180703
901049
126096
762891
432339
437096
215482
448512
932135
463354
604580
364841
370516
156071
218751
701412
444816
570740
576757
295709
413252
892414
163857
749229
500924
396216
783107
421138
300816
208090
634100
552440
254176
898410
322528
377328
193857
978966
55066
571267
211723
856180
515423
537980
299467
739481
560701
772042
795494
26667
34203
917946
927410
262706
141273
811873
485439
765513
825156
30845
318950
47748
81308
702690
385487
16281
367039
905414
258788
192290
14233
385503
585353
16086
794787
235273
444093
193559
760753
198207
391800
118552
861837
349413
537242
329894
864871
886875
632472
894135
775976
888050
561837
615357
766098
474507
544579
109616
802209
428329
405509
307492
953025
415597
363476
659884
292480
105274
723608
762663
88831
392325
179422
236823
769364
910783
289580
260913
512124
560261
835263
2201
67733
603778
642754
327645
785045
877518
257158
930277
557713
559371
255392
574761
97248
452507
849311
515207
316366
160888
792561
737460
700787
873762
439032
435580
881213
792507
856030
981052
670744
484262
345411
495569
162966
660540
789884
38250
323445
469162
818286
780670
520975
482705
448378
173412
523893
409824
830655
928215
795686
601310
377078
154154
646216
600109
858453
87492
473421
959898
674339
475089
88485
621062
504921
384876
342902
230350
73001
475181
810313
513425
786893
516403
59049
695482
325561
161147
988350
354740
642563
275902
380549
863064
438443
571116
642365
116250
723429
99496
13780
701471
403532
928328
693431
227026
934383
767894
361350
348781
791729
348694
643363
473880
343083
998151
298202
7013
731796
750722
724178
761292
247025
758778
828752
5941
110537
591816
969898
846140
787219
342311
438307
76207
188347
996907
331905
517128
898425
621388
237713
301418
599690
671043
987185
62753
695262
888234
982049
520406
276182
206651
275592
922852
333809
474041
958441
39764
914161
26712
573689
319409
684581
377282
9906
278241
50058
678047
996113
897287
62302
928093
895317
571379
636467
74522
746866
915969
139412
75872
25355
799158
185751
322856
166959
253575
993897
256845
668245
847299
733165
533702
553561
58122
748671
615679
864366
436005
789622
352756
8589
319997
491726
158059
355201
391443
255293
430482
913586
40686
496005
552104
464154
286175
821007
82061
466181
206776
962906
519524
62729
691730
524652
730038
838296
700563
144541
798150
34712
597658
427553
184813
925119
73613
190441
636774
609148
563028
272021
709829
954677
289394
848692
286867
749658
153732
197913
454613
175160
840378
7730
175797
548288
367947
597631
351349
360489
501580
377639
900612
632709
127046
377122
248288
534555
337875
211777
979053
54393
83708
380338
957957
102091
369404
677581
246562
723888
270117
693151
103442
320972
5028
856012
608422
217875
530386
975531
703829
325242
322804
647532
807905
393161
232061
588152
812196
53584
530376
317997
678932
129150
395939
274776
921173
363365
936312
715873
858466
978789
84980
511811
661800
655422
4717
826139
916943
109333
63266
367854
548908
956766
125376
673989
828284
772000
250893
664469
767669
45736
268385
362974
221101
804309
981562
541485
885209
518836
529663
783057
420262
271366
109045
123262
671130
739026
368957
698072
673761
253434
383349
268430
442136
15645
574697
233096
858879
422141
608636
188013
137217
445549
472977
201515
599273
501894
999396
53190
945102
793836
430108
707017
88447
720380
414516
817102
711473
98004
969363
489920
398419
966380
907287
893495
671321
927507
969681
982476
691068
385776
161877
526082
992442
21886
60584
621108
282190
659674
876846
709862
946573
408234
692345
817966
799374
536070
86912
698901
131281
732037
531256
503446
647636
531514
994906
173650
569705
545761
349034
237164
349825
436097
981454
725397
487693
403284
663334
57530
243480
441741
130444
130283
72937
483713
482966
46798
920488
35343
46701
792349
409263
190563
500536
518791
28799
513689
954297
549882
965713
286541
227596
531825
101280
533618
790939
452798
204575
14581
635812
102223
735851
567007
226103
418340
472145
800162
7308
504394
980298
620150
706511
82414
548013
999068
819343
999003
852673
730930
851086
358634
43536
444397
763387
610227
598436
931037
112752
163729
693229
245968
345671
157841
728553
239174
965612
212401
390501
801511
813051
35508
957777
66952
428797
734522
42126
175913
544834
684087
645107
499515
32371
479355
576286
639721
556469
121711
507512
691868
129072
21804
136864
101325
97392
282972
319509
371385
414448
723299
62795
379071
730810
59378
148658
880124
687272
233426
107144
206599
855546
787788
793279
666403
223094
703980
961637
454953
328651
738402
377130
313569
275403
180045
400767
653972
369294
765613
556634
882204
877771
433800
679314
805008
559303
666842
350077
418505
679124
822244
876010
492214
961496
4132
199394
349808
204448
161284
749124
161589
314729
969660
261109
792295
777312
581604
423328
238105
205622
721926
377436
568137
958034
217648
298924
537999
482255
253082
888656
834367
752448
231914
468279
511448
75789
225306
495062
877671
437094
942245
144143
242178
76722
683805
124607
923307
703649
223883
302861
183765
117525
452335
647973
517180
509919
282897
478006
592212
37751
275944
184807
183554
347877
386386
202341
289035
723170
794485
231635
828014
73951
734306
340568
596649
227732
207206
894201
939474
167700
770116
660905
285567
422645
526359
942515
365033
476454
423034
618772
553181
877380
507251
348624
39023
889196
387067
552171
891114
188328
402335
146107
816919
535056
885267
557294
254438
227666
900007
895866
361330
163245
804963
86051
720007
777155
410931
734847
822526
714994
520900
390334
652065
598659
422759
833644
296104
28763
491361
799446
440753
783753
106066
898609
310476
417723
442977
107466
120405
24770
710668
475260
785544
696238
391023
272746
338329
157560
832300
237709
699429
885518
655924
83383
105643
504757
410256
948276
954787
860240
307777
764017
855903
636933
238740
810771
723480
500550
182643
900201
342250
608704
847130
795896
451409
224864
329036
599385
64390
119403
74402
840262
727996
589136
789536
434869
778860
910614
246951
545584
552746
769131
693386
301573
205091
611708
465847
746983
446203
903127
800013
832742
179642
5412
246991
183491
597312
341435
35958
250250
869848
461497
381862
423547
744051
386349
112688
7626
15925
585233
189925
950206
50727
561841
55456
562858
842172
656719
476860
375661
418111
526858
829654
660321
388748
196511
710979
261908
632733
809413
29465
65777
822068
683909
653428
109656
656829
781523
525880
39574
152861
53655
251069
63518
433066
568627
222520
411998
166793
653662
431283
683331
80264
467991
869610
179769
425950
991638
560475
136640
852202
551284
327312
411475
968907
523312
461390
28292
725700
745483
759873
905086
633407
360329
94667
459878
521140
542386
690218
936993
427652
562278
918427
689144
983906
525488
409933
439193
544810
941875
818434
841049
847402
497467
214894
264986
690639
311267
608967
495748
426872
626523
731102
950381
702652
382402
732178
810925
149998
270573
957889
987933
645153
52006
984323
90297
692313
816000
65570
719074
845317
408450
495310
711793
152681
764707
435861
272971
145816
13445
855774
966751
909113
837999
265776
580763
57576
773409
606555
68340
372566
991586
712338
482934
436356
78017
638677
423094
766884
993505
598059
309204
613170
572914
113339
316948
849441
15879
408386
736174
585235
272441
853674
663112
631352
891363
287796
954611
682318
402523
876902
436404
750040
707657
409139
699992
578048
409032
329407
929078
636368
866274
705669
422307
44076
470845
201933
635978
485093
563893
414804
626207
585954
368103
336859
872933
315260
748546
720806
283723
261779
31518
576915
940277
710576
13341
339665
56589
298602
658890
957269
759769
554634
586622
206704
34187
641458
989462
566497
280628
429384
72966
95371
958140
223373
564681
290338
842149
885435
908831
930943
192045
916401
710017
161025
69706
351296
815347
811263
276030
228455
155256
900768
37814
271429
958132
382684
899409
748921
383071
892369
621891
64349
109771
890957
970278
32128
650399
788180
172240
166845
898580
230833
736995
479270
240917
689283
217389
707242
45510
219067
835360
779046
535996
792535
889397
882086
521501
961718
959169
528129
373441
415818
438657
670706
831954
31536
451260
633809
457597
297844
69899
494320
510167
287764
337282
401756
466861
786762
815641
104511
589066
914515
551746
850002
737152
739543
417295
122283
122307
46829
96396
397457
816513
694365
589609
370024
978695
274918
141355
177908
506045
227065
205104
222110
495275
641879
133048
154225
868559
780032
810044
327836
159161
612705
419244
866444
906088
532186
277208
569568
232540
784801
822352
541453
884533
460514
707747
892216
737458
202852
61087
811512
304216
505116
218170
616430
845473
275268
635577
292564
353106
443489
107560
86720
482657
598905
978925
38130
446074
139206
220414
373896
574932
389392
718320
567297
32692
719013
351151
741888
466010
35852
962632
796880
619859
776760
349882
656354
251246
111964
827739
982311
608355
174512
858950
401663
529673
37590
385958
776180
404091
689687
894413
747392
173160
466030
129109
232902
557074
741151
138351
827929
502776
336570
83301
935731
87868
165108
660389
413860
460373
28466
353581
648572
989729
195101
266595
999754
742643
646156
34690
441521
128294
465664
51728
310546
43046
605823
338678
996874
485837
857146
895746
942422
588382
391399
162474
754316
945122
22520
25883
243383
146606
221505
770551
894583
19109
824203
795543
957155
675199
775915
169273
282147
464742
55939
775891
917768
733930
396098
708204
303770
200935
987611
153186
874467
585876
102882
181696
578982
330005
904062
668919
990130
1850
751921
924877
244127
155009
626112
445944
379169
371152
207834
527863
597693
825553
513457
856041
119089
429609
445088
60259
42647
714205
33713
994261
337989
801181
661090
55701
703775
970204
360738
161271
659685
239217
346322
478994
808313
276566
363597
916865
649942
67749
191895
81051
102689
101365
404621
284436
929625
55709
724739
55835
414374
360437
583104
584041
648398
292354
214889
3728
949935
143666
464062
750897
573108
48211
563000
20424
919051
28916
899987
467332
848061
899423
221760
574486
223886
88466
585939
61230
582060
923028
187726
673139
18496
928845
601617
899888
276962
953362
318197
281171
624006
940582
407457
653412
609381
646525
972483
266361
591351
528374
694045
347476
377750
3348
911219
149418
279240
322290
425181
341521
934486
802200
315403
32315
911414
164784
681194
810819
591228
508430
541461
756445
251241
147720
557723
494382
993833
957587
995902
796178
963645
564135
957306
707519
321612
495902
746716
82323
778792
442187
433087
273733
88777
226984
142556
268528
246024
912939
206191
182683
892652
720174
139090
817717
187080
311718
819445
606911
708600
126225
800285
829529
665690
775187
931828
492419
176458
639012
531274
736959
297010
946251
680737
145083
92716
745491
366193
107955
676916
945526
902455
893178
914279
451182
259237
280558
699904
974495
281636
155553
745136
842463
103411
47280
137407
189618
116729
104526
338769
13781
24980
689223
929465
160542
356027
324573
695355
188868
618410
746769
412537
457586
92477
262498
97879
398862
744486
785704
672763
149984
98802
577045
3130
609069
994534
779457
658485
807406
216942
302557
534674
419384
925407
273845
849710
607202
202108
125013
169679
267684
94143
337045
646087
153465
895792
770261
91277
840820
439337
483359
839380
106958
797174
65406
30541
557858
598151
768955
987897
845658
360877
466190
20783
412366
494820
97284
216008
916811
300712
528174
302005
709204
738513
138889
95092
823021
589228
662550
506488
973815
467458
315370
367662
384254
265077
996554
850847
189281
628568
469475
171398
190787
405473
177038
409063
42460
798925
208010
699255
405114
810643
520292
984013
90665
703452
943
4326
774015
320649
700826
25552
571898
497526
994901
485457
801120
831140
536425
258397
174789
301570
207656
448224
400889
720784
902500
496399
270029
269885
279321
354088
326330
197197
927423
958856
405702
531547
236689
52432
36726
503760
664592
649745
723729
851999
940907
318319
623369
73900
679739
672563
585469
889333
474501
146390
655660
250136
958883
183222
724718
55881
364760
629080
641410
357351
600668
737794
581363
822897
982422
778294
478284
120847
524195
616786
476628
602488
428290
422273
454005
750864
805866
601632
853932
2310
765857
141228
739052
573880
438786
300580
728558
398671
495592
281681
52963
164026
407363
53565
720432
253994
529839
914080
892211
681713
902569
804653
768708
317542
882120
54931
283233
717240
879080
819659
660372
772838
589642
759204
847161
213920
651608
22616
103553
640106
58802
534106
987084
662168
32167
338810
104054
509116
677393
46191
435959
101114
387776
524237
579965
701360
981893
23448
241362
569793
780747
415071
711748
638988
26051
141440
766771
635383
542310
226857
383113
873306
303863
275496
780388
690588
707883
654866
321455
633083
650997
357019
645938
82181
57425
676177
994794
261962
766907
881267
817852
551944
976598
492872
617747
972953
738173
101834
141455
321925
807124
631089
527349
406295
336140
337608
6199
115650
801540
785266
169950
182781
381556
290688
885011
472222
8790
317531
577284
585673
909143
395778
782566
683236
581889
688340
926348
209703
799538
428830
626567
11130
351716
762910
818467
821566
285807
386596
627255
708942
2178
973228
698826
420093
702859
584822
62087
718025
773712
801838
996278
817980
108081
953233
810434
366181
765868
775475
871014
598736
833513
13613
470015
374342
892512
153507
194239
555494
879913
226981
918224
271038
96288
950246
469104
917853
530505
12827
853336
688800
382146
717817
398167
333168
75836
98765
956141
320117
906230
168171
528575
962259
55708
469136
734625
192995
278383
46277
249450
286610
362426
365145
681172
455993
44592
564621
685584
783814
168974
582343
407016
995767
152504
411440
635366
66682
189824
655675
454285
251959
938183
721088
676840
954972
863340
831431
369356
633526
932957
822947
249640
436588
82423
905599
877267
276073
198315
595995
337505
807536
313999
827107
733237
612006
826480
940100
500256
778133
934938
372812
625368
682414
560453
288308
144749
677067
289042
751415
778883
752539
313783
685184
640211
553584
174761
912795
1465
669004
84280
363550
998270
705241
95469
338957
187335
246246
922535
486786
342851
247291
102388
103085
737845
547305
218109
122441
44000
72002
598444
764864
852670
558774
382337
875631
718357
214941
118011
269610
864209
333530
878902
804204
718729
259096
766618
999878
319503
547723
697654
85825
777702
281253
15542
282573
691035
713727
503071
852623
23845
133014
849287
945838
734180
296281
576441
426807
917594
325803
394261
69259
48768
269620
139537
603057
124335
199759
692624
639098
495000
119616
960398
79631
321163
634319
775183
840102
414509
644651
535668
20018
115465
415771
378627
130368
338584
812332
152328
964929
773105
472111
103851
241754
747683
293139
596973
585387
478853
541355
803828
238588
473074
641700
284773
821289
790601
391322
248313
665226
663707
568631
349725
148912
83096
331813
720505
977829
192973
249127
250241
103270
799291
79127
453273
401958
50334
266714
720256
758133
355888
558307
139737
961361
459741
378930
132967
12872
987366
393890
17592
665717
336674
680078
676352
413267
137745
58336
224667
531691
204371
865456
931373
102010
591632
266193
125975
935611
386790
952716
859998
422748
785584
832130
661872
300639
794272
312425
406683
184187
822899
77188
38348
862332
303891
547805
858787
155626
833845
272016
746228
472977
807971
437941
628949
713374
214623
144794
779917
16315
150790
394473
84946
450178
991142
947001
285415
185793
215014
921065
456830
37296
914483
633513
147888
766356
72577
872479
887799
319213
310115
36035
312561
373462
552659
510988
875287
290146
936416
356783
733946
865337
718132
497023
987706
997462
439919
574309
981316
598522
144737
572596
304640
320699
287558
665354
810428
372260
88730
354530
171381
946009
825269
552283
204870
327752
58860
628049
894859
77365
754296
202693
79203
69633
216620
839665
189999
993529
565618
142539
531748
832044
170667
617542
206678
881874
653182
113086
421199
732303
544272
78309
917279
474038
874186
963397
747231
810578
760249
239087
766722
762694
130297
548818
946634
127714
269510
819682
206932
128139
954393
983346
688843
792874
469695
15420
469780
305882
226579
550810
310033
387541
346028
979890
834862
257426
699335
844335
240444
754597
672076
34499
335113
773311
214119
956667
849775
180136
918589
503292
777243
378946
692660
633309
646134
241999
960074
836862
271257
796361
422747
425107
349055
77678
159740
935237
837731
202464
299407
659106
795733
617985
124921
847154
270180
682440
296070
133951
902787
15783
214132
852494
236929
852142
491936
818359
497121
331206
897428
982137
823092
862381
481225
661418
756847
538336
713968
681566
228455
319491
677696
546795
458476
989657
248857
738118
378769
32454
497399
433696
220997
852150
710827
271766
535952
964546
555847
263087
982809
407800
666874
836107
800543
356709
735646
192162
439728
882518
764870
89308
227826
482252
371123
25709
421794
568933
781810
642640
339046
895318
490916
201869
720375
152960
204730
347720
933506
396010
766049
856035
929062
430438
752041
753495
468291
50137
838847
675391
363301
492700
320634
558664
750099
383527
517783
480580
83634
640348
794148
817398
649145
474692
279527
183260
679696
90435
381237
156380
703636
752890
992792
225989
631831
748824
254564
67546
891291
205001
234580
679385
845862
927693
427964
195708
465293
713010
805754
213241
814093
942050
552204
243505
256064
98527
523021
771339
604419
607113
535334
200733
987050
258670
73172
656587
666413
256538
113286
493093
742348
477429
615639
255060
641716
233038
282050
682615
622884
306141
377152
735960
527156
894021
893368
2649
624044
90787
128646
166187
709828
835630
179555
325934
958031
839617
674785
692838
114114
556628
674925
741021
655992
93234
969353
535575
563111
912044
453110
627481
739744
487973
744290
22897
232320
290787
718323
772081
209588
662009
867460
754132
635699
696568
236190
795021
27082
545320
943917
745162
507257
283432
688127
218136
729764
388655
811315
3190
64296
730783
167085
802106
379336
689568
449967
418856
271174
659873
816085
4718
349107
502961
521563
124351
582144
468189
842474
330508
735139
437229
124260
34580
138676
876036
923403
876652
204304
901978
9802
276812
768655
837705
735597
895004
837606
456950
933888
168541
327672
870923
411473
845406
728375
385133
700491
12842
795767
294389
449756
298874
79020
525560
79774
153357
706596
580043
601871
859475
698714
534975
841825
106477
812591
786276
757211
162072
114624
785762
703017
999328
808650
550428
59912
300033
653024
93217
836352
173427
1421
989734
621233
601976
915352
128594
270761
673894
939757
374180
6397
677186
81710
329013
837810
400182
588740
444754
105716
782109
55421
544205
575596
165857
222579
609266
522574
759120
636557
885778
462891
171349
402205
333242
438242
414912
192042
151232
263634
22339
732242
354385
929537
130318
953988
712775
458039
449877
670683
88145
171703
321713
475241
784429
961620
592378
197252
734446
219924
520551
995854
998774
782920
695879
501749
265987
795948
777833
32638
480684
518227
379123
749156
747033
461056
783891
676844
359815
752138
11515
422930
989789
759028
889552
192234
112636
877679
925075
340841
166137
126284
834105
888416
958003
488819
563105
839603
958744
915723
890934
523547
790461
70300
944608
769614
979278
657285
27975
968175
780619
495448
719321
214852
785533
982490
692211
504777
250157
747645
29654
970209
59810
571467
946125
128482
166354
781184
68564
849922
593215
757331
619591
382171
677188
170357
496712
189704
254321
940367
119028
188939
56425
199620
438603
872171
595026
423232
21135
538813
249062
688027
274560
915768
509416
393475
386026
462354
40181
357109
69943
255969
971697
383300
915902
612434
691274
335309
124342
63122
67607
445557
439639
389634
614014
922155
173699
199184
563367
194044
899147
455918
717134
840467
424758
724723
368003
444786
773924
384420
962166
212944
912163
506444
938600
300221
648967
13765
634539
786142
129686
522368
489488
711777
525083
159178
697049
391608
239825
57981
347860
65694
910177
137210
535034
175078
36679
8597
144874
764952
930165
76973
581299
201576
814175
862162
288314
89736
914854
721423
57768
389110
450913
410454
779887
493401
533954
695836
744700
405510
443514
545265
817639
725874
907359
337245
326596
961823
973453
538593
346462
71014
978799
787655
290297
83671
179269
436114
7037
473553
345384
585418
796447
709855
826770
471769
936382
714033
70950
634960
583976
253180
13579
180884
668574
783875
974585
358361
225833
3598
808089
170495
662153
401906
18531
344110
162136
475572
692766
48728
996915
519485
282093
496533
195055
485477
473209
768409
863279
675296
52443
705561
982050
260953
327733
127785
773233
587148
219673
239779
602403
405299
34561
660238
5821
266600
411678
405466
658781
296144
888244
563004
955739
533944
656298
385077
39809
7119
798722
817611
464729
754598
164351
563693
12928
302158
245584
938721
545569
503667
788128
916728
362925
731840
777582
616782
69743
12739
100980
678364
388268
997730
194820
996915
77367
305261
643193
166491
672822
252325
11510
971123
389140
14925
950264
749813
440414
220461
674733
708643
287116
862437
794721
773609
8852
668776
31107
358202
454260
922718
342258
350367
339086
522562
11285
763675
833981
829786
840110
774214
574708
497831
583995
941548
661708
270553
206632
380595
547639
802583
15066
2050
146345
39399
264243
659216
256374
401446
777559
707145
874376
315743
601857
665986
873101
576632
153415
64016
32729
350609
857612
41801
480843
924748
40985
205886
639629
814745
844528
908654
828844
447903
188242
423686
819850
401627
346280
80262
320700
371227
590950
381822
294071
16795
248361
199915
393288
368686
113596
687089
983913
208902
192626
944758
855903
807368
561701
989369
902185
957809
492057
558918
570460
272013
88582
820976
661819
576627
34085
920685
106790
592294
922509
807593
49051
768102
784813
943997
465111
999418
957916
97652
837846
142187
671867
98379
123977
512931
722275
268291
830712
715753
649485
950197
372449
851424
145331
412197
483494
738564
459285
891874
515648
593167
920516
298473
189695
496495
484006
888919
474046
954181
445692
633743
787258
293030
111648
600671
335552
64921
554505
940949
321096
71038
464754
724418
995651
10329
647219
686768
821861
11260
12534
669219
394487
273886
112515
589699
151880
331693
45032
7562
111251
656550
589051
514701
666694
202470
403120
804793
737964
883953
723424
494303
69376
844709
818272
264079
685357
118608
714957
426184
175207
152203
827087
392815
282753
373632
778643
484508
639439
864833
502648
705476
270702
246875
627342
350625
382047
704816
623722
466725
551594
887413
585224
163269
389662
505275
130126
14232
900925
513295
215850
271613
534393
547093
634406
615389
893630
860582
193632
559225
324184
546953
528407
933760
931289
905248
821077
550736
24678
589585
169371
155816
320913
609360
990992
7773
626852
656458
703183
654973
876464
419247
825137
292657
50082
36705
80912
44749
315881
730475
644406
628551
339375
715975
457909
89355
403274
225917
544530
125835
407512
80146
472144
598392
964680
993030
558115
546932
641489
824681
403368
656599
452658
572724
322255
439472
932616
284880
546648
846340
918057
570158
290365
508019
416216
994641
609512
834802
261176
346334
682433
336343
462996
765791
427522
922062
965058
405744
697489
320231
543029
150089
382055
486699
989639
367439
70958
695702
966053
361328
542929
101021
791947
333349
534664
198386
526915
327451
346207
859611
365080
207706
251179
464282
710607
263240
192494
975927
115229
787890
693748
191455
469070
965595
876749
50079
41461
121441
784170
973449
905162
681913
541313
996069
818706
787936
584997
189753
983862
542953
9232
646841
121608
73815
403436
386207
45446
216620
5403
922645
185242
702343
212268
411438
478835
252165
569623
766348
603902
964162
88582
810754
887958
451926
566496
539792
652676
163710
973815
472681
591332
598732
987399
918872
42246
179876
271619
770930
930077
30099
56703
263429
31557
900774
692520
713775
672111
150199
878586
501854
454823
386912
233756
215673
906412
261088
720606
650187
627460
462529
874334
472923
534514
60798
651504
255019
431245
17834
28669
865948
975789
309648
282701
812441
596135
953438
92481
238668
678263
208127
325158
992587
869686
273523
715406
727769
509652
76956
549398
649511
253392
537402
666636
275601
442181
537838
33288
374039
301793
841619
82280
410978
918396
319447
223321
237083
442444
812809
603880
99465
664596
379699
763136
398892
740142
309981
785293
785047
675823
688794
637492
463098
809276
487049
316212
929911
170752
835078
33368
534923
38944
312527
583218
31497
603173
495897
239889
620966
101853
173182
103825
786869
24892
475723
895818
92109
338513
687244
732796
714167
478333
13241
812826
612794
85217
342359
624286
128513
307244
600370
234154
624072
973788
514076
961655
187268
418642
569444
662948
394028
151791
414242
284770
680868
999870
722136
953730
116079
778046
558260
766315
633674
39575
739575
142046
209655
376575
4314
406852
812661
746898
809223
580118
320182
59584
54463
634492
366534
84845
316845
143084
32646
61873
441587
356692
412485
929999
62273
610255
390513
795321
506564
175449
142116
107121
849687
743101
929500
540053
544157
934737
660188
986486
988400
756738
622551
394133
260659
382645
167993
498754
43273
593164
67970
352394
158682
451202
561273
654531
881220
711348
714582
382445
102599
813644
860758
920842
421226
282885
438785
833164
193820
70424
756402
607029
105253
672986
570739
291396
815388
337199
994632
56930
175417
971778
853357
166866
763899
272249
501736
951513
950556
409511
530018
810498
50005
386832
61640
783202
958179
665149
564369
113866
992418
93038
159700
205295
417816
350179
582314
430069
749892
22941
386725
215184
321798
424057
68366
935385
31100
503599
817282
864896
637884
249576
415156
559411
293241
495657
502970
768118
596459
394090
300183
556928
926617
718350
709178
177426
970815
908961
891343
663761
527483
728647
435868
853283
984385
660580
958293
373883
287845
619553
386256
755791
367663
871357
815172
88795
530662
786921
846830
957662
698
835826
368880
295396
609082
774794
543035
840092
601824
238090
676588
536289
221933
105944
758857
649952
827347
504219
968057
310288
767957
903609
705883
633633
514828
511914
32001
170451
286350
732921
650745
809057
582737
23001
183065
999283
75551
868985
757929
672878
896465
343007
148673
814567
986536
255850
769677
869798
292795
299687
472047
429560
253889
356187
202969
556084
986862
851733
995588
407002
503528
36673
123963
961879
591087
44270
286584
929347
830471
599210
566847
338545
403950
998937
255071
360189
521703
282346
498555
73172
958557
897765
293097
273039
828092
694951
400664
712266
329651
854712
538962
275274
936203
225324
823662
359041
391881
305456
456867
612443
462394
253558
894733
834725
397598
760277
338709
694888
702398
950331
124818
429393
166417
752397
812931
234311
409472
180268
197459
171659
771189
533945
276224
447086
534083
223667
330558
366537
279930
332412
515026
912236
274052
478099
502332
316481
18899
10634
18938
775953
554308
733876
46097
296994
722284
463755
471818
585404
54308
653400
594529
483875
412501
866681
532162
170362
628037
975626
185494
838870
223729
287311
361354
683578
407913
457973
661162
188069
977485
949083
780153
143557
6195
285455
568880
512907
29895
511369
810854
131909
709907
242772
242457
600254
808924
307885
97171
440673
695837
440424
874803
910590
763979
835301
982273
966563
881018
901913
213447
107181
667060
781014
245830
690700
137875
589211
179055
431478
65615
518789
64584
440981
954576
368563
743166
279494
944090
415563
829087
820250
698435
442720
512331
346695
877585
417338
881612
865433
202992
16741
616157
723576
819590
162178
141209
589921
283508
921582
772447
587988
505549
591456
714161
791453
869387
378825
496168
52671
229794
13439
952620
110804
510337
266759
579059
259904
261466
914153
75449
369560
686492
516572
666593
591211
83113
999805
435082
113111
183860
667082
968049
159768
757211
48841
943768
929112
964682
348431
256853
617992
338301
721826
201303
408126
145798
985153
265616
832562
70684
19105
846162
627997
36119
26279
91808
521416
851547
503024
863889
892044
139321
350559
890341
319502
424275
37802
884571
576328
430800
454123
569274
301857
710552
881655
542756
731215
225337
501320
354966
570628
521745
767993
504670
403810
204106
206118
449172
328830
436201
405607
268668
648225
893171
927320
501748
749051
4301
494841
375661
890095
984097
863049
180690
85842
947761
563083
493744
763550
127610
488028
875056
618561
532232
449305
477746
977657
194446
874750
660540
714747
599704
281239
671567
736274
343890
129526
897209
295278
30201
346780
92891
697015
816720
588486
491820
223710
171369
741227
834961
844706
958539
144522
736374
195295
978911
624155
861670
698473
771321
550637
635452
176336
632932
877127
532412
307817
123631
225418
872971
73942
360479
136405
845585
933637
652386
795234
313504
703683
171854
74955
954971
498736
403178
299579
847963
386779
300317
696303
661889
466278
636099
627178
423601
937521
185905
238092
663954
777003
996725
154851
54705
790024
953884
260159
242161
216485
11122
114374
362479
117924
639850
464136
937853
852836
599672
29689
643844
596523
951767
512862
374611
374926
746773
776915
870978
515145
459962
6814
152692
847537
686990
856271
678995
191232
245654
326335
260986
12152
247758
979503
939935
959358
418253
696054
500759
287456
113213
502871
550828
673551
733094
814375
342386
603837
50810
48384
105542
843915
22778
954341
866431
523024
767523
970967
909239
909576
402035
86740
893688
276407
344654
411310
861054
257853
849147
503153
365259
965067
123425
28663
945895
768886
595910
382842
418719
632113
259198
140444
439140
821517
538565
334301
317797
160458
418026
318708
631159
192637
427547
93208
698165
661097
688984
557998
134443
499539
587100
862974
786086
594813
86567
372618
832555
71462
410582
938485
141324
255513
48458
130866
687062
161886
498185
563756
857768
942237
338961
510863
400593
387121
225632
36073
357131
515058
720458
248902
243313
66348
68417
578232
665020
546838
651481
827572
966433
215102
234902
988543
448069
542955
848917
209849
766155
141358
854574
380252
860864
997540
226950
979668
924915
545853
859181
989860
243564
93442
921950
687150
121260
52220
36442
706203
534049
764075
212823
456482
243857
389971
262150
939046
443353
469344
934962
608540
907276
472135
177438
540491
302493
508986
516682
997193
139502
136292
696606
500116
95084
455887
899925
984996
583655
89800
2156
24220
460520
658415
685994
886232
581892
616658
229028
751707
275845
369804
591243
701587
54679
528048
378039
14076
215290
442413
655665
855883
943508
368181
874302
201031
169472
678365
243988
368110
94269
249786
534959
749845
57534
18033
190499
736517
915418
527721
404709
29874
500084
394190
612909
569282
4877
485343
841245
48322
258846
115911
154213
942932
72008
464540
163369
489768
785600
945742
501632
832203
60602
920814
837293
947646
150838
182969
270470
461479
620659
682019
925056
932036
825199
955605
850441
603633
122261
248621
4053
171527
218946
293554
558509
249761
827310
809919
706691
951118
261424
771219
279226
508178
737304
83489
817047
676874
754443
20293
875436
926764
72011
134191
910554
294226
246923
105209
251040
395396
899065
428301
451062
741767
282383
967513
155296
61461
867195
555919
341408
809076
9662
222308
621273
988903
431607
354559
376419
746960
178567
529305
102147
393844
756308
475638
481265
602930
893954
102573
495632
369227
5439
295516
926996
162004
516439
221009
541912
863917
366071
571186
528346
485894
974325
622524
237442
59612
8890
849363
269388
478436
866212
437001
96841
721391
64115
286784
99689
963660
284075
555899
392341
581162
286688
5443
950488
345068
45559
463330
846982
813541
245547
326461
485725
61816
499000
188923
341731
554301
123840
30851
321721
103665
200228
689607
728492
934329
760815
798593
101681
975138
960849
604866
231097
269010
50913
6151
105183
444965
139431
633521
275571
689865
379553
641143
519794
394978
525382
96910
6654
244558
217820
625931
500012
774361
396768
873090
197242
890680
314143
634218
259132
179876
787241
997528
531025
565594
782989
35759
577037
28902
322073
200562
438000
12152
217892
819806
746678
651987
405108
154237
377509
551485
367462
654225
220841
459682
991951
435769
399921
727670
203252
242212
766931
344195
488157
108979
917318
779969
873797
625601
156144
302610
304722
869770
79871
412555
884856
749909
585484
253918
112718
131772
759490
728052
165245
42635
582985
762422
972999
665517
979591
665125
740700
233071
440934
590009
754400
274137
691718
823702
954514
116327
412444
880004
383328
494417
745786
937025
986056
649454
203862
302340
20281
135567
384422
29407
118791
904961
600241
721895
918588
924679
377510
764231
403348
951038
327265
516438
420009
78681
653549
527622
910853
797534
873033
327155
567903
85588
75160
332437
308654
277919
813315
705265
681421
600238
11807
396688
189026
196044
566804
366798
752234
87342
511642
36628
825277
624314
703578
788910
26272
43730
109728
166964
337209
618083
840965
777657
371323
642326
205625
444942
635072
931427
546777
111267
7788
523108
23459
704593
809202
675550
449266
941473
598011
620795
219840
444869
308284
213570
379705
389924
854986
256205
141695
177725
763037
445711
456420
818850
841794
89291
552265
993866
983176
582380
432833
817350
381162
39667
938891
893317
585493
947776
537168
829864
730663
757044
404771
442902
428914
805415
869073
78414
872336
129606
513301
610063
475108
466900
944973
744133
576696
503126
68785
117947
399161
96461
844839
755541
471064
348026
529056
295190
768089
266300
554313
718400
980840
120763
88507
748304
134363
966471
159516
349032
347909
720607
205282
361619
975237
551562
216026
83588
867015
19705
371410
631580
389753
561576
555831
276796
855101
210176
815836
791989
984275
622588
62729
48490
622729
571545
925949
909384
755038
281198
721985
360400
849985
482187
858838
135704
592931
58251
485674
807669
860892
299421
556205
371539
438106
587428
86086
422034
449845
379307
418354
510433
626378
645861
498012
195313
483801
655533
54855
989178
915367
631275
301305
282595
81943
762068
526290
915015
317061
128359
749169
966474
663870
265517
710541
941369
389006
686163
743826
220854
879911
526057
869017
378381
263848
285408
397702
816569
456017
629551
541573
241269
185751
124693
386451
806520
641543
126638
497440
959964
770577
34175
659415
431416
817322
482628
242843
796555
49641
711004
477326
323154
629724
388976
402670
805151
891612
557415
88885
96891
160065
199137
125269
112703
439491
304812
506818
986946
190534
906208
316494
845256
536615
41187
445181
380087
663182
37558
572959
354979
647826
357463
495906
817473
340133
126185
981900
580897
317959
926052
960665
45654
463008
848137
743166
321121
754937
64844
485661
524333
876245
756552
446334
171325
814519
325046
154116
185161
598715
475295
214775
574309
930017
582964
88837
135597
301163
949974
793307
337532
685471
438996
485127
5598
872679
884103
901394
693553
712855
141163
615276
783289
654721
587529
521028
221453
924401
938956
840968
379146
250722
823839
621144
786504
304276
801456
467866
986546
651444
800870
25615
703788
414513
165035
430611
258655
916770
91133
462397
207328
786535
530778
915410
237553
868433
987488
832765
639947
149483
101665
374117
351216
112807
100451
358159
481211
440636
68784
133170
93318
48017
429395
558571
676096
670726
842967
259496
84535
141626
707148
662374
939249
5340
64012
57703
681230
807623
120244
891275
876231
409297
326612
801462
766051
451023
570718
356152
769731
108612
431781
893640
241049
397004
430571
617149
9559
34605
987400
672101
774463
683974
697336
215279
986221
729642
236084
198710
146961
825176
816718
908775
163422
536731
497577
66445
707992
880830
766470
600065
521164
414020
993568
810885
194243
121450
212754
635216
593292
214357
976079
709125
772063
843573
84856
402540
883868
26007
668253
458145
325829
710582
887535
800791
555353
565162
349833
800569
968594
735324
476612
674928
654597
927788
801556
128500
112343
969350
864019
119916
401472
751913
853
152587
488505
283526
959347
769249
258001
148120
40762
740902
712891
895214
627728
208855
379524
933172
370874
384771
766542
984141
452606
699491
286972
406155
526870
109924
839267
338558
346779
707473
702568
301178
657980
578802
329514
550086
192304
898085
805107
843811
555227
997839
261068
478988
344815
238266
518338
579544
124501
828732
415993
72723
273116
185039
9177
450576
330038
514141
523982
26513
880233
892029
232562
720222
978909
977946
807233
974946
855758
630991
572937
626799
469297
769566
766624
347788
155893
456390
31873
216703
414886
454286
24606
575898
540714
134340
937307
544563
797698
898964
193881
512166
373108
184377
201640
711598
665241
927149
596892
353723
485362
337672
209829
176698
146880
876040
281261
91168
744335
586220
206224
12150
575563
11600
861258
308441
820756
904229
206212
241329
116591
966089
359647
279198
349020
47796
323425
691035
543667
748842
106101
540046
698803
253169
10811
890070
619370
102277
652377
716270
885810
848320
522663
913806
972589
660066
208867
475789
774629
282857
76067
249643
838602
284674
200030
770229
450041
917943
146286
863454
473469
559893
411963
572886
895590
218293
672582
83374
194317
599566
433925
539528
590589
366307
766783
510783
433028
975833
625318
941878
870835
748065
432104
597983
734531
385707
296124
75380
369479
978774
66108
921445
440225
587270
500617
650062
581209
897327
630488
948261
530782
607229
719398
857255
519477
790325
400687
575009
193151
498839
290384
287970
435034
971685
821678
595066
947398
333062
262133
967454
446243
944903
44225
560617
61386
386519
294303
832687
484067
516074
778434
146153
843949
890809
553918
464446
307744
112706
245507
614657
202486
894309
660139
244627
22600
870357
966056
678359
229707
680870
681315
65568
72823
897047
308747
248503
955361
344473
958381
225261
467595
947478
203672
659826
288007
24126
251783
419600
697995
559594
316769
8133
809526
684538
300028
990744
376146
993217
712304
548293
953586
91886
43358
303429
724014
986231
224497
334220
528189
71188
927490
496430
378378
841080
454715
613774
83930
117991
500955
294410
345263
117410
575342
44134
42613
964458
490273
107450
711979
462304
860432
488261
193804
214515
294081
437330
477652
331597
564319
721371
614496
316524
700332
867652
684894
345847
640664
430363
57152
771986
619977
379174
808504
105237
133378
704494
350655
842681
293234
391730
178629
43722
351895
227049
353574
325333
281698
172608
726940
658854
667818
808275
492702
198454
848970
336664
374068
149127
213037
859308
603815
250090
30611
975536
681235
869763
378889
252668
899742
577293
556783
339153
594429
295618
286720
214679
455659
22585
334342
240731
61922
954447
468181
599949
535552
251096
309065
596819
695734
894055
602398
651536
785657
42069
534508
862025
731950
20562
323337
457413
473017
608659
719749
805452
437020
72514
748846
929288
865494
780237
966033
917457
862903
496521
440942
714090
951413
215291
285186
793248
55925
395537
186235
477531
535769
832657
981803
593489
36671
841502
688477
18393
646411
771262
430215
913564
224699
179230
999485
382417
162042
55218
46857
383884
900305
268248
958107
968084
581912
824036
949058
269123
39002
166349
548685
686127
143582
658984
172299
417141
280951
815089
174399
489080
563913
543293
37457
265141
887508
107219
634828
603734
919263
959777
153580
300131
962570
622382
320822
958129
12592
780542
765819
490224
43156
712746
194838
157029
981103
753525
852637
861427
440568
29101
469031
48140
980141
922747
762855
604492
805736
444681
495291
742621
133402
373253
815322
997799
594636
67402
859324
197037
436820
203252
438801
452349
781803
910873
731475
842255
155335
967704
210779
739636
210552
425888
431425
598544
604767
384041
259378
781422
99042
476110
697705
41646
246674
281936
271286
587454
1942
385206
189361
73761
446128
313557
713336
834291
268918
832085
296154
738322
26778
876070
868709
165871
883311
606251
509620
372705
163283
989296
755760
681715
465036
564403
787722
777097
489409
181558
946617
937254
754396
131729
39221
699616
776349
325227
682298
114000
495984
66088
667362
475012
887562
122989
668357
834992
518311
220338
797627
975800
184096
726564
28908
795995
726207
265950
914119
984236
113038
61504
885456
438858
792363
882545
465342
145845
34437
78506
900309
825976
969378
569203
177103
132519
243209
663300
698764
718932
908479
746466
162615
20487
946022
68310
317967
487162
598764
942572
6014
432355
325163
338163
233533
9426
524309
46314
136427
893371
302012
356966
302040
105029
26342
151339
26512
457538
560938
214413
544965
145568
226957
534933
962675
650924
181761
185715
35169
752522
209297
916728
416392
189650
578666
721198
170477
399396
748763
728824
324447
164381
441165
141090
467991
936216
506013
215036
674521
686457
317823
149132
934401
894159
522191
912222
962516
216952
211275
756283
539901
866589
489300
639187
296000
103945
82204
999301
29349
664452
665108
264539
121835
917774
30626
220850
549280
144061
789860
916016
458453
394913
380615
196436
228364
813379
910640
138959
535310
867944
794717
38699
938591
264734
530886
419739
593912
541703
878295
15357
872688
452686
202848
664205
494770
680173
345707
803948
299113
638541
192462
834653
866161
319083
741078
177422
682683
985135
948041
453403
836149
281641
797416
296583
842751
773582
85616
101608
97838
824908
412261
581497
520101
599914
158371
942840
873030
684353
337982
691502
716821
34784
176521
641833
121378
472599
853534
904147
31150
99787
746645
118630
112527
363931
315387
618134
965226
170731
319359
67635
176461
697830
288255
684919
420419
892652
840201
810229
840849
580940
618640
695067
246443
635548
737489
234922
300885
637738
247639
191589
899399
941273
782825
41365
514453
11101
660702
925730
359856
36599
725116
439383
125449
446796
851463
798191
427262
787441
468764
56061
908305
75108
918427
860509
387580
875488
413965
326412
381996
839843
321955
48483
985362
237708
452272
331641
398221
290333
204134
359007
929105
853597
478160
17174
506710
696996
416197
614752
912789
966655
660177
422173
85781
971820
938017
144694
684853
784808
82148
886374
887610
553955
822345
350493
402327
883337
410198
941130
713383
138935
158456
392119
795452
286460
405175
522264
908617
130348
360342
78816
738400
562141
803320
647519
171773
10813
976557
82177
158804
280237
679949
575176
779103
987150
596040
696444
309108
462975
961710
678523
450751
356186
163152
443366
132334
301482
11490
356085
850743
587490
101852
350761
139894
626093
400948
107975
791735
521378
769633
83405
273012
677117
566681
548431
450753
933598
349701
131744
501238
325856
217003
928114
485763
874063
384408
243588
762895
859796
53194
246859
795194
705962
922895
348317
420108
195284
93144
644992
132191
638626
385381
856018
103648
249971
983814
294390
203626
517919
816274
565379
167098
951829
184948
513641
629412
938345
151196
510888
591227
68832
805136
859336
162938
208707
983308
940484
180139
450431
374551
88297
853240
196798
525942
237864
527321
287591
306248
344042
225882
734691
322418
631161
575563
108997
637605
120430
599783
997228
341403
483849
191512
170924
417126
836476
593204
443104
23602
784880
6039
533799
715119
694661
166314
398002
51535
973290
882108
26764
554769
503339
180646
980761
726482
330484
467782
771826
343197
476692
619849
771526
405290
93989
807942
51289
944331
31940
120218
982356
703750
80783
738868
231474
453888
737783
370042
10806
315696
652606
48594
387346
970951
135700
43675
258606
278347
847773
419036
206757
181580
43728
701777
260110
479315
499739
954509
20472
87981
343514
713437
393111
301691
244823
689026
954783
393077
502349
195317
470019
206127
925292
941314
933364
17907
862737
875452
928804
801146
999302
584797
557996
776448
890192
86487
216493
96824
144188
641473
746669
301521
93424
958007
392516
68212
912676
866536
880116
750068
76828
335677
663282
642245
446860
606440
854904
237152
283659
771286
795499
395325
685122
320683
767602
868425
632622
423352
853702
569355
240664
785120
496388
622689
613100
188226
587531
653374
141906
351603
32820
195393
558051
212500
672721
562803
975264
695320
371930
90987
631441
533249
311251
95147
329570
701597
778963
988948
838091
198576
822551
367886
113494
291964
485909
309205
727025
301762
297348
840968
477992
388924
733021
592899
236937
40367
450215
642844
231405
119690
663540
451688
579503
29449
775500
564776
468266
38740
162248
84628
225849
496705
165660
825475
601877
983798
139714
935140
727193
333447
583685
175273
689553
726929
797744
772419
707566
717732
740804
247943
678024
823099
58700
473889
442461
791398
566049
945088
901502
343480
71749
496696
374488
350084
773073
143194
517005
65657
477389
317841
468031
993323
464314
830955
189179
295139
919881
567550
480631
98414
518901
402889
977513
537239
154301
620729
327603
35552
790921
377641
674969
421715
377108
166057
341500
370701
475778
857789
792649
600975
782777
385275
802513
59127
277243
907488
953686
34854
486976
373709
782426
108992
145720
224142
329757
590570
324683
329124
134285
292643
838279
944554
241507
195242
487833
129332
924539
563080
648651
546464
844090
827382
18930
847359
94192
24259
669018
370338
115739
289073
854657
700996
316812
199607
489401
683474
223521
976694
218098
307828
326883
859125
523751
191076
118679
171222
326597
476346
557406
59522
121604
825594
251978
587060
762471
661975
369693
708336
167507
8473
200926
196429
42043
601578
561357
579450
534422
258697
904200
163527
803313
304117
601860
913823
158865
452355
463507
218218
482464
146161
16930
195169
480648
658063
790880
258554
36426
816551
178270
103609
712267
267689
581493
340485
90316
492098
536309
89239
188151
135724
947823
262331
347282
458989
757374
974403
917375
33212
887563
592471
193025
397238
961381
232022
342850
607693
920033
434102
839403
665961
458975
207148
126792
976139
23131
865965
2850
97889
567676
911860
888088
186263
546541
620175
243544
811202
496399
591602
700458
756162
937002
154914
516531
815285
806081
667258
551321
192304
501648
312981
75591
871747
286166
123668
401055
436919
862537
457120
542919
188845
450682
345883
807930
239274
872859
284346
593987
383580
325657
42729
362022
299577
83230
772280
529190
142373
20052
79565
981974
430325
405523
171892
382643
198391
886154
437622
505567
571815
943072
572989
294860
183371
420160
418195
953739
64191
435947
390290
866622
378758
921883
456513
67611
600507
902020
525384
883552
339443
326113
955021
257824
682391
284214
132300
777645
877387
681970
661004
89015
702621
958960
310700
493
975695
867665
408912
526605
960270
906484
751983
216802
925819
560059
76204
728581
661223
295010
518663
623228
101973
487353
717623
160161
323200
564215
160124
28356
322598
707814
639800
197299
416342
703704
658773
934827
417441
459052
168056
528090
382912
458062
69596
325806
706131
391458
362482
72387
770428
273533
961197
144010
888111
789839
902487
204535
93430
289840
48580
421583
938184
844608
29144
680730
780581
16271
34548
603253
587068
572927
329289
653732
208562
51286
428670
502092
351875
851753
209237
574665
709531
410706
433070
7738
935953
814743
772466
115456
365476
902683
997671
779871
429993
98502
62540
327829
37246
222470
153328
438711
163443
429418
456314
179795
223340
188015
382675
404527
277699
385848
645930
356514
306763
549197
811686
917876
509613
276714
189292
303207
330188
766348
146674
826734
68832
692807
42020
937341
37254
551810
393843
474233
263069
829324
810649
888617
870913
216875
85723
531162
972548
547308
570697
162576
352954
471066
152777
66914
242303
303734
760811
638671
867941
454090
519386
644450
119478
540460
164710
95559
625982
402865
770021
449555
239713
658505
431081
616476
937545
715234
413570
729236
124010
909677
602104
922932
890521
511999
680424
73090
682409
963180
851013
706537
489417
380014
29989
363744
625695
56659
232955
974591
840385
3381
993294
729946
948081
361443
895953
468382
196747
159823
746587
605310
184059
721008
907966
952905
66918
266748
915496
406974
968170
573125
775342
374067
560608
99842
213838
268151
521225
475327
964287
229404
648404
304911
87527
383861
544056
702197
270614
87904
91138
485884
158111
868395
847029
710717
346498
387188
346783
17174
897046
27710
460966
435142
484365
179761
664607
159931
204615
28348
291889
129645
492410
973120
961345
550365
337978
200081
334203
793127
844642
198576
763949
427400
425824
1992
622698
401899
977852
5155
993304
937541
18739
75211
632747
371059
137919
744110
798404
879382
829592
406660
412234
104761
120139
549685
52291
638048
683884
155482
522950
195529
526497
166511
63644
221514
443610
481624
880541
551951
155858
384173
306568
939071
670855
813503
890639
780141
73073
322512
731108
281604
871954
713352
232553
794814
328247
342827
41780
266298
902808
357264
642170
608561
330500
155431
502382
493088
985901
508041
466010
848770
474508
58182
481730
218782
806160
171585
985667
450991
672004
632817
721224
148292
108329
210747
628338
591306
854288
758785
585844
573791
140256
549865
408739
908339
784600
214041
891454
438715
314765
495383
962927
66884
390183
561652
336284
626577
18837
617110
959356
736617
111047
271506
298507
185489
577456
944489
590477
661859
881248
597555
99281
363247
794723
496483
225833
959499
198582
905719
604577
453744
282583
560906
299207
885084
301609
743380
310360
63394
635866
622294
512789
163283
330028
379315
316385
873084
749662
591701
272183
46457
790035
994768
865010
858273
313314
893235
229910
101409
137030
735989
694652
96381
325231
498775
951877
766355
821441
515118
388702
236936
207837
627544
613966
509621
311701
402020
737217
539398
746578
411266
456196
204932
186437
73280
847742
65709
230382
872409
85967
836939
587021
389615
760812
162146
461695
178165
946754
81149
80384
50062
757971
679168
886553
901022
876100
55579
260689
921168
514603
106393
652318
642159
29608
124796
729055
301873
207513
63900
230417
469698
539312
727116
203313
115267
676887
49498
656461
831624
806241
346608
749660
353936
620897
297790
372859
576286
294855
480061
433581
880958
563494
823186
158033
99007
955147
142424
219674
980615
491653
666649
626984
926431
948782
178719
180021
818795
955463
238270
589632
415983
604743
373932
168038
172787
553719
677505
899072
406101
92976
807301
364894
598868
677526
18988
682088
415971
717867
818521
876911
674664
265844
267287
323906
242391
341580
13638
316686
941545
20949
326568
187295
611747
396520
773442
450264
670742
214350
303964
338141
262618
863565
895329
648384
156557
464128
754835
521639
776821
248265
658496
687986
358811
424806
907441
162120
180470
491375
236943
879738
556398
988278
958458
864336
196308
806814
678671
908766
784772
529544
177142
98244
142574
196676
693599
590453
303461
821245
972535
805392
994025
133111
196991
523459
712615
897062
763658
838511
771337
784241
856493
724712
575183
863846
125927
563465
963661
201550
750116
761144
310745
832397
46620
448279
6113
837635
275948
758454
321495
756794
124587
534242
521467
823232
207954
133599
953286
41241
890783
959609
410008
146008
760189
98853
948257
747378
600324
632199
706273
780040
365844
580413
989908
804804
401842
628684
685359
960
993980
737215
193420
292910
582655
629947
998679
888411
292209
394768
718589
928565
565687
113473
889233
944774
48965
47639
999816
858035
456669
883365
763673
921389
548488
697172
638132
596497
467930
827188
346412
382008
845651
112066
964055
663871
279601
217704
885440
258330
487292
45137
87640
96081
928575
930797
165966
993403
646928
186224
795218
121211
96860
88316
157245
931750
35157
674382
389002
733438
232170
559893
487523
761888
948694
183909
421427
28475
799308
411858
154623
542205
956227
610518
984881
203478
627817
110648
405148
164748
321589
27350
700148
439569
654244
483784
634190
486914
858322
611789
998195
526865
956083
727527
287151
642892
971792
564214
387994
714847
504659
703166
889888
903764
796502
41472
973034
629544
538670
809705
210563
559859
901401
657711
590342
758123
720451
782625
928492
961124
284553
159143
111308
295104
814728
800036
53964
51708
959673
347243
397089
848408
731228
319332
298809
616713
793935
757851
191251
689187
22950
382899
662238
374936
120481
459287
969894
707515
585851
13966
3804
735958
788760
252558
962035
815296
649444
878449
185045
809213
25841
341897
58242
583009
322279
805328
547021
244839
6774
318136
981234
535951
566847
501514
764765
330038
692015
773080
415204
884491
744116
91059
284278
509469
388060
51808
809528
768205
842900
990729
147432
508087
588672
493935
847515
368727
17086
259967
718609
223916
711233
372400
473514
751140
350512
818804
965996
73339
827465
68029
385765
558504
952843
177969
6518
786278
56922
437864
892828
215968
507912
496680
518913
880156
809022
291147
777732
101947
804836
624758
189550
397532
297348
473920
712698
212413
27439
848891
427562
842796
594903
669377
58344
503396
769408
133783
168324
425483
538830
4956
418100
160660
666904
662034
155768
664972
812666
326209
642517
644920
139469
310938
736785
485993
355400
607050
107551
886376
899041
741450
27559
223790
688689
728944
711403
139015
444370
121239
576947
794655
515864
723956
200210
910854
655782
380281
297154
463238
188409
740682
748013
122998
346753
166391
525998
928284
160158
500582
405368
832013
724334
30484
78550
972451
470922
958724
434271
208023
7917
146096
771248
372461
639222
100990
400033
343789
565426
698978
489433
179459
682187
463868
695876
690550
651773
156904
563325
395111
842137
357912
41852
361980
743762
643929
846731
242195
960420
796434
679706
365300
148227
934470
544821
105224
71524
528275
858441
416022
160884
622402
935726
577351
393590
295874
678944
553445
440734
629899
134746
312609
352242
48046
287146
656287
21311
509801
853404
635137
89291
296818
409901
118172
542426
103091
864238
777737
81813
141612
19108
60687
401097
302520
19029
848382
558792
846046
959527
692850
171639
110191
793026
509989
983729
686214
631171
534867
117500
595496
495946
97318
770063
710950
440405
458217
732408
437815
400150
17718
691905
150891
469438
311865
820279
674689
946553
554666
982327
98809
956572
74306
564525
453464
507673
802094
49311
475692
852105
239751
721230
896769
632287
988827
675846
184328
707146
698957
969545
199450
42042
967753
611791
356909
853351
802759
430953
932706
659901
62238
603179
110948
342682
556081
540474
75906
627750
642725
46417
689402
774958
299069
614023
497028
330361
222007
950904
542995
759028
526495
857982
587521
431705
538673
909851
414494
326550
962072
242220
690519
93516
58927
469287
679234
441969
452657
769320
248686
504633
951943
409773
616227
472211
25919
856229
399934
844229
183341
659358
708182
141562
937164
328478
501495
190869
880095
314070
699545
599091
14108
467880
82084
72041
341277
596589
446647
609034
618167
533508
452741
247754
207650
315827
849369
674622
802413
797832
816958
520663
11097
833441
575408
66412
559970
304713
329741
604000
372429
316469
908730
882054
687653
238143
902921
222259
776980
27070
235072
114474
60559
789487
370556
92657
373655
863867
811189
169464
278437
117571
962433
316337
902027
168719
154998
517139
979975
633763
399578
122564
659602
213825
604793
705792
287709
188812
552756
225968
62511
185370
428259
495352
612639
396651
304272
681957
739171
718125
196109
637238
950185
993286
225898
367479
911592
452345
725870
503725
304426
591602
35053
875354
519172
326622
859053
643498
967895
582370
101648
782620
784834
813671
426553
582420
426283
583644
22329
302832
287361
306718
988739
710899
13690
775530
953434
19032
393304
552019
112764
765810
360408
657690
342899
587053
800027
764642
91723
844402
926913
293435
968659
486527
70161
855789
487994
980771
360126
334356
314588
178244
264772
130647
692520
171462
480517
800460
699116
801320
788334
951657
725829
465302
52633
129701
293941
167493
476225
60400
576328
402591
955127
608389
596590
846864
602177
467918
151276
687897
943735
738498
580600
307857
113656
746236
511807
376851
256124
313623
414915
445900
160486
508586
275378
321431
764220
283056
249669
387715
570011
583814
603209
248721
714146
423854
885156
461031
78665
748803
333129
83149
11433
363872
401997
427946
570713
415874
111949
771546
392980
878073
922130
660893
902664
633810
347109
56772
2768
720203
420701
284208
447925
96237
97348
394978
66584
752846
969112
936128
992993
447885
935879
138995
455712
711705
29677
744957
42887
157250
203012
87389
732750
849427
314633
902296
323987
970761
970857
829138
988009
930677
634229
42988
145184
112336
504600
252826
166659
406879
467940
648559
631523
524602
613540
389183
487104
403371
305536
383770
522478
661599
395619
810170
448688
258040
618539
856270
275286
275886
342454
157421
256683
74682
460197
563276
907475
139628
194280
527481
174024
867150
813684
987576
457509
946391
546801
329162
607615
371732
648656
722577
470762
226552
266140
962385
992431
147779
340244
757877
798540
182386
144303
877023
682761
171508
420098
937195
39818
187113
720030
596534
754978
679791
973503
30033
492682
193851
855311
432813
311632
228571
36401
626015
591746
447471
268046
112117
658000
647345
229402
390752
134193
550654
52215
40160
330641
779755
561232
694535
757487
851541
233844
369818
746504
679639
686294
566315
197502
459450
941419
131373
307120
276742
870139
854766
256835
426908
652728
303798
228257
336930
325825
156289
421622
240653
180188
332641
952167
397358
232869
441967
265276
215703
951541
645512
738618
535034
996211
558990
991711
160438
953144
477990
316246
407699
393596
460333
426962
618640
118377
920314
888477
683882
29443
974526
801864
855500
35457
26070
371619
173489
924195
586571
749346
378486
884637
841077
465020
606428
204406
680247
719265
212260
99531
111039
650026
996368
874632
72660
456606
537978
300488
968891
668823
341959
769697
844112
59973
603258
73822
597379
414234
745124
416965
754259
929440
898039
21676
703776
58480
353729
314012
270994
654839
502940
700118
227665
968760
902488
266469
599075
97967
559908
57076
347063
857712
831093
960626
536425
310724
66797
980202
352502
940585
96933
120372
446276
187619
516442
518843
499937
44092
905656
844540
762555
314008
258723
20108
762653
409671
609975
815976
789274
370333
244638
769782
962832
813195
538865
324488
376023
644674
915781
782619
471550
457872
209162
231544
630302
773316
130421
970700
279884
850505
182131
902844
281568
815713
918843
351487
683183
644092
276927
67472
162123
697860
753609
570337
894238
399160
433919
516103
848846
266773
721010
616457
707324
194423
363228
763598
70272
569707
774908
397107
3375
804142
173686
477281
893936
117807
808787
810825
515504
253260
817735
40050
699599
772216
295679
503715
693280
492784
584181
93893
298442
879932
758625
286044
228428
431011
364206
49578
390258
874433
213081
620088
505986
953622
60960
741992
623301
136148
505611
377707
751940
620660
844370
739640
100623
606047
777039
617399
345177
336578
801652
445097
991227
347994
306735
518315
423502
562783
448183
266491
88976
269975
73382
315984
528963
191966
511574
746439
471300
660714
760314
473889
798793
376486
137002
688431
458862
621213
975683
621319
273616
768530
547048
638310
609342
117998
215459
575348
379342
379554
906828
254771
110930
334639
901519
476512
810587
474476
923118
130620
668631
655552
282526
123227
29268
445308
714141
612688
442479
896712
525614
134235
642994
754759
331617
47262
719851
847800
158623
930821
714999
966452
265966
157422
709707
947560
296182
864345
470075
647978
877418
309331
452911
66310
123623
786577
408587
651936
588734
281319
558910
881304
416746
921327
39893
267250
100761
302556
534743
787985
338631
823787
963501
47738
704203
6290
935233
752527
539156
535695
333374
195479
996490
582111
548044
167604
702665
479358
861417
515315
316389
339484
589849
77718
530327
849776
543303
201227
627495
528615
561347
789805
93207
400247
966645
580149
283235
546141
901129
980784
362882
615653
249551
167833
178280
104325
315068
896726
300465
197398
894670
681348
209897
668256
193469
585899
626438
388501
430980
683654
872402
298399
747121
52079
193960
879301
858558
943725
887366
534271
605410
224242
684899
873833
242038
79283
44077
193501
617373
945744
764794
177394
144813
918326
158816
103907
575051
173211
179161
133241
774573
27907
294660
530546
101256
829945
976879
269233
647349
728104
235648
29231
465959
571051
440239
601717
382286
816268
393132
817484
46511
525917
598178
766499
509138
507301
83911
622857
552093
702636
651555
113933
402787
176667
841628
244288
506968
75244
616835
408426
243639
679148
396484
174611
929144
703599
460110
769773
92686
423349
105068
675100
242336
366294
400469
951599
796155
464044
120146
356042
450497
146446
824631
544672
526253
679666
781651
132950
39360
30798
220003
595392
600123
937953
957889
80067
584154
32434
857569
115856
90213
256641
963888
582945
487297
152604
647111
18429
143883
453835
612961
187083
412121
636806
88163
204552
942720
787281
106750
607735
969231
805487
817452
172690
185816
681069
818941
892936
578664
618100
329424
674448
634993
312083
303625
868013
342699
640058
88264
19609
822122
654880
62767
511574
767310
842875
443824
624116
589238
255640
358608
192586
90832
144517
561505
461244
195096
983063
734807
789900
993384
34515
974090
982921
681263
929298
178861
28738
541304
518320
545324
959300
210867
75093
638566
652488
341116
452836
246152
184545
962058
170811
95112
419717
700668
102948
353468
823589
111866
453350
354372
966909
839185
191345
262201
221807
231064
10674
393718
952623
877013
627791
878104
484030
330113
927657
414712
261667
191536
415086
892079
318392
60807
58367
853987
424243
278872
475322
787748
688265
381375
989968
328603
224873
125654
963081
772536
799820
962399
554875
865131
775129
209632
45624
779554
373227
282607
827021
433672
729333
765232
545837
503176
424012
991141
132737
845294
191441
916009
821660
584953
422017
838973
911907
72874
322842
337898
254539
643190
459180
760077
709928
327809
156844
994592
273585
332553
975132
952481
393039
332874
748151
70423
851204
929307
703852
751117
488406
802439
945252
753055
149727
665447
733802
382375
459280
120916
39442
894116
564880
658620
601185
324374
237425
875123
331587
879845
964060
566031
344234
359898
336873
725007
146083
494854
551785
750191
831402
566927
274639
807207
974291
314514
996965
301114
302188
227984
698354
204400
910314
528518
889621
880375
360424
8901
181300
215657
911210
369256
399965
261956
447219
889848
816334
1895
794804
288846
490685
939982
534329
996121
94056
391891
353779
559957
702963
771029
815565
533109
164221
208737
428995
407668
998145
713084
118680
540932
824970
688550
441170
714940
72037
188918
61226
670235
673959
490300
756913
48587
748346
884398
201762
697832
746865
319557
910362
365323
127665
494574
417561
968864
328437
405186
775059
155820
251457
69964
70349
768255
141885
630173
612116
443487
765332
703487
612964
726129
589756
132821
447112
558397
2540
868037
805436
700906
887661
607387
50079
464220
764408
253382
119253
65840
589110
524010
153507
643000
515636
6510
112984
848733
190301
461368
284005
309547
721696
159541
56058
740872
484730
153964
126077
144079
349161
77326
371531
940941
352685
207206
968490
676911
915353
649668
186719
733773
552799
718663
920714
493327
475062
396906
444394
311879
478667
896347
955127
258683
47046
180011
82149
648671
685324
759680
218780
524657
382883
136234
787081
872397
522674
817721
179352
881803
344701
523208
345167
728597
308030
226878
378720
306576
519867
938155
109477
840144
564456
33820
290257
218288
844140
464547
830331
866186
864911
957593
534868
411236
335729
210995
382650
146307
598395
517661
56569
144388
116495
654365
972193
77463
652904
877778
838250
701397
138914
767229
409592
996645
255295
226621
171801
775496
139358
237271
355056
318279
208969
976983
741432
52950
425702
799174
383288
579679
203719
597812
239073
651896
578029
632616
227286
159192
748726
449924
645912
147742
834748
217304
712147
480866
82451
707570
739870
499504
862543
133565
632849
550902
203725
721422
59550
526603
321458
327292
980657
114537
392718
800198
209230
75115
275085
824265
682094
381381
715063
428730
727809
842757
177233
549837
201547
634438
26102
950354
688391
975864
481395
583606
674430
266745
99321
280122
719307
960433
775046
600669
717205
920332
280184
172979
645431
589096
719409
706628
553420
792953
804267
889926
13064
637723
243693
513652
115856
738212
468041
233816
29153
614591
82094
534330
716544
375176
745049
184007
72247
773468
739785
212289
833990
861868
943323
57709
490268
932035
449318
302318
403699
423953
42540
995214
886997
537499
699201
741519
108181
738646
823612
327292
853409
328719
441472
315867
106317
418426
728655
876449
381137
180005
711013
70459
891473
823960
249089
460053
668704
360674
585103
846407
648101
15696
55435
465226
361426
138831
585994
103159
296201
252149
462323
13644
869739
226346
420533
665745
770184
523124
553792
864154
342616
245068
322870
529485
646369
110073
312604
756778
802755
472067
391016
909168
992721
827896
549244
886755
665051
831565
75758
890746
359929
594907
869912
402315
309131
328654
345795
434523
583321
714292
480404
3256
514664
972818
515712
811235
640289
983042
745794
521678
813919
32961
295960
416572
451422
437122
821902
433004
938381
568371
228523
361075
975686
744080
299112
967497
140613
923169
72405
574398
424973
245719
122589
524056
466393
851530
771446
495192
279928
459845
128900
879192
992409
195442
629741
778265
49869
847339
138089
782846
222834
538793
99898
349849
937675
467329
918773
314310
767999
717536
310791
473197
586472
396951
297338
46252
345230
869998
177910
926258
112401
293465
239177
85998
65575
448334
507860
513672
685752
942021
875829
818955
951692
97261
718877
680209
40631
533437
329546
946142
97252
893276
83693
525599
690847
621916
810236
908988
721799
552849
827015
513397
222977
940661
140362
764846
213365
642667
638361
989560
575192
761900
307314
885832
667443
418811
199422
565003
575404
333916
983959
101154
112992
81877
310504
909665
381600
752610
288287
2534
924611
442716
553034
278357
596319
918462
463339
601270
566209
719544
279463
74157
969175
978579
898799
657811
196435
401880
726067
79346
384123
335996
241041
904601
866315
219291
430711
381125
974924
747122
54821
560172
387652
928344
463294
582226
926452
887866
543518
865782
748124
320619
79531
338159
779421
725195
988415
983940
524007
988123
620497
77792
202780
307333
530987
963465
702953
712435
601677
19791
591247
474522
938314
412974
897744
781946
629594
311540
956975
449741
989585
236190
803452
753471
307993
319470
140476
168389
439012
508504
249151
934744
247419
181781
745292
628826
894247
220980
572917
494984
264746
490672
699908
907232
664617
610035
478727
691312
562160
595890
689487
473541
404450
853929
238555
643579
726954
266310
937750
960897
527016
687492
672736
787367
779179
137476
714674
274399
605591
14512
7220
379416
741914
120971
621981
291575
182942
702838
716237
188008
219884
340226
691155
649567
22743
278588
694781
331917
772329
8549
471260
244503
285536
560072
445173
242232
866713
365351
282730
602404
459018
588813
907782
65483
619145
545707
459802
102129
810740
606424
741574
430088
818780
749120
996569
120438
54550
646693
352500
766277
942093
264027
964619
640934
191893
994935
613289
396135
355256
773955
415132
116016
238385
963164
36103
320205
702019
770279
45742
752134
482094
553897
10117
359542
569981
566269
37771
964535
70389
779351
558576
513740
899529
75407
535187
210177
283958
655401
780194
36875
352989
144590
921529
52762
308983
565621
849917
900482
504250
881237
913728
68673
747135
575884
487350
615709
599579
165006
580342
374090
58903
507590
127003
661487
971025
261759
799237
131504
999021
857182
812417
93060
577132
727303
109113
798646
523402
911541
685027
202245
415638
473522
703211
651245
136980
837013
969831
401652
296540
135649
268432
85694
909514
481290
494771
902124
380476
574990
640365
753726
218798
228354
589630
193760
536622
701816
551485
811605
195024
989546
100372
770963
547401
162224
310916
585298
893723
84116
632678
576045
609129
212628
532133
724053
842013
408660
354251
279970
639531
552781
399220
820751
634686
622574
889580
291701
479101
384087
599153
446645
447610
257198
53385
339167
243505
159833
443199
509208
961259
687429
713568
644645
209827
863621
748479
259765
481965
947085
317625
934710
943605
479447
449573
743051
121420
695157
857312
721538
354373
655414
468265
526024
413119
213476
55373
789567
340201
834709
151213
296728
314223
33717
856082
639052
319193
702680
773198
208232
753734
744315
60621
470390
442815
842020
51658
592004
114771
666383
988218
330529
174702
685361
828303
471164
239210
241742
650465
326466
290958
689629
81753
947321
675480
61123
655734
827669
560322
499419
473921
116999
874170
715835
756697
698784
512366
405031
454601
262723
25548
2634
148968
301859
57065
843974
836910
911364
478282
846767
473119
370246
995907
246611
325657
764283
438085
450250
273409
37071
749468
974644
379957
378507
416875
490210
665399
248060
902099
890478
451755
352497
936853
39015
275318
16927
134189
35457
909243
75325
545560
642099
248168
335826
62546
133686
19634
259966
97050
28805
260261
868576
614538
905366
320807
638399
880987
122469
714785
694403
320570
276065
939245
944949
391708
48600
999823
311248
813464
895121
384824
717254
398705
225336
163443
7734
561215
456487
177916
230660
222951
822785
530372
774229
190830
813614
482496
694483
375673
399645
983295
734477
657298
299889
578320
315617
51484
710446
396010
304700
693527
198160
472332
767133
806155
100275
932982
592384
662435
243544
959719
30003
373438
200658
177226
641437
603957
410190
891408
384742
761711
942397
432886
529510
30624
151132
10712
147299
299513
728372
287162
29589
687558
310154
478237
982769
445413
627467
232771
226165
705893
274088
652740
361366
308906
698178
10428
597563
922100
450294
970434
801349
123635
216900
930593
869345
474702
464956
338549
201727
325802
975199
835328
403099
35921
648954
785458
289682
847822
184936
28387
905805
828058
531039
13798
292392
536836
645640
861266
758293
697108
963822
664295
437730
159089
969086
231806
338075
534722
955155
878325
130426
80112
584050
222842
249955
801297
414344
908507
227591
933016
848406
420952
171972
869694
229968
692729
982386
322438
46440
885151
235026
798003
758794
761817
71666
131868
422993
539857
719445
893440
624889
697762
55752
406657
785579
249325
134383
600403
635570
283501
463620
755097
766307
433398
859281
593489
143623
668661
163144
819686
760211
204596
846726
983140
556634
682234
806899
121388
863397
63121
578573
19437
767382
164909
926091
650729
26635
849464
40440
14793
193427
487195
615142
906319
325358
515739
419820
533010
656091
851184
751532
733198
704431
19110
512598
730375
900413
885775
117656
762607
852240
676174
986251
974237
169241
268817
963871
296841
41118
774064
392809
206378
901784
783736
274060
555912
269895
511877
523432
941600
677821
473846
176424
459823
802799
37134
605516
783172
702314
345445
878866
410745
330089
419048
99786
505946
60237
582254
805991
262299
137528
44756
153811
799615
679459
368117
659554
207
490296
775965
159931
959335
576081
696434
367087
843787
718067
834816
937131
317049
883292
614987
85649
644525
877353
312756
628849
762984
224546
966672
470904
573074
988174
23767
780079
849228
889452
88737
292971
436671
212810
4446
465225
178696
814744
219878
590214
393035
470427
529085
83947
175062
737276
849973
148713
276217
470627
556182
568009
869602
85461
201171
576305
543709
609925
531657
757836
617236
872352
444258
205781
206521
552858
863918
333224
167675
542276
141971
66834
764885
510168
700080
990442
402429
6252
183354
735066
387345
596253
185823
348430
859446
1122
319906
645754
308001
570971
344452
855927
946399
905764
351737
581697
286877
526218
353086
445534
392870
217683
247162
870362
122407
415987
618510
313034
469171
36996
429035
873549
180143
975540
929306
495286
631346
961487
557927
963366
223204
592405
390097
720991
479403
313972
884077
532378
788475
488056
93178
958332
282514
575175
950901
85615
479129
683149
103257
183791
532039
567706
971459
253339
886404
114363
359447
30423
219195
914450
337805
976169
100938
311602
971694
848132
717217
292028
325646
800809
329069
702849
676313
991174
840312
840114
859953
298747
415651
137382
140500
847640
848097
776345
226590
839356
450085
897596
413348
248809
558386
971304
874902
401691
86593
619097
994520
689952
762846
922562
305158
973513
542857
692481
762598
692918
171794
158103
824001
969730
754789
875523
566902
180660
664792
331653
239284
56728
613043
680652
794111
69591
608119
801881
220429
498003
440744
970503
749648
48966
481283
281604
500055
214121
43025
753299
879298
429623
863028
339286
251829
245751
902097
950255
302353
617157
727794
75435
300772
462136
186780
499994
716904
546751
35971
990096
78102
195872
73674
992822
262110
788532
329387
377392
817635
523048
894112
807893
579886
433024
845980
954556
571171
980502
788195
261024
967388
148406
158419
339985
509469
513431
923535
983446
151799
627086
190892
707872
116761
935352
88727
30923
943232
130957
477112
951510
839525
286611
992145
990205
309497
38147
893163
608445
277732
168181
875414
871811
740339
913739
293935
479317
666547
432506
973504
623868
112192
900173
587738
486401
629037
238226
718723
138643
384538
899817
460001
811177
982860
921055
873247
849557
738456
538567
287258
131138
526981
238385
661945
824703
91898
359315
278167
108347
321393
610148
198458
919841
727086
348805
832852
748930
20844
511661
952381
277586
989304
399808
673388
372286
829138
636308
484178
926756
996484
889183
875081
828535
753144
833768
885190
890631
473466
176698
499733
453225
967539
362089
200442
547368
252347
860700
220030
707589
532211
12509
729485
753271
135211
903926
842737
548422
652315
549556
720361
488179
759299
525856
511966
203912
97327
905052
932938
307050
540355
178548
605005
629280
880874
733791
198142
547390
61768
614249
468288
824388
186588
840259
624180
776111
461510
797218
64556
868220
809444
997597
427816
976068
738543
480889
334885
300163
624851
322743
299794
932067
612790
425403
264576
602588
284060
218719
770212
390675
229418
957363
610162
501268
15591
775812
82720
476900
866264
521373
974035
354797
710701
457430
851712
880658
287331
93881
376845
241581
678550
219644
130923
800180
546666
102062
724298
770062
429523
372535
819068
203252
401666
238858
983088
920866
822332
548652
596037
456556
731986
753355
294892
429593
861985
131543
425894
320289
319232
368536
739297
546030
308353
540851
363619
191874
881963
399587
142239
223780
829214
870363
729219
762968
675180
575809
46446
484971
852908
897763
857859
805524
530582
150259
194139
63117
614659
626045
852596
141182
574945
158597
535444
733087
561714
731779
303924
644590
101276
34552
942765
679764
153893
683786
869936
150918
478256
711768
295330
788754
736513
277715
525745
152624
711744
592948
906126
784897
2743
318630
437915
74314
789870
711815
174806
366501
545775
586423
348977
839886
48916
127249
717372
536427
54283
524647
886219
449250
458302
147147
700648
532758
79719
144602
50947
907453
215281
901194
392287
197931
772737
149157
659972
849203
381693
429878
618941
233148
407572
229825
740166
457223
720225
22113
817046
835134
205149
124158
346498
385646
633097
990935
395942
905503
357535
168621
968100
200601
419365
251879
704807
196858
791186
578962
710990
119562
914221
365314
184632
56086
762828
13959
805224
861710
951894
692413
531922
596016
146970
475899
894679
354680
608280
374893
955930
160524
703322
825112
282035
267522
923417
3563
784951
405345
453662
585820
804179
563317
345935
877543
170965
22886
262917
75423
587661
549930
700083
853734
865490
205126
671309
507975
374196
531377
788919
586347
808786
680762
630351
190609
825338
530930
938912
713258
499989
137997
642445
980981
663224
339981
24896
820578
264206
388796
456144
846470
812131
752369
251128
265030
425173
314186
936154
562605
681473
146131
363244
56961
526661
114847
439576
457015
126628
386316
368115
843850
642736
538201
370357
198756
471401
594153
151961
80530
617928
69029
635460
151165
587576
669974
336312
238214
767050
214133
502051
694652
387774
952195
968219
400754
38103
254878
639546
393107
250366
621842
901173
749273
952456
737355
541024
137623
260308
624098
96986
250335
997922
246914
529136
278130
474755
866293
514094
549136
545768
299343
547496
691657
862416
113762
573044
205433
946052
255092
826366
983374
245897
465572
337919
489264
783668
146806
263333
538786
704397
985308
577074
224007
384378
810339
327635
471704
366667
216922
518781
102984
78208
28865
933423
849880
49964
357343
455028
781375
724313
372623
581163
59385
560923
322896
853671
818477
75403
921324
925644
480832
818371
268395
300985
578796
238604
329030
786987
608308
120228
746478
282931
289213
574388
442118
285829
428289
459395
919511
969894
149699
490454
173534
696489
309542
833950
5439
406511
769530
594825
834227
919274
876883
919640
45311
18432
749213
724770
195541
53694
575150
777501
917508
792588
902483
148139
726621
374496
786370
321641
934571
534337
29132
24454
519380
875468
563652
592975
527899
976996
534202
367741
577521
960148
762555
316617
964753
349246
219029
699294
66123
430361
273284
614945
167528
513862
150324
928412
569359
296373
886256
205889
693547
302106
568347
365924
186999
643306
919049
806809
75863
185860
411951
751127
269216
586785
245781
697006
964377
650378
114836
988143
47100
985271
936857
849427
270942
890929
630333
18715
826151
417691
669940
96027
955862
912466
361369
10414
395102
649140
356601
125132
424041
561295
782283
493334
126296
668911
643146
741630
242101
208384
664230
674137
92379
201716
353891
224828
295884
793301
750935
75768
285721
886320
248821
294058
216087
983021
568437
682475
417900
793988
965661
761423
923324
880791
916535
657917
433690
549005
696858
671727
989472
218342
515213
857530
559401
250983
528100
403131
463277
556005
691557
433267
625350
620350
122289
424633
239795
400884
865402
438711
283124
759492
236856
668653
521309
961047
86953
911544
812932
33922
448363
90226
359586
934037
533533
263148
300493
863455
830462
357778
472209
351799
138179
431992
260207
189528
45774
847141
722020
611804
899238
283605
736068
235271
992239
152793
428801
208175
386655
139048
41581
83101
803322
860743
170413
722553
371306
652100
191195
396604
955036
966616
938328
447732
559246
183434
571759
382506
551018
163496
288658
474982
178857
534152
90439
37674
351151
713749
507591
656455
370734
134592
694676
744590
741297
878831
390072
471081
239147
623601
997258
919532
539073
665961
75293
92226
918224
154337
541879
592805
473668
325582
122911
641472
269831
644769
138658
36492
132610
597754
891292
183098
770812
138087
128103
923507
791289
267028
926237
1253
435523
184687
221302
314754
474512
148200
358715
262757
152820
178124
365293
845906
142892
663536
994665
286035
362804
790763
432313
964728
913931
603093
270132
433476
721841
982108
280512
159050
819684
607573
971351
462352
722334
469631
314673
692757
755418
594235
52444
350540
593512
90120
727656
746022
225119
408049
44489
223314
731943
253918
556352
181785
977383
420332
125084
734199
443274
757564
784764
786567
806457
810270
279225
501928
587531
556071
810729
674339
360675
588946
795505
851641
947301
226285
625960
642344
889542
753901
306161
180354
215089
553644
954129
469213
518065
902341
961915
286397
820335
23228
820621
50361
1999
856246
9875
342487
341954
107694
168029
306110
146152
239660
105644
960367
376811
756431
283376
926605
307211
967365
785397
808462
266533
134660
356118
866059
170078
27762
453527
321212
222959
17598
168879
436687
190801
802504
424190
229893
309998
249067
774841
833185
647896
667991
808509
576797
282509
628594
67930
337433
347464
683368
581926
481212
790090
301150
804310
706631
726180
766754
711365
238874
667499
559332
636776
576930
805027
43958
505413
275224
701005
446533
722721
418250
955392
938726
936833
21673
165570
882086
451785
704804
278525
286198
547759
268260
946163
204563
873685
816706
191841
17541
56109
354240
453019
548635
211008
686410
719521
237036
452142
896975
759114
396895
547530
752291
793765
794363
122162
183489
560190
603874
794734
649915
618382
203145
493530
716611
257163
894951
9266
636366
405479
2951
449349
490958
681771
293714
441810
858048
13610
780758
518264
159506
735837
641152
741858
369645
371216
674968
998267
369330
869666
83461
905690
280255
410147
158536
55706
876781
92021
85906
600116
779715
685000
81098
938769
467062
132769
804898
451972
358669
631163
621749
634685
649474
269859
436882
916775
399553
965272
971880
150765
295090
370665
382425
728311
386697
323944
20234
741293
680788
493172
161
557712
375198
603791
441784
212102
293003
702680
619767
22097
153858
215711
316622
265795
245602
682289
237572
166350
718325
974558
321335
505851
528013
816610
69600
769346
446113
713032
505536
250270
999036
798806
423159
973882
724344
119916
967047
246309
768896
878633
463234
178890
898964
766361
481486
255234
734352
79838
177389
825391
858027
805845
383321
907564
151379
749019
300258
898856
842026
326035
303352
521090
214273
424344
31901
415174
840608
275621
586091
217043
721885
676750
876357
217323
604458
931488
498494
949641
909839
760885
921988
72536
140254
219944
162729
603518
334177
764097
58864
700143
842120
447566
426019
838018
812267
633205
281443
841950
353226
137988
747289
525225
315497
323227
246556
934686
410608
911892
237050
180591
203913
821669
258439
911609
674599
730732
70779
986913
305622
610130
303003
149485
612809
118543
926193
472758
188611
27261
700086
233448
443272
683331
428266
720456
543459
474355
602238
264284
15613
117431
137032
567467
167464
889961
296397
237296
159025
961087
157789
575446
374376
68240
387439
783863
152518
388506
736731
151389
496016
556267
81112
858615
230917
48246
673330
139956
143415
556323
728518
474085
194094
411907
90367
367692
976195
73534
132059
590462
318769
10857
236918
65221
707638
714970
199711
172643
782651
575597
467638
229347
841892
824949
634313
615326
166913
794913
906760
29822
257777
218629
968605
917496
504526
497374
360029
781276
482719
724883
678066
798574
474282
366240
355366
846713
515167
945403
849170
973162
132664
554910
452953
742611
469767
23485
636333
626301
138005
89846
877281
682972
901836
393994
423007
551072
302441
75574
505054
795676
494320
715750
782421
880065
799638
18120
791794
849182
610589
962411
534917
967212
169331
837684
877791
819992
612727
326567
644030
644559
417019
398535
999966
872432
344553
102627
247162
765999
622809
216299
284893
667838
905407
406676
666396
663416
312035
996138
719238
492062
242434
150555
240540
547092
796210
23976
357776
679095
448811
242349
996731
861199
544724
259584
620553
421723
20607
411691
236791
2200
659884
739352
230066
422175
47925
329678
268134
158628
193353
881057
857415
377019
158586
547430
981590
806739
441680
218396
306738
883458
20708
808721
616725
116670
731662
803664
513487
786807
769968
678151
478456
280306
65350
328439
602012
771416
337787
597018
926383
621081
134100
803707
778317
35765
590803
272506
353196
248231
431315
658411
726971
671012
348025
235479
175941
114547
135079
851106
290925
119023
762509
290385
36801
171040
993199
129769
350278
625650
427126
242086
296310
14968
802254
331714
383051
119288
262342
245748
863683
764846
620449
6347
444573
804111
827277
961489
906083
458255
964932
496764
921170
132754
574170
111940
1486
578058
199836
654230
73169
369372
493532
538302
616282
749225
492310
454449
187955
981707
24408
308432
511777
363170
93169
630701
292644
866224
443352
719702
642848
364389
156129
288209
617416
113911
540368
190112
687133
374394
80275
125601
434612
366989
163322
717868
231579
164760
452250
859200
129555
41518
123132
132221
760067
258615
503777
924238
671579
60204
989948
556546
72371
909959
614885
441162
88076
464276
406497
519399
830775
975633
383539
552780
792925
653991
168027
958949
694545
762956
390185
410350
460182
297985
529389
815129
893712
824766
602013
870022
846257
383326
39664
321227
680079
587928
363891
426273
257411
815383
493347
216366
416909
94225
967915
198595
716386
833888
356143
774496
672016
901089
810984
901780
936051
125641
225819
87041
104813
542161
875805
544599
984800
832511
140853
991631
728786
435575
84213
40597
869329
33002
485199
931753
246061
103881
272112
81785
761151
849504
176614
752132
527833
677764
125789
289650
855446
471119
802871
228530
155073
718544
950322
886594
277638
462518
434902
999680
652853
755494
205750
351924
30601
562274
756426
306715
878624
122557
849550
994409
361339
459176
3658
307582
411978
170885
602765
249021
607038
900259
560908
586891
378337
476992
246438
418110
124777
568877
111166
163410
824899
313541
269899
733814
376618
504026
834659
921635
398597
988738
760598
126373
423721
341152
72581
873982
757666
840296
62227
960602
659311
129589
375848
829182
814417
290422
158998
36688
715454
324424
857439
183428
743126
768195
743889
677763
724753
142761
707607
492070
267431
476883
323513
333390
727177
18911
698668
725603
886275
222041
986006
833366
426499
535440
16229
526844
905134
151344
905413
693130
375418
367285
127295
767975
718699
221116
648779
346422
962998
48588
960804
857782
417479
636755
837634
744598
643588
768528
821
726000
62097
268488
933828
348398
955944
144766
850996
350479
808731
921129
418752
122856
137148
462537
938792
96673
323689
53665
380787
359887
474279
130752
951429
774146
129591
879501
394147
980244
617378
613097
23681
731664
352172
308366
643235
167060
125943
855261
967786
377181
25979
167540
112217
88641
324549
24343
206895
839867
822479
618476
441085
113395
416356
556377
709435
132991
549295
37046
688902
293154
533445
118009
124190
362799
841911
920689
904212
875296
830826
696030
778230
314837
219766
629212
495843
127453
600939
962981
737451
72644
12716
760315
225660
934283
262171
24693
352016
58571
71363
341169
182073
159318
968361
483353
155034
756624
146078
946134
103365
782993
311711
347253
914310
769722
314067
139185
774632
577928
845708
30089
12671
197426
811403
785225
151075
244941
223220
590731
593397
909695
830201
459010
485872
501763
797361
656235
448564
306991
742960
502694
462021
576959
188441
473889
911346
512387
573671
867580
856833
730844
675833
887718
321731
618977
676129
579270
92126
74660
825014
850751
544375
929040
748908
73417
134244
200353
719109
559169
99962
16423
318425
269610
767940
92103
749147
901596
130558
670590
950491
638132
78641
918157
217098
407741
990845
324865
786665
7583
290384
856695
111286
311851
315550
736991
304582
753941
583908
806547
426052
972499
48942
37883
712269
799812
131860
240296
584153
66197
374489
13105
792718
760360
426673
421225
517683
596958
600364
871455
454422
758533
105343
985579
246523
55794
98156
245553
446001
285447
759583
124484
353540
783169
808173
816023
893439
317197
288067
790174
283617
418452
817579
479227
118076
832873
718666
675125
86246
499441
710367
237566
840453
45270
231437
752615
216123
89053
974707
641045
531714
173653
495823
450467
619766
110608
55526
2143
104929
378541
159385
427519
114631
761508
1846
831865
377403
85812
95631
415671
2868
573788
481247
72574
236430
831318
877849
479764
481878
173387
575553
807391
470513
439159
786658
990892
654840
587831
944557
126670
130036
245250
348022
313632
320125
288951
845779
823418
753370
276131
38205
287962
540245
267633
318917
604963
228758
459205
597753
55652
792184
785908
179382
56451
730702
324701
165930
691712
853608
882784
4927
529594
861867
101982
270356
352255
774860
829282
528810
316612
465440
588989
428364
692193
800897
449726
927207
691392
944645
442299
688753
238665
741721
699109
723363
998027
355430
710019
394238
141268
93526
105136
17155
342387
107298
95125
949214
249653
527439
809094
779110
428909
33497
959482
13249
817162
292719
298558
940618
657605
856881
85497
23977
451149
66345
723506
231152
642584
176678
346904
771958
371296
45887
280025
570605
648490
420671
116966
965333
414608
836909
642506
348433
259045
549339
321687
147037
980042
237664
890822
444845
503015
525959
247967
41287
969445
912872
885900
104012
45212
969416
690391
82564
304014
223999
37654
202880
600030
70612
921532
611366
437849
836108
176281
564527
485503
427584
974766
657791
990919
361130
21131
540450
813269
734429
218338
98482
657214
683883
679108
127715
682397
962041
204928
232553
17005
597057
560174
592390
993453
206777
341710
46499
668164
814598
355565
536728
489427
773213
976240
297329
821350
241737
190265
240187
108256
640997
719886
725722
403894
690985
562673
330182
141784
442463
378256
752397
77836
747171
474605
917613
59263
369223
249617
144997
739586
373688
454990
647749
305044
530475
430678
548343
665603
137021
859594
101390
438610
512614
940333
176221
271680
415125
541927
9909
141056
365117
312294
803909
974111
623580
826544
229660
688652
473046
520511
470766
366312
974798
279519
982985
914038
150365
884757
917609
238733
698301
401419
944588
144304
524093
797807
75689
218467
997576
709483
360902
118994
989412
722428
693347
32360
370498
867707
127205
478279
559348
48353
803965
228253
933749
412357
55737
990669
150846
458991
339410
72333
424465
578127
853878
444957
439402
423955
41270
186150
244914
637935
159680
778563
822622
13040
236368
559499
129455
113168
812112
733801
934568
99534
740091
440301
197169
129541
26950
750541
181938
229378
463548
874968
773527
926856
642337
531141
129864
282283
341076
114901
836854
198703
188278
773361
319579
810527
317329
20844
427406
495557
651591
505735
365880
67436
369497
630611
846505
43337
99815
391832
702046
609314
761883
976062
533238
312521
216967
795668
467179
621158
426559
565863
911845
168010
119663
425820
295728
775834
74978
337643
343323
86922
398959
433337
589038
968620
718517
79849
303183
589510
608470
577894
974414
241312
849660
259331
67004
168776
229516
767962
386490
654170
967614
544666
728226
332971
978455
832770
469442
46984
112164
615324
434408
702437
149843
735566
794242
910885
772116
81922
881655
716573
277710
911348
42398
962110
432767
129831
652515
75570
87103
211004
808650
238119
727235
946700
2598
334013
829774
512706
921575
953046
603471
213096
677468
902513
59084
137729
627370
625871
519331
344038
305251
242823
231169
173993
475908
669296
213499
263579
355181
859744
55178
619225
312098
345767
680021
958762
258652
451436
663750
854552
423671
430939
709701
561583
408760
407035
766531
338787
583319
11815
71276
383036
659005
89891
598538
153421
69116
129939
82327
819550
415771
7044
488320
126019
965864
134754
971379
338955
28907
167643
902140
746682
327810
401527
713991
201511
457961
478119
873793
823317
387987
388388
265700
799051
55303
237672
438754
890184
427546
743450
910258
691898
52141
45548
991840
996656
870902
794010
251398
600067
101687
927709
382385
762166
367132
150152
557114
118533
12362
164276
781597
511862
862994
988439
107209
300548
976397
34217
249655
970982
297391
950766
140260
734627
688017
796891
327232
10685
693633
109799
347541
892767
595702
597513
420141
819426
325225
504198
268567
174272
204031
739694
100654
60285
245585
567632
664002
926920
34269
216455
43813
105431
609413
763089
97282
857416
998555
577342
783676
812792
227031
602394
995836
458534
464670
868332
814295
32946
741467
456861
799
926828
944603
216701
177639
117188
528123
639531
941803
189774
317240
725216
552725
8997
240000
326034
354924
418549
475175
132704
446135
10128
674640
720683
172473
819845
815263
166796
553443
674723
373596
766939
838994
533876
942965
417371
837242
354718
816757
557554
810748
595126
537145
932367
108080
469392
808122
875471
92402
878475
863635
669394
767993
49052
977067
556440
478526
149398
682941
333762
471670
670244
130362
793807
856348
792055
193690
244980
317254
234939
876567
509725
265981
879368
818037
849170
958602
323856
12488
850297
792459
535271
495949
995600
646234
406010
853827
285420
200702
402895
621547
393947
113393
314657
677138
371400
135579
828130
480245
98010
259643
523273
799442
181709
340135
709267
933565
717107
976160
290524
454764
71022
587749
979864
11550
951350
62168
682800
521996
876891
697576
276662
938673
151706
783034
196106
381217
390127
699362
588360
844709
51766
132777
863201
116003
475191
660469
303247
725005
283742
96086
162523
791246
200048
3058
838065
844191
187779
696092
387946
837468
732931
634900
334561
502639
406334
343198
742768
214699
369610
391200
227869
410015
978530
39222
232521
766681
68402
237723
795154
808095
987025
98702
558293
20417
80326
548089
612557
469521
272854
860604
742039
908789
282005
527490
921273
826960
900641
731073
632950
815673
709274
612199
981545
473544
888812
486493
306703
700778
477110
893420
415888
747426
684319
261185
635220
328902
775486
784114
482967
851149
914692
917081
55457
214535
981609
605309
591577
665204
930657
206859
564206
345017
412274
205677
749178
85776
962853
803476
364352
786567
336936
350712
605385
712574
983612
373842
779463
805184
72153
576443
619252
203741
140562
860539
230069
197656
208123
52293
142115
265320
877853
787501
433179
869140
80415
595105
87574
855787
569612
549805
331230
385938
34443
121511
999208
400600
265412
763777
441615
133928
329461
816408
433141
220183
865958
759487
574144
114095
231179
444662
638041
951380
321209
664131
754545
187638
330513
760610
313683
695386
571611
400006
340361
216616
274009
668307
794230
82583
40201
26714
169699
247938
980879
654750
802647
655018
271093
680896
128572
522345
168764
911945
722389
549127
694971
901090
504173
927310
996867
546543
877141
958197
258686
20062
786489
81303
186038
294155
698415
291979
771272
271786
604413
438179
185535
951319
252524
170127
306026
782312
723180
208723
194332
717447
408128
380351
41643
438566
462605
517383
718344
389582
611101
645325
288
104596
395645
143431
387297
366059
430939
942294
241433
812904
796255
683461
972852
579408
834242
539401
430386
699119
936140
981836
708611
107584
494395
771973
843890
534398
928855
429390
655730
480705
39807
165849
719859
568681
14310
789759
936159
221614
169315
794675
319058
143648
579299
882337
125988
969378
502142
46200
148403
352099
532422
224951
920702
333195
287244
44379
863346
853939
305467
845608
263658
928724
721855
988974
955111
19635
607610
265389
6189
640699
523873
982208
37759
484287
19962
31078
300543
105879
769476
327057
566284
760843
260817
788691
434067
61079
565842
266696
137642
661582
298898
847008
544872
832308
596960
542537
801145
79776
396379
36169
215584
94077
340475
580637
174664
548292
402668
527014
932786
710446
285403
952698
505978
592640
949687
870748
965335
977010
572188
92733
175938
28485
438226
385675
284388
832065
225415
133466
768345
622680
292002
706205
380870
766013
33089
611340
959435
3486
950421
721909
783424
749543
732347
492946
757605
380277
395662
649026
293788
4100
850141
762392
276047
54230
510620
761437
738555
350286
985338
293467
26656
531558
867759
321162
923219
328096
367777
371529
812161
673095
722728
677549
271975
905287
317711
114781
722765
154362
89320
409219
982406
146451
731803
659181
929448
572959
358507
600198
817672
714909
50221
336950
966466
392874
275503
903495
355350
680695
766425
230257
858164
303586
315981
678874
942822
135472
522787
435600
807545
410736
917742
726310
728364
900541
980742
211143
580692
293154
749951
236225
30398
56449
756082
167939
639140
827553
352863
662752
419194
994817
868994
36084
962792
766492
411092
274538
308929
605284
591859
942999
619702
877412
383449
823638
531085
729115
936411
823003
269847
482325
279630
670823
235159
767161
552659
673170
371737
35170
28147
879203
522615
949645
899912
872975
234725
397846
653425
255355
511454
94281
869952
858578
892944
865281
82003
607776
913194
480842
254703
155242
331449
974292
305239
117221
563380
344574
425283
621942
925346
410856
431334
673971
259983
975462
534025
472343
817434
591941
326928
428763
394477
143965
784953
705551
88929
858176
638646
728066
568250
927805
592819
839454
329253
770429
980366
522631
253324
657039
753129
365986
345801
190311
125042
141968
420928
728040
592001
197978
250983
407516
210524
797770
611821
519175
700181
521559
136717
208799
730977
351387
808897
526065
90996
20058
357152
208247
71434
234120
3551
985921
216055
705032
284851
19402
521070
131703
932344
651496
382351
685462
408163
744961
300996
44679
168184
468074
879731
615344
995140
396902
473185
237129
139819
948348
58036
146487
462454
593088
726651
455803
241486
862083
712119
665216
412040
776263
480440
835612
732786
35409
799759
713904
720472
373635
668606
691428
330105
970251
911038
199591
833626
199402
622220
637031
790819
57094
916075
820966
860635
61752
580187
152728
47725
612477
119005
949182
981603
166661
987621
895024
244792
906629
404942
198651
456297
326408
902496
38017
587043
58993
248580
857549
683694
929305
117604
613674
126358
448734
882100
370137
873744
560962
418739
771420
606298
151147
405007
819477
850952
722059
293395
249894
306902
601494
913751
748202
569928
496153
271559
247840
181409
30128
297630
509930
887986
720795
673864
720627
532579
170632
927492
999998
497949
324476
189329
367793
767895
915000
662728
921457
905774
354291
779446
592559
684614
621211
468286
248462
706895
366053
377161
949625
338905
776498
988481
934437
625100
145795
438806
704082
629987
52269
407355
558868
536383
720605
911770
983296
385927
412485
177773
430898
230584
468176
244552
357091
831139
225803
385066
317533
280939
593963
566952
335675
412558
614381
345147
245602
181676
603614
277817
100636
667753
206426
722100
413208
164965
479667
586728
244263
954744
122523
268287
512075
363072
559586
817453
846626
910970
256186
735580
515116
651820
693222
652461
487683
707041
324207
914262
239605
270838
278541
208895
948951
941254
755001
29731
856902
435448
771359
899982
79758
138416
447600
42071
242322
796187
205383
794295
545706
8411
270138
186423
799339
688681
866704
771039
723991
250540
319612
529949
680119
873932
91017
90871
521436
18899
354892
16134
836983
723038
174570
641208
804095
139208
252549
896681
883263
631963
619377
611363
891584
809697
801744
186232
500019
271049
643055
906545
828561
208267
730943
479349
17650
62897
411047
166120
841408
530730
427798
743935
951916
446026
27938
702195
125833
845440
530990
242779
272702
320617
954872
526376
598997
963729
624306
404004
918568
629326
97607
246443
149088
4024
794978
737208
18296
2066
660899
700689
947463
668417
362573
989215
815392
26241
836224
657647
103763
401253
623695
379380
171931
891718
662731
555279
394534
239468
823544
468932
130504
215565
14190
162687
132153
555715
20770
232662
997064
304578
538445
520454
575954
998984
855878
488702
24801
65548
509839
908463
162416
216436
320898
935373
738955
191657
722626
534942
69416
408236
534046
46624
574784
497681
204807
733026
379625
898113
594925
7285
313134
305755
2910
251559
141744
370803
837760
743646
398271
340415
511971
802359
565633
109171
481566
741207
620431
268719
954524
778166
258297
90842
529893
83916
10270
262735
991196
35471
663037
926463
923278
433237
457502
237084
144967
538901
499524
198305
888072
401377
750784
506797
149983
941719
226386
270608
952235
288718
72733
685833
94019
327163
548572
480772
49073
719162
477499
156152
422300
715109
382767
140813
191324
995967
413447
214686
298300
357420
378419
343583
320188
87348
731852
283446
840856
989650
984956
660629
583508
57655
236494
685419
677945
412539
536127
334290
645305
456130
135237
727163
213237
178376
430117
884267
252945
149343
60623
753270
382164
82954
482677
851480
618668
936447
205225
235287
304110
744995
231902
265933
871853
22742
528310
513817
398819
846033
525090
357143
763163
636346
574005
250018
893691
772660
580535
415787
71499
713393
874771
386731
505611
494752
873827
406677
519017
56144
154835
150652
314722
512431
663347
389178
31509
615333
367865
311606
527094
767194
706740
428565
537248
438764
291212
873636
167066
950415
346514
321971
296800
863237
129138
785168
959975
838952
771723
337266
713636
670753
427398
667242
973886
405213
914722
640949
305793
880097
684592
155375
822762
987011
546909
788501
44519
493622
692114
737729
5312
968889
152903
414679
428725
341173
324178
203678
226701
562775
566882
551455
101435
589321
566296
294829
160645
252271
44294
949262
197819
814281
308993
11157
487707
505838
300780
872045
608541
367369
347345
680653
950584
930935
63069
482604
387173
337804
949498
566562
895673
255428
368745
623754
942233
58668
452475
663744
250724
765672
944873
982574
399868
120172
765730
926036
338937
913914
62467
342472
62301
893310
219147
854285
53057
270065
918691
578139
928443
519855
934590
887360
331953
653217
554197
503562
963366
190705
110249
583154
435255
692199
793684
592629
238187
377322
257469
442371
671627
49470
792871
640001
962467
30046
493479
531271
103917
70680
838349
655762
780684
536067
164738
548925
936056
228391
371307
725650
653331
925317
782558
757135
979952
912914
430164
211437
922116
66446
781008
645142
725838
40638
144880
264972
958025
371297
93078
72817
365952
454611
403404
430049
980565
670724
622922
354452
276044
765601
381800
693889
302157
439997
178912
420066
165361
790778
972180
744706
131406
558690
930743
992741
224351
721311
815152
247887
965742
826707
472925
743673
360783
14942
998846
106959
594681
364469
900755
948813
973200
17688
754335
643285
161437
362929
371924
269764
460341
67737
168427
641053
550895
525246
593754
521793
125978
472505
826661
529454
516532
494807
745464
200929
132005
120318
653939
402071
910448
630925
174051
457671
432692
358519
929315
771494
389987
21912
158805
555407
367108
921980
206561
928973
358722
510310
933323
402131
933784
254389
492048
233580
626794
644508
750344
282517
880021
415493
444585
205102
255424
942335
7644
828958
934147
237754
450563
537296
290787
494675
456098
770316
116280
967648
209234
161215
809821
610300
887291
676045
929417
341860
211887
530741
445928
628295
946849
154409
115838
570508
177896
8259
236270
237244
482477
77110
880976
735309
925784
57957
150375
911307
738175
372607
682536
213799
226124
570829
780011
546734
368970
667549
972239
820531
534165
404842
534415
488293
711980
161829
59226
672496
285100
43170
133730
659597
409865
742264
207472
476599
980393
236230
232802
630301
398611
619378
588428
574206
837802
432666
381267
587350
318470
250338
577149
651049
992442
166644
535142
165763
870359
99298
451909
511302
152790
16475
640863
871281
467292
316075
278971
223890
424416
530173
674204
915999
48113
300845
271551
855911
136870
809363
552989
778131
923295
468405
662650
135492
584901
291300
262218
454914
895347
795236
22840
39955
22050
798421
539047
701320
230118
104914
718584
222503
91792
174465
424270
583221
622646
742221
493682
471699
887923
529378
764001
518599
612897
678548
853990
572570
773410
699475
924891
200164
826124
769099
606891
595513
136655
369281
486752
271538
404783
891424
661301
862651
714596
416427
935896
787199
864288
990838
307760
984845
592639
236423
182831
18696
87363
633433
363735
757152
184591
161421
767194
223381
339534
227932
851526
302486
127944
408643
291200
491519
736040
979223
859975
307593
67048
809695
197538
50907
288178
732753
341298
869385
289588
785478
643775
476418
81703
555129
81486
136364
624835
429668
906176
589654
951733
611139
23173
48124
755068
867980
406749
879791
512026
174802
482301
424959
326950
846996
694234
274758
854008
353889
661756
357306
954378
949574
964048
417615
945967
375000
508240
365244
842363
212907
166845
69317
330819
636179
393107
288480
25172
332446
386574
607940
504801
390883
462780
85141
950345
720675
733954
375342
458781
457747
852473
16653
403233
949559
524865
575066
239319
38759
781298
718807
8862
340791
848661
938125
204436
256802
781233
178552
682567
369477
657710
93326
88354
845554
46878
735299
46423
332501
905763
689622
57226
31667
131586
82156
960637
832224
162988
498632
817472
983357
636461
770848
33719
432113
303478
405983
818747
704065
421307
806323
314680
892441
775635
168830
163043
287427
983757
14448
29104
656965
208959
293051
876871
580570
167109
590984
162307
152799
71885
123394
975891
263986
529096
610553
771706
846945
943073
478765
931415
950013
579978
534116
555681
345690
915448
188996
624242
642620
735411
732747
884890
477001
555201
10064
900905
698808
13985
213734
493557
329550
555099
140590
1007
506945
953646
911700
303656
622004
964680
302904
580127
1770
78101
750763
885981
622501
202933
236725
765584
90420
497986
867564
588438
896119
385533
351639
345311
913529
808044
599267
463671
784603
13556
515618
64789
953879
164078
653397
534951
753449
881960
333781
889285
985693
73944
90354
494148
415494
913278
864717
69808
310486
960299
110098
779838
359886
575882
556709
246804
575516
149333
183441
270290
453152
539554
653497
70604
801747
810316
681006
712566
935753
448066
542160
771616
63878
368871
131070
703245
754383
952608
950842
131677
713581
498981
276028
874959
68755
740978
712508
521943
578010
482002
654155
759711
28264
756779
714619
531183
459897
309129
382739
718846
36792
972566
735718
905260
332731
792432
431420
847699
597715
151114
193148
103883
316032
398137
80139
299978
262647
212669
791587
227341
978384
873828
798712
471488
628534
269450
950664
638336
892559
431525
273379
680147
447938
49999
695932
167017
954739
234310
446101
216860
476755
988408
712845
468587
97533
463733
618029
65104
169994
290754
784475
600331
140544
499602
637245
506957
79637
286635
966957
810113
949168
737207
216906
770606
630402
818567
779800
758757
642637
716269
267726
387365
17507
168889
178926
971119
165583
822216
929774
5914
211492
465610
807634
934484
305944
365118
837281
243725
805753
428763
398812
25474
842846
171627
198419
353524
351427
595093
576735
726991
221623
720352
180868
838263
548592
146507
168310
251439
810248
430148
724864
262600
241215
599550
914131
976996
222210
455434
544140
664401
844472
72242
843141
551551
439595
414804
548283
488249
524658
925869
553892
186007
778509
911406
649704
858330
85200
269114
450900
359960
645385
709231
187372
997125
133223
556830
421582
982299
61386
149633
221401
501227
593636
413011
328635
502156
453183
361029
833939
260534
190519
623660
307790
570869
427915
900982
141409
788593
696743
698947
487145
902822
395028
693348
354860
593352
468847
522555
711378
85152
278975
997761
121414
227387
920203
501488
377898
508269
735442
60393
278273
858124
805239
598850
805697
349850
451003
174553
48267
464698
566425
483973
186715
386217
582532
446858
777794
701057
410202
160594
294519
836698
175578
803859
985516
746767
995968
41643
685703
884365
155053
107859
437783
710299
138365
114203
325379
495274
440385
70120
469814
76668
846462
125182
309096
287717
727021
463571
464269
672238
23580
462377
86143
440060
967815
880902
705318
837413
253554
929259
123939
203896
458726
178822
442076
197885
265225
548864
285375
370509
309539
681242
519825
126033
799442
842574
783101
836872
140614
326564
893721
943940
957441
898298
885586
808571
970928
330256
485042
232828
653029
83501
195149
501098
779703
401946
354460
47928
670172
108027
199648
262186
902381
939897
691122
150635
509428
762467
342790
688368
965338
414215
518477
498926
814106
288028
568536
839171
537273
838541
918980
445933
572776
680923
593358
768466
944742
633242
429508
614344
55837
572993
547042
502375
898640
947870
845907
499189
475425
385558
661536
529234
954165
730231
550122
67919
859952
841237
961090
494608
656226
358726
104466
553370
32207
894054
913066
550243
359072
352104
113130
830970
479092
363881
186844
928519
368428
742426
612496
88432
756879
661147
990943
732214
683554
281930
54354
657859
751118
397710
906011
347737
814854
494039
190737
261602
404949
455713
659606
813524
817309
82605
872975
801460
6859
206034
183061
192988
364253
414509
654784
300767
516974
261847
785616
310352
815136
169788
414358
733692
471374
127163
53779
252991
548671
855505
147782
288045
406857
325076
192530
688291
263342
593016
417645
764055
132923
114147
132526
898222
903199
440099
195790
152085
825747
319714
562296
583571
534099
81751
449698
801201
323263
558075
553222
341268
828784
68045
504878
609132
688409
974161
942175
31470
452837
530656
741151
885713
808966
46282
386569
140395
403717
27901
848510
240000
236967
55437
155654
799707
6190
46174
44091
227261
47871
995735
288977
526643
470410
871699
90632
744527
66212
998009
398304
388939
464516
636644
825559
399787
8639
428267
213109
824112
937917
560709
983569
85777
577345
518070
449131
961818
650433
609870
806322
797214
893271
127965
727559
188825
663601
853722
215122
945758
975307
905802
73578
306342
840794
156292
304902
470443
720778
821719
695634
728492
148383
585167
614888
106370
146738
274063
835342
955703
476832
331279
279241
902188
153281
904028
967540
204413
812072
822846
64954
968581
75569
202956
80553
807560
40840
824442
676353
862042
572102
311338
778539
505873
162853
505414
142724
19748
120672
657664
304014
349847
391292
259198
818074
849553
324829
83170
631055
705906
529622
604208
481818
563607
364942
961096
80304
962530
423349
465120
569337
118336
740436
648604
551415
540217
721263
511526
438582
263037
336137
854932
589341
394185
196558
189102
16634
668939
262420
996555
57467
814948
205687
813568
556842
523087
672013
521218
816734
278758
946314
504729
543948
229988
633703
524724
154889
875920
871305
819131
459973
577705
329932
203955
501817
632213
571091
454967
769097
60916
36979
318595
961203
559466
639344
474010
889495
294540
637834
116589
143900
312545
23664
312318
874034
511605
13139
286539
75960
729022
642141
547796
207944
315878
221420
739780
709204
262844
634614
957461
30863
519712
766424
961647
907129
977514
785456
277955
236285
305094
828221
20588
9734
470913
592802
141187
701343
570827
631320
911418
163842
970168
822497
647400
315119
884906
487823
847118
73684
539929
591430
680898
193833
350540
193762
103277
269231
785546
970521
511595
605050
179415
193937
4566
280540
489095
598665
812759
951425
333325
604910
381592
187506
174047
496775
480067
865615
168943
459345
634064
492756
106581
139986
302245
644873
310493
810146
163808
888187
315023
399137
598878
775059
504230
146830
777489
81216
653166
62930
517743
983632
209678
845416
166570
164616
652744
503060
527140
959321
278852
355954
612939
974436
425867
490211
911662
974273
453751
904727
780041
115219
505487
838110
963748
122681
314190
785602
188878
229186
970190
110250
334360
11719
995875
784937
148560
929537
140379
970047
712073
928229
640400
631982
482369
549857
572101
573000
975040
674357
9160
844828
259212
112308
800373
21400
380553
35016
353648
905982
642115
369853
398437
595448
866907
363919
777873
487536
226659
233717
1029
535047
662657
316398
189508
318687
862747
364073
479473
351856
707949
503392
384466
880413
654208
80142
831290
730100
569305
644925
97740
960555
983796
375620
104242
919489
583368
420677
14629
204203
999223
914862
993877
596216
84823
640866
709148
927314
478652
307129
154059
221340
702640
538994
248003
130726
218604
687842
835821
972829
239983
782540
385834
957731
963201
729083
230406
173628
921957
231903
48236
184052
441337
440654
802087
124657
541000
29203
351869
572739
573962
475386
575761
441706
804576
189505
47520
578384
666264
187296
456734
474702
304261
318099
721935
237881
526250
19330
363294
249965
915064
165276
79261
841367
137465
669317
492411
622715
512198
441894
713977
62013
531384
945512
491524
444746
349404
228482
902255
498004
911293
841939
852151
119440
269776
622542
513415
885000
377423
567423
785917
537182
810758
794447
781791
592020
200524
539956
590538
821228
195521
351306
805201
545834
396521
644539
94368
208303
769389
747413
541470
499795
692571
151274
920391
335587
435372
341153
452764
615852
998191
146013
563361
676444
902574
557753
827512
192191
474241
220463
113062
521663
789360
224839
337093
430155
249235
610854
156107
702254
790768
862834
843528
996284
51268
977186
729607
456161
978186
825839
856097
243224
956479
794359
502737
202589
639572
40314
64721
511518
775835
208157
608365
595874
113858
827867
735074
344128
218106
119130
780577
708333
265515
52533
404878
546660
691398
139745
679990
168399
732639
63861
652805
800836
549913
477779
508955
987530
68862
220791
859604
475431
706850
754305
592479
957262
306575
703402
205357
534269
842561
554203
840004
273703
89446
823076
982172
329868
772935
356745
398761
879378
890934
941708
632698
822582
528974
704282
697266
584064
753769
130402
530827
620102
263651
11517
329964
684723
960595
578768
513629
34399
699979
400146
586514
875539
412822
727524
370678
943028
199699
533009
273082
113765
872291
459227
906681
448172
394339
52118
357518
530914
48027
253095
338232
915602
655229
278357
636042
923101
161368
196989
338653
828569
823614
605248
73400
764338
818277
268174
436688
145909
212619
282022
779124
690549
697119
305829
521916
160988
981998
568897
672366
49188
832296
330954
138409
262727
227152
198749
682211
93879
547685
842641
780168
239976
70678
910119
757073
832559
120523
601361
443131
850871
940943
874375
817348
659354
525912
716417
499974
555251
703671
300456
411604
341892
733007
636619
742476
997262
316269
373622
833658
294462
472429
974846
841510
759963
925378
781032
467289
711905
461299
259963
530938
784887
432899
306186
449966
199047
555296
779715
851532
100295
520918
9269
249449
911955
265121
28993
788656
34309
776606
217015
657172
418603
808636
989237
79538
665473
733245
965519
519373
126116
314890
96204
33158
211656
416475
164897
331754
485080
205851
589713
696827
731631
378970
654013
142847
749156
584935
566862
436786
809664
304921
531315
203065
847773
495208
131725
180888
630080
753440
721922
433987
561720
255572
818779
244066
1463
899700
56947
750609
723864
409917
111859
28872
364363
494704
770304
446215
862786
924826
736656
811094
295530
946129
814526
641019
124095
643038
200296
650049
831595
720707
762530
944078
909371
657414
620558
500636
512010
831105
992446
217206
982439
638174
25165
626363
911918
310951
263178
428762
906417
320582
44856
123988
865395
177271
547441
429744
90196
429035
14635
394116
980143
690736
891107
742308
55073
213661
625647
337516
156811
392648
957278
484788
878771
469885
109429
773043
388749
43285
891724
566039
726760
89033
602292
357293
968361
370001
441292
267652
635450
246069
502970
497719
99894
928066
97008
31690
427297
107496
135840
203483
707665
711854
58083
716181
342132
730384
397217
353585
863957
722991
844817
952726
362572
577168
540041
580604
415469
899989
572710
279126
415155
126143
506570
387944
519527
334134
259148
688409
802217
274906
184086
899385
161555
803023
332285
691405
428439
397610
268996
296290
77119
440873
87578
854056
507084
529197
240624
61218
129393
102747
738732
129921
392523
882354
483576
593282
727523
56570
618348
212894
391478
81892
850575
323353
426771
425420
644312
861354
774606
433554
67893
846417
851305
747134
791706
804870
752796
412376
423447
784683
458381
868952
447802
318513
850994
843394
985454
440798
677654
455488
523969
834010
766020
86233
36378
870261
56005
250810
173957
207618
133747
252082
659152
187853
656911
247151
501677
886830
784532
803271
813962
834716
434693
456992
679216
468650
427401
377487
529147
915034
733577
738915
540477
907620
220741
605011
905299
13438
668366
115984
760261
599319
775481
576937
508728
994329
228111
348534
483014
107238
29402
444847
199025
858483
366820
477232
173005
164334
502746
79186
723925
132720
597513
206849
576887
649151
171007
23367
270155
364758
905345
585945
862435
714612
714468
94225
314150
753810
373548
817502
368993
468555
395411
773804
801537
23127
146417
521885
343738
324548
250572
378373
261218
585154
915532
978117
803083
163426
517917
689142
579525
718763
790624
850398
510292
561690
130495
766737
549538
222769
458371
560842
153440
403420
270635
663893
387005
276811
800165
246119
704011
371962
9838
467792
362349
583716
118146
354668
505504
12190
338595
508501
720824
946421
843641
428603
772316
77288
732123
177271
874039
766653
338848
865305
892158
669993
235915
921906
963375
958058
565176
989980
629189
909759
279082
161938
863314
356864
656030
169467
892125
425423
225299
205049
303802
220951
561710
335187
805630
672905
44314
194173
221669
613098
288991
398667
839625
242227
279400
56797
139527
346911
945328
110255
489639
882735
773853
876334
942440
466442
149201
412669
182538
442412
80943
176912
607731
559207
732731
76986
306607
169284
666497
322027
4658
800878
508045
131438
711209
801033
120351
63792
853036
76566
648783
730100
829726
146397
404479
202719
757610
278307
542392
833576
854928
329575
204137
986453
956860
854628
850458
412312
688601
480219
547488
775774
542215
364260
394690
488931
390459
580621
571547
185879
824745
376352
129942
546430
725041
731703
589942
453720
441497
297030
804696
864206
896368
565645
331173
88391
161483
273902
615560
343797
250140
72962
777029
360039
36681
910252
46910
394755
435502
806872
27864
247489
451715
363538
557740
520068
891079
275372
590117
168108
579331
191735
672118
325690
169919
770029
622677
708028
231884
652998
898639
200399
283923
119200
662743
550427
124396
407499
598413
247002
360216
627737
292533
502820
258913
805932
523460
175141
508250
142749
136444
860757
309746
992276
814617
339654
585191
408818
21812
373505
474283
545463
14386
900521
859380
409365
696754
670617
423032
78048
388795
751027
514760
841520
390535
773005
450218
689370
772289
561944
143556
911466
704528
519616
443630
471656
865507
742014
108356
103136
961093
32517
18201
322101
693002
243069
186717
897555
113078
980642
448045
950739
997350
447494
830423
194966
432695
375678
320206
963909
441235
538318
733403
58192
933810
193283
195841
944795
921143
234981
638079
788640
468883
480707
981936
916557
747320
893346
658342
514638
294506
620992
516111
72351
472431
508761
929736
467019
72809
906440
303416
293428
207026
854855
352944
582713
842901
844905
568795
643207
272423
730574
55718
238358
974492
57443
32304
172934
313557
229804
159353
501132
451960
764937
135085
7416
428155
74629
656226
128156
67551
945917
621108
21402
71023
128646
55075
913336
725073
912035
517435
825437
593414
661888
887963
587261
960048
635174
852512
935810
372146
569530
342577
235570
547627
497032
359924
515907
38982
540740
124833
324701
684611
301829
903235
902470
379918
193351
490893
475757
947846
630681
458074
774901
726758
798407
199209
557376
241961
54326
679430
81561
879493
532843
377320
564446
243133
13570
975514
692766
789271
284463
558611
831726
921352
923914
911262
259013
147747
787871
412769
257296
431494
322909
236150
427518
697215
114517
484363
848268
181540
405348
731435
326266
487604
791121
267070
37500
351894
316228
327426
437145
288575
63073
656996
69806
792250
811715
464277
224427
559937
87629
413618
109476
190820
114725
675022
82942
719755
440268
566731
492797
331324
879172
17755
572962
703462
475902
165079
6646
888125
43560
14759
19144
574568
804952
512116
408012
842098
406057
556437
698637
142872
869491
668895
337679
680573
627358
12042
49452
998736
390264
510907
454060
467546
418145
257449
802575
566727
953673
771027
607442
881952
714717
696151
551091
961523
324737
688319
739237
769398
526824
624258
317144
808786
162470
675170
205771
188209
565911
814501
382105
800863
662707
885705
263594
260518
176565
179181
726813
605271
773134
481969
612601
948830
92815
309846
809859
960920
588854
143411
548267
953983
756765
595714
596568
201360
191545
511519
14460
341612
863768
912807
356842
553884
745426
538976
916603
680168
597551
916988
36190
377182
639221
40551
270278
681050
49576
901655
724231
117768
747986
10715
444948
65758
336406
57755
882388
748958
590289
38149
328659
826072
666445
118990
353670
539376
819981
771734
913035
355803
8430
107002
359541
116574
239695
416987
419648
986169
854754
187062
67764
920627
877824
331529
389478
418889
139266
702379
285944
720836
789695
380367
101317
57023
873258
748773
724817
382310
765178
307128
545300
310994
752665
396033
388476
118307
561448
253992
955763
38683
540907
609552
447356
877004
938988
331581
808518
234484
306174
543800
570156
314961
363464
976767
823718
32169
976022
65266
848604
2723
48957
28611
513049
85175
895253
419745
77542
475566
388681
52729
652334
19018
565910
99967
324385
862089
137306
51108
501557
520096
746085
936732
60819
491006
310886
966276
956513
799991
720383
903604
603469
415713
126484
986765
590992
717541
701080
675214
658042
989944
507037
595086
944120
457559
690236
42819
607108
58727
952327
955610
708303
117287
949117
471110
620551
44719
590377
64961
505508
535542
657616
154011
228593
142755
939973
291814
429334
562835
598519
97519
726679
144038
372163
28458
93042
315501
830592
382110
63987
711535
877251
233976
464859
542973
861170
548463
136716
630468
293500
976180
455553
582776
616976
910624
812909
642150
404414
121293
671483
785680
279796
621916
719276
368365
236854
406723
742672
416332
998279
432113
725117
656084
270957
183413
745870
650460
916610
265613
466487
761799
892986
537698
801760
470831
55752
109323
73707
896486
1584
896196
802584
533303
714077
943086
966792
960760
920942
810707
616343
329767
966556
749087
283315
90764
861870
93969
973043
625408
358834
730867
425977
55886
905315
951751
601084
382915
623895
120907
732874
946887
635414
119483
313071
96774
177780
185256
875380
334334
735048
979468
191566
53087
780787
337394
283584
734717
909900
186259
906569
218599
155210
47761
704761
591263
559988
526460
244447
717351
506593
114323
910106
791760
385226
114372
130974
792357
74024
228948
66070
938762
692556
961978
509918
742655
456426
335857
543477
475203
181817
788964
792993
193406
851485
789342
377485
868277
966097
917433
101816
168174
452836
428753
204895
992890
213564
10489
287223
213828
824441
235511
647923
816414
196055
454715
462472
557476
165877
450950
465073
177084
650598
957918
912357
140449
960187
998658
59586
252783
35454
336944
285969
390810
358282
725126
605031
243929
52361
653153
754860
94265
177770
183760
334942
492101
42913
807024
357757
99605
957743
87903
722843
854002
461472
809089
548954
538704
194601
113425
104771
182166
246905
209986
105486
396274
969349
984376
133242
118529
189206
947018
670233
933174
804501
986752
212380
32235
884287
927417
431188
914270
836783
198886
814704
489654
437979
234477
924411
468049
768880
55128
146106
192228
663432
317268
866168
336167
240140
450197
155213
676730
170051
269166
662657
624226
467888
927437
406687
247267
652981
857014
934436
403879
362731
886941
939756
791287
303261
440022
255352
429393
493479
492849
48687
626080
117329
215036
240688
584092
920156
825527
25907
769855
285711
212701
478148
741641
739913
765912
46103
382851
893127
261587
598870
124874
562728
345904
248377
682039
103022
99119
573079
7666
481134
56667
898270
146699
722176
386518
540562
804301
546057
325366
361952
716640
382997
776954
61649
293224
232808
638379
832749
809463
263897
679371
909072
458147
196806
182169
7086
70873
895612
55154
255608
332890
488456
494360
777122
526787
805792
792610
583348
987177
826882
341716
574527
190451
514817
417236
865467
780258
26582
740358
363766
60477
718175
610424
20757
397463
165692
804728
379970
434825
942275
325227
840789
422219
926655
617639
607119
493340
691600
354615
330225
136095
886655
539554
463038
216974
654925
402059
916019
669608
435436
589388
360887
356678
735936
82574
72573
652563
12933
949565
988918
827465
538037
141977
365562
530229
897293
868027
785923
567781
105010
54382
307395
91471
890762
135971
690369
570786
93308
879055
603297
918070
417077
41578
843935
467409
28720
951879
841623
158455
504596
878677
847115
266543
879525
867267
869695
183338
206655
215905
718942
45471
120800
463673
427005
963423
398760
792729
17920
655508
746759
5388
57153
988044
26524
807719
403536
874285
677292
532826
400008
698095
563251
119198
43728
46105
602603
941358
234198
803048
889912
433840
775088
310959
677086
609560
343292
730458
588849
75620
901333
934736
979423
328295
360344
847108
780801
12909
814016
530312
559149
367472
96290
456262
114219
793090
503251
698209
388805
996149
812652
473433
660211
783475
980314
264487
871439
910514
598958
285203
911049
650359
386963
825723
732005
269099
988634
849382
452246
76612
457560
715767
507333
328664
104148
133528
885226
705642
38440
306149
462351
938865
545255
374135
546532
217720
855096
170680
234477
278000
741391
779663
407640
784996
830681
996949
821572
289998
191943
488144
203696
672248
807774
790022
274164
159756
424435
134291
955432
123156
693654
24968
389970
16692
943793
857936
291914
550625
9478
863749
55482
44626
403561
428649
449259
975593
266714
472386
419175
55542
591475
160284
132768
913161
388217
281728
134545
999694
853179
650784
295112
585733
628210
456271
943674
990361
624603
178127
777255
521074
585535
727141
725619
971183
982465
39166
386231
87857
546296
42548
444095
801074
134282
529132
759644
383927
52214
57590
83855
16242
933389
838380
786267
862544
399122
806312
57857
183986
982554
789296
422091
519405
602732
109399
477731
298458
605208
757008
770592
839487
998196
695059
664838
423938
364527
594292
541201
255385
163074
124702
879368
614260
774361
302887
458952
510695
367079
573408
875397
988494
644275
859100
928569
722193
719874
141710
481648
251668
588558
113256
578537
42195
176416
241278
989906
130634
874703
212417
444439
601808
453384
408210
576454
836664
751046
43765
116377
626476
968646
196327
746482
492975
330294
91999
593106
775938
180250
308118
906076
188757
800896
212818
256807
802237
534469
143354
625211
708984
688147
615692
955708
460059
150849
815111
742879
288858
181986
701542
894284
575862
883065
225832
962874
551347
607857
511095
681556
154573
119415
320335
746332
558596
777611
823898
694536
348514
903379
36822
909913
960770
417911
644845
818503
434679
977752
361634
687588
397390
143339
125828
699578
834921
395898
616202
874135
743958
939571
470470
18889
775317
882992
393842
644396
644684
392603
136933
610251
382063
130494
118464
561663
848190
497112
42684
546417
670085
912522
30845
820613
81818
582364
116321
315755
207359
464408
780457
57906
173730
241380
403902
996556
37425
845748
452568
507210
885596
685128
248286
98398
978373
678500
842449
278035
695959
924522
151970
693758
359313
483176
908975
917048
217980
446180
528681
278777
815345
37466
72442
206155
640979
48902
786396
939879
897218
227311
154550
413798
361027
723169
345445
810309
487070
194810
284304
535379
681823
977867
66325
171535
128456
480616
696167
32052
204832
443280
614111
703808
963821
57545
937305
219607
651445
25014
315912
37370
196618
301087
83790
230233
711216
535737
966402
351796
988316
407873
711630
332060
76890
186487
861612
446251
738527
837267
273245
708142
654321
802233
517020
480249
382994
731941
594599
179702
618452
105034
751705
785841
476213
893874
74342
302954
719104
204870
137528
699187
855163
930560
520879
246756
896130
851475
392297
843484
116286
719695
931251
111605
151845
63796
510760
409126
617475
186569
186672
732304
675290
234287
61221
441715
299436
502479
771502
98388
190035
230705
308955
476229
494894
279582
847814
678817
702499
491518
626322
149085
877419
635593
88642
848825
531958
887617
33970
167469
159792
313724
898692
651464
581232
613254
935554
806435
157815
551501
665908
832236
621094
820563
712285
661597
366141
848556
921514
600593
289445
382763
980284
748988
146819
523515
739195
657690
894424
527118
454439
982586
308523
650141
260301
978202
992243
987841
563439
857510
1258
84596
714527
386895
333473
270743
46769
642199
151094
243340
728073
600578
296966
549035
271740
604396
157173
350663
687215
868899
339747
818239
721511
128975
613479
422030
351083
842976
460912
357955
995621
28854
890742
7279
815378
425399
979538
531476
650103
704224
893210
904198
301045
550156
879145
343540
987142
826880
871389
258999
917000
725912
318112
152054
829160
746005
185965
324013
316675
187828
298395
906951
447202
582296
232156
534106
154387
818091
316559
780161
968876
266861
716602
457344
928775
378924
564081
800195
776685
534608
763055
949892
838027
757920
241209
970545
241366
800361
946929
882434
205211
609966
589518
975006
390354
643491
979992
389610
140203
984961
516469
824199
276931
867927
491261
853717
849444
433895
125133
423121
736458
815532
219089
566696
414263
148800
654808
126173
793208
366098
74306
126608
499952
484209
355320
189864
497272
578543
576305
606346
647157
202530
334211
860045
771469
157993
294516
215944
727851
210016
226412
6560
186831
981187
216408
349749
537600
493814
904898
258958
914248
853801
503341
879775
884751
229682
535441
439062
810490
259518
240506
507071
172162
433952
408913
284840
299446
22410
699964
248657
249590
192611
441030
152075
930102
657562
177903
488745
609353
526958
482059
471371
47745
237279
578942
208286
191846
156367
335855
675201
462139
431130
72871
305709
693693
813630
727673
970298
740135
702971
265317
487123
603972
263486
84498
547868
295163
234950
818312
51391
646093
808028
810701
584472
218874
588676
152737
677639
848836
903126
851104
491752
832187
124077
258124
629540
526594
278094
850278
945366
270511
818138
207414
259366
590585
42082
367141
957637
329878
334077
441181
931567
163009
174757
60962
38629
296557
424095
67251
476600
517055
980920
187168
406237
833717
549151
550199
901113
947320
809924
871481
158127
764343
251394
953463
835442
614443
848935
682731
687165
126863
425833
109104
719159
140736
561153
964293
11703
68922
511629
81216
423729
444150
654172
942069
750947
82578
351241
284724
318431
45443
201649
964793
935634
877433
745724
450222
701353
358697
769500
188499
78869
509738
382509
76123
51676
609228
214524
774747
443343
491399
964320
997404
762005
956553
741773
503867
714511
924621
492279
736962
675674
686639
581404
190998
22244
635666
683752
765105
354338
396564
576937
443027
512959
137099
800366
788876
519555
628135
674302
561362
386633
704628
338163
478872
157004
444604
363156
541684
733387
839085
791251
888144
687156
418349
661774
48095
929958
318643
617904
114785
603118
622129
52594
683467
795047
303521
944427
441774
268432
161896
437515
185444
810984
202471
960441
613362
592372
548068
164850
778612
95478
346281
128246
126760
612424
380868
629437
712458
34436
76282
646064
491420
281752
410209
451493
721673
882658
266811
9473
98081
627961
328943
418910
388619
152135
504395
107946
798076
713851
226947
226657
143163
306569
548249
545638
796408
950072
514477
509956
900737
978779
858706
634031
769132
846913
868935
613421
626580
970793
401158
549463
770861
38476
417229
769542
103457
733431
503566
742371
983830
328154
699651
143757
756057
89669
115338
176024
526329
23452
914095
173819
353781
898310
878221
734617
216373
628890
388816
624582
684180
932325
694029
909458
489668
247681
850936
273217
416201
322970
134858
79937
438202
99655
648443
251062
447726
209035
222507
230136
580514
156039
280489
11006
611263
326187
864405
733818
812194
956024
107020
188325
250596
809139
459767
594377
859420
156133
270271
877165
46903
357050
614287
466476
642400
458726
493148
184149
79546
18280
26884
322383
325706
643337
563069
312515
778508
10787
59944
541594
689008
991324
579843
481920
72788
790837
947487
645524
727798
420486
679195
775169
976980
225619
886261
234460
595917
728626
730356
798985
317917
46760
527253
100135
562952
151641
859815
717901
904100
285862
331362
336846
812283
594388
786490
507802
175064
920148
957550
960335
4833
453966
251157
131866
348835
626374
494627
150888
13153
380047
42755
42977
402473
116125
76838
190553
358956
227206
69955
960165
19752
75877
225004
293561
45350
117324
303777
257784
759322
850140
966677
577388
153358
378425
869474
782122
504207
471060
232581
971777
810216
758772
784238
7588
128701
936026
665410
592497
754069
469002
936190
179154
540035
114763
527587
624728
638525
839636
388912
816253
717262
63670
955496
332247
869180
208975
557174
22427
673242
965451
42556
778607
274070
619083
970070
177554
451937
943073
602031
702075
555187
739851
804947
524100
886510
13180
695093
603322
735007
43657
45164
496574
115782
907142
850591
47852
738253
437311
41720
201531
11761
5251
340011
899175
964798
584852
205766
607363
161410
588906
222093
905461
949636
838482
221366
256698
762649
323106
641995
481863
950094
198966
298300
94580
30875
870507
933432
326554
672046
167771
4401
213972
920964
61417
529044
411609
682773
133574
717179
828752
440614
638830
370540
48210
538228
599626
944835
525010
714029
127833
213498
10330
824607
955801
473525
938668
465896
466667
692056
958544
826618
903890
395268
359044
79895
216978
411909
906674
940628
825215
794005
288670
667730
536746
418286
325449
753398
259482
868299
175749
361153
799487
654990
616470
679697
452907
18085
689955
615319
278022
387306
720185
637251
42254
340190
723587
740229
569645
756559
332290
64465
548795
176561
262228
247466
982941
259168
740117
895097
864554
38817
312036
621762
348361
713001
671709
536577
184432
446562
385880
986467
602856
895602
547119
298243
43102
453173
374009
13603
842317
103576
708640
643568
148164
561399
157567
858527
939572
8055
370371
63816
368483
676772
216208
248332
38954
132393
76767
928618
897279
547975
735904
621205
961843
774714
649080
76796
737298
37415
133053
507990
806107
497441
473099
12347
809409
458696
702484
465251
717620
636898
562307
810323
251323
156607
423298
406568
987068
618830
405232
665540
674938
412711
963543
746331
379383
791211
668578
371652
3352
786370
673791
795480
830729
405447
628720
595153
792237
548018
362005
907737
109702
552774
201714
39329
388731
627476
573123
549095
54669
959144
864282
265157
955028
253063
23996
177122
370536
350073
234022
13244
644505
316035
251700
152100
137179
313095
783641
55521
670231
216898
641024
681858
843093
440551
831025
604782
536466
17937
786077
453238
221197
571777
87715
834168
36863
20346
942600
809251
629497
774691
265814
262838
34001
315416
580155
51010
352597
423232
447723
693343
992364
783194
870085
829825
381220
39468
161441
644685
922109
647107
848453
973330
121162
736209
706455
172300
400865
474933
158944
803763
512051
325555
231794
548684
153294
482973
93721
235456
116206
13201
530336
578046
425653
907974
798620
46260
822919
834615
766927
562313
775623
136420
38056
633385
336716
923385
654293
83391
435713
163690
953605
88258
103758
304544
118068
143213
636370
232241
766875
670626
113365
734896
185260
900346
438413
472458
657120
735537
934731
922629
869520
673166
528650
274683
417704
523961
188257
76590
251767
821336
96786
990721
697635
46858
245334
468024
111348
753899
49483
259823
8336
93503
651871
865545
634479
629341
163523
74656
100417
920161
195995
601700
176153
605114
399663
759982
133923
770145
329206
851982
652472
628106
863463
940297
728528
2506
871259
475518
895274
749618
312014
164992
921900
810326
148447
444290
687555
193884
492455
497454
966356
535568
494802
751393
753816
779200
342548
566924
764201
492831
369422
534863
346927
940190
37795
349357
298852
348710
539162
113929
727896
939737
147939
92585
401233
60201
956160
987297
732095
823435
404342
557519
68871
616901
899909
992410
606258
162914
144158
861210
603201
304793
644996
623231
858677
199785
451005
267931
44447
150339
957445
254378
763257
681017
337159
185171
540483
726824
699622
244177
658923
483590
612612
48084
476652
488519
558281
346340
761676
976108
993151
994660
13945
82438
462705
853121
153011
731371
980094
642715
754563
907284
353603
70482
869023
75317
124961
533275
524406
780051
927270
341650
618196
598706
809606
750189
180206
658664
876371
592306
356905
621922
951820
251844
16499
331913
971093
375039
113678
832387
931025
826677
655783
571390
876473
195000
489894
156075
737919
770101
136194
717858
683581
202925
635148
441556
344024
641565
722412
188705
924709
21015
630524
866094
512727
561695
105385
656011
547561
395529
827084
662280
728730
207273
982192
123876
696363
647365
739492
90185
77180
205273
153437
968998
248580
372539
748110
634920
884706
257343
168047
475568
599723
988626
668463
653289
229356
717571
51716
403017
110935
428209
375000
62187
489309
178131
939174
528101
508693
790529
605485
212992
82255
670443
855424
1162
338125
648308
415369
793935
537485
348358
81225
941170
876837
134448
633519
249492
139384
188179
501682
824552
635714
931560
237791
181245
225665
840840
836755
372675
454868
40235
692735
484937
502832
887298
509552
455998
865187
144994
410600
424077
949998
820751
140999
175725
990515
362946
117542
636377
550582
917484
208121
570727
618253
874875
701857
117833
496255
481721
875541
183408
493844
430359
523571
672126
997985
468636
684437
144541
929036
60141
816351
12485
968054
162006
482760
84112
355071
423579
714905
431072
629525
585468
459320
84465
551679
104454
949289
741816
65364
205821
81133
113435
705867
447794
208505
982285
479957
983342
857936
289598
520707
832035
627732
469213
419768
333141
923016
664661
645708
268701
153514
716394
50649
652412
88905
653250
32098
662455
86579
132543
20295
316696
800914
291849
212704
96025
103409
190631
223969
872414
253992
817330
417506
763559
604224
414603
174507
368806
853068
484650
268569
950306
687833
957842
771067
79050
697756
717628
792067
13384
732766
167971
716914
68445
197584
43665
799104
355501
571876
799216
847429
283877
698683
403533
970023
504353
269452
939953
186230
787002
849584
279552
407356
539938
728181
820074
176223
979408
317338
721261
774659
700452
28990
161175
746672
413140
143699
594165
781806
691605
839535
988105
773625
349931
69557
764403
10749
70098
254536
521797
851735
293258
604378
804006
488044
636575
378916
141886
334909
682439
412958
960406
270070
231982
416546
650504
139058
629618
308993
265526
383606
938495
358850
35359
436087
422598
668923
865719
817290
405369
209375
426077
734199
911641
809960
711895
93899
526833
6379
440127
7313
364957
871272
308002
514439
885221
455797
752241
844181
11958
834039
978031
951644
432117
409512
740395
537388
414623
628511
421270
194899
160338
189753
507181
724372
911652
810437
251899
952985
297966
473069
225293
981766
459579
219451
634920
890448
52856
816856
997647
251298
636609
69792
365249
144971
894715
5820
836582
396295
437299
933038
491119
805719
874056
204017
738628
944855
38921
217204
748942
566617
451078
896683
516607
739859
173987
513198
488574
313790
737085
96834
251038
501063
156331
778945
677112
239090
687906
105778
262519
670001
844837
929314
662570
242570
854608
523048
930286
36434
331925
680868
46875
318523
67070
601734
840585
191388
462797
62412
279115
159526
520870
453792
576845
761682
662659
724815
837530
72263
860414
240399
793513
58978
245678
249643
903872
638406
834574
259413
921846
916827
784250
443166
513929
109288
728127
447474
875191
753999
96985
465204
116010
678890
871048
816647
11927
536762
946509
704616
499807
246476
741168
863137
783084
737579
203489
171039
804520
282741
794600
6270
135614
416456
700605
183665
933179
933183
869322
910084
605628
203534
214953
11589
960711
150471
536589
399884
891375
622386
658364
50939
226455
487092
865599
699161
856585
719790
571058
97918
445560
604889
980864
38404
600080
491254
297965
910825
324226
10620
241119
552462
351834
54442
551507
5677
323624
539043
739159
839408
977499
789935
453411
912584
489146
485028
81632
113792
500841
565709
974201
564929
267516
29466
260835
784028
200044
893310
61959
283499
148102
483774
19767
539516
401977
428077
241089
304535
948009
102612
96229
390487
480755
523807
599296
197966
212145
373224
374439
821962
690595
585891
912127
363270
121010
364845
77477
67017
850776
708977
792341
943455
694299
476064
785047
849980
784122
475732
641489
166081
798378
450703
354199
470331
924774
813290
502069
966874
633753
752480
850741
563930
280814
199473
704526
852188
670838
825519
457671
633301
102559
684478
73862
463199
698976
688866
922260
221169
975447
337066
54217
102537
160070
993249
829103
433605
124596
447768
207293
506625
159159
174711
438297
417914
31568
143859
363945
647969
556874
983901
937357
356928
673411
268111
357811
327625
290134
285899
266974
939860
92697
816881
251399
923024
966204
849811
244664
330710
166748
180572
386731
856228
178074
414508
87579
269673
601207
23159
728420
425416
515678
850677
612741
511319
852786
991794
744466
487087
414972
206540
584809
684761
313626
209214
16010
31279
302675
263882
297749
764262
721659
691467
287155
361763
550164
720423
421527
163688
271232
384987
945215
618939
489364
414712
883458
249513
775247
485044
564473
279242
569364
630113
57989
729530
313873
507194
697356
220119
13366
783658
629262
959200
337107
635834
652885
540962
95143
724710
385522
827801
809771
864613
499805
259295
489048
271584
16291
58128
67378
833013
398981
345491
53739
415106
179803
253816
168177
953268
191213
959205
656128
701623
240232
394294
240251
120629
756729
554379
741624
251356
636318
811687
461764
596234
116250
664219
769676
863975
181776
632811
905463
947572
865144
693783
405135
156074
885839
619660
630247
853387
359804
755002
511757
32450
905021
427349
747339
973111
690918
430975
792758
681498
498569
655561
659087
201342
540351
695343
979468
613898
877710
201997
113700
568190
47546
726267
805834
235979
304726
772193
910912
113386
716306
680316
749304
227526
872783
290211
140036
231400
276372
693405
322596
819686
679936
997167
12474
336790
832921
197972
367672
277578
18254
464338
292804
255967
712161
760966
783032
677243
976090
347523
146818
902916
625082
25282
798798
51269
237208
356158
853327
741394
612750
556781
727753
945758
626415
8678
228067
268891
85558
650603
788208
339802
475601
445137
469993
364938
363457
672091
609587
916224
659008
682862
319415
176048
926372
29793
421482
304802
913465
7601
693539
569444
929794
991880
957268
348083
180913
119662
990241
240339
486705
581149
556791
186169
522694
958483
865352
514244
304103
711978
46602
34923
908698
273620
403226
121721
806265
204140
556876
487914
411707
566369
116175
740147
578495
547263
961872
782497
995886
179942
547580
893349
137005
784638
749855
425861
129820
730387
425915
586609
350564
673394
838028
741959
332092
530264
64024
767104
428645
335996
878429
855289
336128
600293
21987
351201
208665
260681
608476
403711
514346
104552
509514
349379
998179
752429
195893
149215
461622
665278
631859
61292
656875
519783
539473
181859
950124
877650
504810
829532
508802
227815
95206
99832
518978
700907
620497
117169
977552
36549
450726
995541
696676
648206
897387
291533
233994
54210
638895
902997
36367
372298
678370
394854
644258
820186
970784
271343
732351
330227
766165
892910
952818
13048
675810
462597
997272
11126
208951
484025
149661
723811
588723
887844
245318
916795
228106
455716
206267
940697
470280
438510
871645
487631
749034
456244
349087
99806
193930
298553
935119
595947
394090
447549
564691
859855
247140
620847
508841
3309
458911
986912
336650
366726
453261
574077
625352
315300
626297
893911
16868
841655
200730
548650
464389
178374
836410
914181
535554
31544
250849
279549
768894
292237
34947
715485
630541
398831
562531
664130
19050
577373
411612
251637
436666
727494
549500
499013
509160
392955
960088
195547
40676
577750
442318
934025
340574
858129
503899
274768
141856
767716
309207
55970
422895
434239
642451
999586
763475
178900
779052
461647
251623
872711
594092
954368
479620
162115
834046
286655
93749
423293
4175
680231
996277
336468
290481
946953
337295
900775
468932
354201
508151
176128
30358
632939
994298
707140
649021
315061
43637
110763
217563
61210
412948
998068
481206
174207
926733
703514
962288
910319
219713
299715
43529
314200
373503
392042
592236
48710
587141
368369
915639
585447
302146
66952
739873
375748
486392
893025
298674
776275
713836
44239
992374
135980
385920
500391
590274
454309
83606
174759
476971
472449
676316
301248
2342
520286
71840
486376
646870
60208
759139
929576
181888
919153
383548
831562
908818
621783
501418
198889
18842
369668
92549
357795
838055
297516
286202
28600
83585
458210
229079
967922
74614
791009
361984
879476
305586
875305
427724
161795
385645
206030
675998
776901
760691
736435
360801
262362
3581
767511
451934
16481
813798
664149
357812
477053
635883
975929
595455
983736
187898
250648
684302
426649
275343
346697
692030
520693
834393
918406
260074
345264
20833
204174
450356
479940
573026
457249
734309
532694
915344
84372
928867
235819
21806
277448
403445
553393
577705
334008
900326
574873
582566
611942
846563
19352
821585
899382
103090
320717
253843
792377
429588
524250
369761
651936
102445
681829
853646
791172
434430
956471
59434
869468
718303
537642
22218
128629
373756
732478
830247
365870
777265
929765
405816
395225
65176
765445
129592
925932
439023
713417
679176
781552
561806
909439
107362
520908
472254
508729
272784
657577
200036
515954
930180
851550
156644
198996
25630
592854
982983
759505
389643
299660
782142
865561
100752
753036
747483
699520
580979
786217
404458
869265
375282
93844
441908
577049
338046
500576
619097
738854
191346
414080
838963
224700
806561
453441
643339
494699
242862
234615
339024
170230
114691
353739
848707
479822
60210
933366
96464
74467
440379
688423
853105
905755
214061
659090
987325
833620
993989
92419
40194
151385
349721
133893
259029
391642
488806
529869
808475
132107
653782
81092
497445
409416
437375
194937
176211
985748
174022
855561
821804
547968
745011
188629
120722
129557
733908
882385
683356
898671
854916
377365
23142
287329
253580
106639
38530
224944
198573
463093
147405
59686
808371
436249
921811
672322
183697
558973
168413
367298
689769
132819
1978
151819
624517
191392
19943
649974
953009
674585
101369
869450
897542
897412
527372
689890
924119
758807
651840
653063
72794
799179
224015
591523
312643
770557
900506
875536
523812
936958
966798
488139
832129
128542
160641
509888
529726
766606
155251
407343
919448
701419
183756
985212
923178
605224
896656
91932
100039
570036
476740
337641
585952
625167
181665
41873
762838
303859
848858
963693
319412
726723
364659
662635
496300
415972
915594
463721
754454
278021
322042
638998
179856
597717
529459
670001
300119
97674
433785
995870
417613
150257
91825
230818
838570
470442
500922
755468
507489
703846
808709
777235
442599
100693
982975
800606
560439
480219
67472
315020
764092
934916
255610
50982
339349
387361
624976
933900
178893
238927
724760
860645
619930
258314
469781
834976
903370
192160
136945
240835
77514
455193
155533
585979
737469
643673
335835
871710
438980
67358
76200
588507
511234
953739
550551
442496
124840
237419
414656
802713
167425
638834
402959
784815
347020
144363
55210
730864
195052
440467
638538
4394
229298
565371
519609
993186
48385
491183
689667
999185
557424
145922
289707
582755
980410
651916
543799
853110
661911
846596
384314
199089
138324
771831
110011
17922
646724
871974
670271
974049
794110
738854
517073
898280
280465
208299
140005
987205
646779
40533
625461
3493
198837
900386
927771
283798
611526
647745
49798
455383
316920
943904
664221
310216
932543
568758
35558
403427
939396
234311
473314
933894
487815
833859
649083
682634
774509
943973
178517
263752
656221
21505
499465
750747
932989
862053
429011
771819
325157
392829
867065
807341
484830
984863
540116
238734
269880
853689
999131
560240
849600
671179
108674
921241
450395
313839
96115
827443
576510
348443
477883
345500
788642
205480
223199
780734
909025
365724
93915
440404
382203
340478
188014
736124
912391
509382
386497
850565
881304
825116
652919
352706
140241
173731
655950
720105
188725
31891
784965
358977
61745
48062
126562
38147
777842
89861
557243
400267
975600
855495
889908
38050
399795
859026
297817
882740
182029
929444
561303
819361
161017
920656
603659
728745
604049
767345
727856
423654
377779
893523
25152
199967
594030
509177
772941
420902
916301
678960
927587
602276
459280
778544
942026
687675
867516
725225
111870
622300
446653
865376
274676
855146
743167
918935
791095
333826
23294
793833
138150
750241
821530
129585
231315
142760
701195
400642
390273
558804
151672
134214
618340
75844
638193
856118
47823
407949
279531
100245
692701
165769
139118
883121
780282
907882
921051
653202
300905
721403
89162
378591
172161
476737
351458
860541
885600
157296
845312
901101
756420
901267
745019
683944
998649
84240
19842
77457
867426
325886
351200
519742
113487
264435
780485
226984
396797
53242
51331
546189
98739
519032
565013
204101
354957
896038
196313
338522
967521
519966
260603
848611
667956
703235
99471
481495
87306
702606
202459
919847
89873
88828
672313
142902
159156
243364
634785
425112
48370
911120
819176
668323
397781
401605
406915
51795
44360
482350
613435
120894
700217
456254
235224
974477
506573
829273
947565
24477
852118
127673
870254
824138
700645
539283
925128
884307
399970
57053
320768
157379
93755
756697
797267
357607
368076
672123
698184
403609
391724
686562
752442
158077
117681
345156
764566
843989
498304
111714
323698
739751
451843
685188
865515
861683
383060
617431
117010
514014
839046
306573
125164
767034
343183
903418
921154
410559
848119
340761
914837
974129
907694
25573
514735
740622
558526
464785
138062
735557
997177
556279
952387
317986
299042
563576
335864
367673
563088
615453
288893
138337
781980
72572
683991
820801
220626
880116
796575
6509
553875
518117
238146
355763
785503
560415
406836
318820
196877
817538
209636
92739
851358
696330
619050
875746
776328
389317
907996
708862
565916
181702
227615
16419
605296
395801
730241
169563
627393
901244
843200
244438
374992
826076
306284
3430
679357
505402
764256
295399
686910
270961
284632
180865
407512
610345
148458
364129
319968
1680
794385
137421
33189
561806
603695
729023
962914
815290
51810
376399
781501
9152
525952
139107
848973
147551
188575
35205
594466
77913
687700
419686
869435
549934
688427
255869
620774
611449
529786
399591
515620
784831
311597
810187
987002
577622
280318
456216
433275
285055
402494
395608
421918
74278
404392
406687
450979
66184
528246
699357
775797
835635
912280
283419
674158
944757
523525
772722
923348
56376
97167
234845
598735
279567
677259
631939
234334
223351
424436
147798
250354
122109
857524
658152
5102
186610
277353
179019
958818
824302
632992
969966
784117
195789
229004
329616
376287
321717
292891
325921
829870
36942
4107
892318
84263
373890
238893
142446
766472
61359
833728
777945
404390
565269
309549
488161
361378
106960
466986
671733
359531
988970
778028
497091
387689
438881
12374
511457
526531
889972
130419
743924
832776
123589
427034
138904
381633
95245
271916
521459
60237
755890
79819
627604
500695
824085
71751
712909
421246
798879
272550
186531
979226
63718
735282
187038
616405
416858
629523
773025
249797
385061
171263
830744
390493
286490
626701
501835
130174
642825
628245
598454
833720
379994
986916
964265
317583
308067
517125
165320
747018
798460
967664
420570
575827
857078
85970
851592
184247
160671
622425
830424
856661
566732
925343
724922
592899
107917
492519
565394
800368
306757
328817
173160
387914
736306
201524
123254
356586
853345
487750
563887
432958
654084
915063
324990
403236
915335
145194
490286
962849
797902
299965
91287
16675
505294
189856
834864
559301
406743
675887
866150
602182
245840
502789
390196
191539
287623
534207
107747
567952
105773
804460
224837
210820
886483
524370
967142
542660
949543
438807
347888
277356
20387
507170
654273
512086
138068
478921
448365
1544
757284
263704
404252
236017
195836
6108
313605
718377
204488
688384
250813
877436
20281
928622
15695
502010
767676
13217
570651
247156
21095
296410
254324
694781
186345
782373
907703
100914
602550
318622
290764
188783
652062
284594
137110
782528
263570
488132
210757
492678
460249
445471
792126
267914
881532
231390
514420
591401
865211
451994
11930
801182
226693
172240
362543
790688
742879
487241
760178
481497
62916
230833
296026
890111
427850
920096
873168
247956
283616
903568
26839
72730
381348
330269
246222
8439
954261
792747
339316
328788
606979
740881
796249
229875
873453
930709
839252
532889
350786
376901
949309
588005
364295
241909
283357
90206
457013
615562
19974
900073
904631
633394
286632
455821
474166
685382
741867
277622
633911
61607
142539
145544
998296
174852
390540
159946
611110
644085
10049
655665
859005
925185
146422
478024
663321
295075
537518
274255
960831
188358
604237
779555
632143
629693
522475
27799
700196
820310
801064
11272
718148
453068
605563
156579
329364
768040
272101
919507
565439
765342
106604
568986
167855
149647
677654
570771
601422
860656
920920
220693
651261
773687
991310
104102
165024
176735
783375
312368
721154
697206
919039
952079
861599
59781
150088
301002
669864
963434
987236
175814
118017
905997
905684
580313
450702
806314
766810
866674
351871
60555
653166
229097
990125
144498
17308
937505
762736
253509
78183
815625
999204
196153
982166
441311
112790
775166
992580
866081
100848
955989
161283
416884
642749
639858
224350
418267
923775
352735
407709
697874
175185
530717
160598
376279
941470
187048
991823
246534
402214
736386
614839
901043
535037
422989
662299
530280
367918
81488
485108
128060
672590
914620
635816
788431
189234
906702
795472
212328
20707
537547
631653
185964
848292
619806
30461
876560
460253
226091
970265
265543
518034
628869
520599
752396
347693
184219
903019
783897
670393
735562
675757
253607
113843
506231
161681
72855
279824
109033
143469
257801
998297
936794
104459
434849
805123
668079
18451
513646
289857
725461
968172
299360
325025
311018
74524
38214
141968
32323
754389
805462
180828
250965
957082
630336
820151
397220
668122
617478
359654
623681
814909
505639
529370
227341
67637
875627
557852
24899
702378
948814
357322
857397
783150
322209
956095
581740
772605
838096
541239
181512
519448
353932
599336
89358
618787
153410
762082
483168
854202
581721
524519
619457
98487
652196
406303
326648
569738
799036
191024
399149
698464
323160
596675
752234
731509
175738
318697
931593
291767
528134
800652
281170
520575
620946
269059
709283
529557
526017
288579
220154
276888
501505
2206
537502
470588
75110
182588
371821
114270
918652
40514
850030
828908
928919
757049
234250
977312
548985
884768
293116
535472
447658
243628
679107
560717
484565
809233
591679
391916
806397
255954
434897
873823
599877
539825
910258
862280
556164
346077
61576
920952
760123
686740
628886
190413
274533
430489
36849
875228
399356
930168
816482
635249
732960
16137
80248
28072
410296
574903
449829
6061
718157
58571
290636
793151
792625
131880
530972
424202
900358
440480
592539
424732
350311
559979
113485
162457
50606
704638
347799
802318
292577
635528
962610
354323
304790
526798
787147
848511
767428
482178
110102
293575
189011
300615
764686
888686
588296
119372
706112
26996
586995
920748
294829
594670
108931
489153
808729
479109
669269
328349
208865
218890
33949
559772
318727
480271
76755
673676
721051
437524
808458
466840
763573
450193
65699
699334
337458
405027
174689
835560
37044
816524
500654
57483
591611
613432
891193
476680
66874
436325
728748
806419
440905
119137
477333
663423
221072
29260
240358
499529
361926
311261
20351
658020
87589
279439
399404
555059
412509
746665
618695
969589
374711
855501
292814
753847
754391
554408
984302
324462
700711
247790
209826
633947
822503
555294
69867
893338
789574
703123
891934
674885
980420
534767
825590
640884
131387
943362
314750
494172
855133
644002
133271
843704
344175
915014
578647
756652
733032
461654
445656
363143
270080
73394
411400
504323
26096
724640
19058
162688
260602
166239
37162
649742
866415
466811
600282
609077
669679
402343
812295
296222
598718
374998
235621
263507
956222
141555
543254
380808
229491
519362
52170
805631
159071
370387
210938
272773
306667
262945
665761
9401
882985
668232
845894
813162
940633
806360
630284
31642
176938
393704
363314
976566
231492
483558
201947
717976
451118
455195
116345
618262
178796
426754
623992
666468
881998
279046
290410
485873
181317
458975
491048
742473
150328
640216
994762
43273
361314
98940
358100
803487
725681
101847
290550
684779
882241
426576
957144
129954
493831
802994
200272
691238
174330
861995
835913
330044
629789
344597
934410
178068
396466
57318
648502
607801
761058
810893
441737
570707
936883
146210
878229
69305
442879
841422
616908
271385
344172
132264
422701
411666
156288
463008
683625
551738
364872
333389
583894
128042
150625
977124
389057
26993
437395
877750
213297
666956
322730
867658
269354
380915
918511
452635
694281
288823
106266
605085
958154
181693
260075
267750
94033
914315
533475
247389
996127
662118
716149
29170
956325
475431
894148
70196
553055
344413
270969
899986
431358
334916
330379
860146
626092
631150
119342
884621
800179
680283
632544
772451
135843
567658
294724
509214
278673
181563
276286
253445
574333
720565
125843
549655
337847
676655
30106
47776
184586
156005
666101
257935
565969
103262
575886
199984
525333
456577
697567
263117
143901
97848
571978
738427
666266
754826
607616
675382
838
965993
629232
68177
538436
782682
71411
231275
883895
211491
142320
590728
877201
996926
702650
186725
60214
929489
408177
885036
131868
84039
572012
577831
915626
582315
23141
866795
750259
470821
663489
693723
987245
131555
95865
648159
669301
889612
861422
333960
285527
124146
25282
96598
941547
591776
233587
164944
484206
586218
549643
243313
17253
264021
900879
753857
67714
83118
223240
683142
544369
241488
824980
691523
376103
222563
736615
749377
129230
945635
981181
786596
786155
8039
469194
592996
606808
249932
820436
731372
299434
356048
557272
243208
155353
294507
600682
842065
52619
360814
436987
232592
475445
742990
437571
945124
957632
977056
434756
65413
727103
484877
583813
80792
164580
729
1580
48467
677910
268585
687763
647257
26202
753448
973529
549746
256612
80421
837000
912113
106041
791562
256157
118815
349125
605050
978349
796986
755773
974798
178822
385905
533040
728867
322486
930147
464660
754368
112692
160441
861608
859780
552312
618885
663321
479229
481390
841700
400412
827551
443258
513527
582506
339360
667123
463625
60560
720170
846163
766277
936345
243617
482276
912732
597928
289963
420979
219098
689735
665873
730102
119773
934511
410324
814680
13995
749106
564493
696620
263320
144866
135873
625919
267030
440890
530083
83026
308693
859029
888848
498943
231331
119131
34440
834148
738000
738367
66665
161795
298298
676252
423472
864826
173961
801003
15153
613954
744526
473543
903789
733752
345763
320687
921955
557658
166584
679323
866336
292101
546123
586147
73937
94702
95766
74714
912282
525667
353146
39294
334584
674105
102123
548658
672850
978758
853614
158920
718010
926848
734119
586747
28399
679319
4233
677061
740152
51208
506997
70654
550828
159148
298106
315613
232462
477988
382971
690670
122571
613843
516993
520439
315423
576300
576744
465511
2822
396742
392642
7203
337037
361903
132794
110786
379958
897815
549636
725882
672239
591479
492882
101298
953003
917945
935593
846690
100182
390859
652234
858533
484033
987156
85464
317354
646790
34625
936673
180060
59261
856039
453840
800231
455360
554917
288905
590916
746423
711854
913251
830137
819715
482894
868027
376967
57862
235234
125989
708810
223347
803943
506508
517300
469408
581051
377325
487531
307278
718012
513913
933807
35547
979615
505256
437059
795477
118343
708173
272729
953111
565587
611416
715343
570325
739319
134342
334916
591345
572367
757876
520048
782632
518453
351731
225683
793153
885611
700036
84553
286305
72887
45376
431446
539061
622386
659373
230389
135522
24950
954669
217854
652062
282158
368850
70665
555780
725384
9612
701212
949402
316000
897417
872362
337776
816439
502901
138405
180104
860275
635584
757104
735163
349745
235473
831640
522234
888823
644935
882215
502596
412188
548331
214069
209449
333321
372902
59901
919080
37317
63273
887812
344225
798054
161657
745243
689515
554527
556744
913370
93009
392537
603761
982774
201816
191665
824954
951468
980575
352181
979955
903790
350826
143197
816407
398703
390001
254694
574207
318406
581560
347482
461502
284305
381554
275697
389138
524568
470156
279287
456150
439761
885265
352012
37306
986789
889582
933699
899868
3088
77345
961689
256559
303350
323793
604375
649663
772568
468813
284008
210737
134326
803571
766949
471900
562282
920138
46224
434498
663269
268015
730194
803282
908336
65150
421103
314487
230867
963009
491441
300735
998016
447572
839259
157355
566700
7391
871792
205474
949140
989781
780972
380396
922673
670653
714768
955052
789369
137131
412641
538725
914801
839976
354598
762011
207900
994206
714823
694933
217215
559591
216023
270589
987075
659940
778833
685481
116012
195579
135965
192335
393804
205191
164584
985707
553021
855617
479178
267488
807915
310076
130544
859812
184045
496576
485776
141577
437116
342570
30614
115907
269438
911846
951316
880204
256317
775011
992579
841263
23984
707781
142042
800970
99225
503862
129006
245159
211225
89365
700921
731946
183458
372455
34533
219754
983103
275651
442448
702200
103024
399727
899278
138597
646062
333036
478569
134220
63281
265760
341972
214195
493005
793253
376026
3692
641850
938513
480140
337121
343130
383823
21096
841859
170634
161459
73617
626862
626573
131396
976138
279172
105720
1526
674779
332351
513465
171055
848078
780045
493294
878547
97288
695121
767330
625309
986532
27243
94724
938900
541141
240813
623274
339587
895868
469234
338517
355364
702377
557691
196659
338024
569404
490766
566603
134125
249323
134570
333122
730174
674110
396500
395073
790580
559573
607652
735445
935572
200908
57097
331343
331056
364288
883427
428797
129620
66620
984170
671906
830050
873371
796783
785796
456412
219368
308146
723210
734870
760686
856768
230622
606081
283609
932013
543851
381291
416503
351240
593949
140281
917499
699030
631534
602576
335195
46646
325663
504248
536576
965349
34344
679651
652356
777810
589563
300293
996016
732008
975505
633699
518725
971870
251885
325904
685831
163596
56403
442679
470689
1589
282373
355701
853911
768732
622360
250956
269234
138941
461520
809395
334353
835718
652388
545036
727770
696994
954110
758601
22419
540718
642616
219162
220057
521155
171824
424176
956936
278865
295016
681113
704161
494694
353727
12526
849144
421460
647632
894293
92254
287304
315526
154737
747889
979088
920935
5230
790103
752375
426005
238699
408010
791411
699273
582793
545620
340555
103058
490651
787719
809148
815328
425458
998854
396424
731568
999881
119807
884517
517283
367489
194160
51058
639755
226626
592004
374459
710726
371262
801259
296537
807147
880996
642422
515551
978442
439499
259304
800549
284168
712009
931776
746930
63415
818413
881148
493440
957439
614308
149081
165000
775552
461906
920283
284530
46908
420056
721219
825895
986662
298471
300079
105647
497057
613963
479614
124433
241163
928831
685922
507092
770976
584467
285057
600251
7770
900815
781014
493610
96254
440429
791898
653010
44058
395986
601383
513842
484264
154727
96450
858925
31848
492512
887014
134708
424001
902363
245240
52374
436410
236624
248695
502343
574865
940394
407975
506064
690721
884178
8100
888453
74279
422603
775150
448150
838728
267130
182419
271039
210114
533141
983995
583214
902248
759237
26941
57622
121719
121066
487897
42224
174173
732684
83139
159978
141766
651063
728822
819991
612046
527346
743657
91808
129477
27779
83806
808100
142292
420879
81525
334374
955565
125641
722428
164383
87118
307687
362099
756989
549131
877576
204770
398149
21192
806487
315468
299554
400300
308448
800737
515897
475768
55395
500397
690145
774643
850750
246593
569301
415176
611145
209505
708093
922593
746737
105971
22241
500475
566235
603359
869003
467344
614753
960994
103541
892544
801036
828530
299886
740284
421998
269015
515083
569298
988711
443400
506407
73775
643680
569216
666392
276830
43049
640239
573666
725756
366401
118230
357635
357260
364588
318967
677154
463127
101729
787293
313766
530376
222829
497899
743244
410701
379287
828788
206135
293140
524852
879419
645316
38727
917609
944471
636581
999657
215747
492953
770431
492092
882062
36826
873583
398036
892760
514914
108768
952428
750968
810628
603771
47335
925995
674569
575414
56781
641381
490910
991394
710306
333022
280500
825673
796099
464790
589871
659267
580963
825679
659192
924542
5040
708648
663291
670355
577991
615639
296269
278722
880849
736782
130593
34363
899248
305360
225544
34372
596124
377365
825433
346949
3351
97493
122751
328478
478639
642421
121810
382284
95028
986486
103961
359256
70005
662900
24194
738962
338436
424304
940227
437409
936398
949316
706591
926962
383799
464361
789872
860324
73439
199712
812117
832054
537933
63045
379080
649781
641533
568213
70007
376830
499292
243984
45333
854056
104262
489551
887889
903295
546145
592990
761624
133408
812012
239850
117875
64020
308691
902183
654107
925508
994002
626344
148436
33789
165255
456951
488979
574495
717652
469701
559082
952166
588392
398141
969097
834338
802166
713309
516918
140636
397588
228051
237214
949167
430655
753065
701988
168223
388360
496165
126677
317099
205554
799227
212530
545146
327549
168717
283778
841348
250011
945469
795386
770343
598279
99911
347801
203442
724650
586162
808324
755019
187693
124011
31766
710525
841673
431910
186314
263878
287520
125558
979838
937666
477960
274621
309358
261301
540325
467268
159090
260356
822162
194282
271770
413325
656682
537275
490537
22650
990857
927830
102933
698838
251573
880003
220347
704831
403169
115925
823486
54589
729765
302679
626459
652884
745134
843577
133585
384867
444973
752082
505967
927142
242338
375243
685772
62185
86835
805154
715755
727197
196027
105118
935884
100392
988549
806263
888805
549916
269723
607517
808779
955234
329053
75089
88310
216137
31176
180832
881157
849580
673032
75687
397533
960927
9739
842431
315875
628
116882
903370
842023
641502
368632
160763
673820
896314
788254
628317
323426
189912
388802
321299
998309
454676
89580
391750
887962
496737
287240
767101
536113
883933
847434
626334
787263
751928
14171
293276
330304
195225
625325
206421
444296
20811
817880
720713
376105
675076
373122
987978
524535
309041
786352
401200
391282
368247
393121
47622
858548
890155
449113
756416
457833
5764
49524
824557
707486
521601
353763
188732
817759
317325
326022
781895
384534
813660
625037
767956
963085
563131
145434
468799
780650
484012
427521
887659
282133
668332
883909
943586
392493
946667
796808
895638
462067
126128
79544
764025
925714
395860
364815
758423
924516
793752
619822
198044
21041
12928
416450
482667
339182
398019
483834
990632
382103
348120
338561
506305
677154
315017
553333
195489
694240
683776
948832
750253
299847
344290
13950
342336
297535
846909
5162
980469
661218
442616
886167
347881
416452
383933
43294
849883
311109
123734
347232
259125
967396
421022
36227
828138
676940
393515
309633
67758
840637
904482
386921
535499
258637
920749
860456
734998
863439
952764
483610
292377
798555
497217
731324
204537
207784
796555
526878
11726
273722
490779
783376
496232
479549
51240
60540
390755
661455
378253
23692
434316
519094
948607
977545
149251
437655
684582
38612
418895
678135
731986
492806
209624
364423
280293
728699
823749
406945
372123
220682
367401
845431
425844
695716
367142
805569
581850
100117
439904
749784
380094
491449
516393
260668
716080
397388
5625
272761
182936
833916
32740
367110
370214
971387
130618
237675
632882
791496
543052
556483
135419
144058
543799
458483
969500
518194
803043
865424
43748
976091
43262
571594
713455
737183
706498
387689
10771
273181
641762
82125
430805
409305
147053
176761
231926
721577
856879
686038
770453
152475
361568
337781
986928
653230
131627
39701
19128
196473
791442
480423
290892
665570
214383
102088
488809
463948
871786
707231
652975
903582
889261
499493
982841
380139
980492
405948
733377
511444
689552
612516
621131
432121
866157
204434
653720
854313
797334
422934
598291
930651
24133
219089
5347
667561
834263
342525
959011
346444
538541
711155
273670
427039
19468
258973
558960
880906
870222
872780
488537
826770
365694
967551
830157
926613
363820
554890
738116
550645
134768
290299
572661
547958
262222
124310
475103
591251
100879
257679
943206
122061
433693
474145
953674
726602
462180
220095
323760
934161
542716
331436
298086
339864
486314
864793
494588
232793
560349
477157
537393
559167
691919
743409
529362
520972
858143
414780
168482
897520
936764
649414
138073
171902
667052
272292
207598
915167
888662
767088
226953
243516
154649
926919
679756
765717
413396
285303
87657
346057
973109
515213
257615
812985
312743
565376
216192
668869
75402
420263
721813
539058
765565
340832
658489
770716
958653
162478
432240
630786
678093
913417
427615
669290
840139
915450
730762
701454
266465
271700
405582
211043
240187
372818
992136
416609
218096
233042
844638
352187
383895
617742
901927
252185
400803
542891
728248
845629
719069
574851
798327
33793
211243
197442
236426
527708
721558
991432
477615
470669
765997
210879
91810
171947
181275
638458
419382
266576
405348
926042
425664
493641
559772
793076
19402
295950
420227
513830
447781
198633
344811
767080
183062
986961
79616
356441
639181
231660
612673
25841
646728
242528
918087
733272
459165
247927
640889
337439
321234
596043
70130
800339
685427
364252
581858
806755
634003
892588
800850
730553
314595
782284
89296
792057
706169
103123
695869
155781
296194
851192
391586
602559
3337
399665
231595
845423
479535
607894
145460
202940
893009
793882
188705
748471
349677
663027
961157
895111
800233
471259
278409
829515
353240
217493
171290
432905
761264
284679
758177
48921
528113
677846
148007
522484
579419
638784
840888
605720
136457
452302
572892
640072
202320
464024
861883
821306
33513
963593
866360
292500
426800
678410
282404
461387
464180
72859
422337
887888
738738
599204
466182
295094
467436
256101
290005
548397
521018
606075
778138
125741
492565
728163
755922
873012
739668
775133
667736
85991
626950
308463
361333
916945
166345
160869
84040
196462
744821
559572
551504
43607
337270
326586
558641
418284
137194
558188
647562
245087
166619
317900
474765
73283
398072
455478
289564
169253
941310
100831
378264
239700
819721
351723
512573
88817
301354
257050
269397
652180
730668
896685
570014
511289
645932
16951
850106
81373
864778
832622
856670
33284
580697
54172
193810
485818
992010
105804
186406
624698
240400
354885
845747
382063
572064
581392
62585
932019
79099
177680
579111
532488
678039
863836
512336
968753
868257
249193
260352
574570
787341
119017
499894
440640
84929
70540
402655
375361
787206
691552
85002
235704
512692
257333
202998
265196
78870
286793
355230
84659
240519
191785
722123
329471
725446
149544
864473
318199
405521
320469
190866
965365
259173
387526
165826
447716
657646
938826
501204
98764
616747
484983
319196
619668
79461
46202
572115
672484
478702
552514
951968
613109
398429
13285
880774
980676
864285
128262
358106
269514
5023
410734
208968
549508
532713
865700
343776
261506
613227
604310
811958
42698
73504
593358
926741
825877
12600
294918
339248
821460
58279
646635
633662
793307
115094
654145
835538
403829
783603
221062
979699
42497
585117
754497
95752
790039
958588
34205
486802
265526
841755
330069
327022
423184
555166
886540
859058
88400
729407
604783
420132
676512
834185
40618
661310
781050
32217
144624
498257
937751
480346
422910
621915
842304
937985
144711
656615
758323
654377
484874
166141
214387
477523
272507
456638
472417
305265
114978
475878
953548
18453
308812
98226
452367
839119
541137
46256
938228
620661
291728
420766
940048
342562
892540
500777
451221
37195
320614
970772
41981
551579
427263
509967
956350
489335
710221
829102
795609
776389
57065
307963
713268
778720
320921
923032
522127
796895
820400
159417
585596
470702
284946
63051
143040
677139
31578
613344
660644
282641
346953
138518
646034
113548
493423
734498
940423
355552
315737
444894
303448
306900
905836
653504
477889
707723
361187
115672
679719
905034
463610
546505
668653
280822
63295
895276
569242
831329
850739
201470
246344
424104
558222
759250
433959
363476
930778
598152
133853
772492
790966
599080
657864
479880
429348
550072
30495
113607
525496
368755
613865
316903
355988
38912
190026
649284
386577
958989
538519
921966
509080
626196
512611
976039
368142
577151
188675
601041
749583
586700
689592
246379
578827
462671
198150
143499
126595
312524
230905
152160
505761
432839
648477
466077
488551
717018
685245
185656
731080
743950
227492
717499
773501
86696
561359
263894
535513
753976
70490
440653
317193
666886
513835
347040
349816
845719
97657
626392
491174
37134
649008
491714
460419
637746
497817
381093
479061
546666
743455
8004
480391
528299
704281
493854
220274
556553
36993
36572
692108
580986
822780
200143
560069
930637
865658
653256
886642
792304
296690
539938
778626
205174
217445
348618
25550
713581
618331
812786
74155
199851
143285
140931
482463
405927
105885
368123
791941
690740
703304
664623
243857
857529
89560
323921
373365
49863
754984
516133
93800
643381
661942
963413
251765
923433
28020
608177
271892
781670
409457
264760
786317
631978
993670
752323
3279
554715
739021
40
380973
155317
158334
539571
380250
68275
371491
402431
94309
995947
902790
361623
122551
588066
344965
330157
717195
66116
789897
624151
659697
780252
318268
361744
137262
397375
921856
961529
26068
177296
90534
184359
94567
391846
943536
245942
151128
749483
463365
782953
654601
757816
892931
447482
446341
400997
815310
205705
511861
142034
806335
751612
894396
914030
816932
850100
797382
929163
286084
385676
406175
253627
808900
642350
861356
719559
613979
335436
869788
298116
783911
63212
694321
368332
759081
934540
637444
41242
6700
922991
341472
226094
56292
162620
16751
964893
990275
13143
129160
690823
873149
507551
494623
746449
101899
626377
30921
670853
598796
646611
806200
15125
75206
776113
557432
799305
512477
701835
601152
652214
249049
416157
919079
358175
688475
628369
551298
399151
615660
696669
339608
640214
433831
826949
267406
34962
694552
849710
632484
941437
139349
604563
737293
997603
301764
168618
145586
660611
160436
702169
958482
891312
660388
365487
121030
808146
104622
926022
912962
55454
656853
510677
260623
415710
29203
958360
958625
705278
746380
665197
560211
18679
399909
741780
881062
836942
206985
579622
395505
506214
693172
862980
772789
899474
494212
494901
711042
578379
219012
845917
164742
631971
653979
930511
977624
725138
49741
8556
150869
808274
518202
683604
532004
234578
1264
457082
490852
271459
536499
158124
600004
772724
59461
222089
637851
255470
636619
772328
788446
659392
402972
657991
659249
324351
574077
594606
118147
122919
737390
367503
928838
4221
799336
481241
428541
108631
833481
994998
352930
15692
306627
614743
313526
885897
499663
232744
435151
777553
190027
235540
118018
913789
634843
88311
16623
795706
717930
106781
56854
342811
659327
422636
114060
526666
669027
286053
315326
249991
89090
532320
164178
446338
683612
6853
654564
678198
352979
970488
84872
309961
754644
45558
361314
831222
657043
451723
496392
39434
46252
836173
258911
812274
62441
770994
738289
268241
621774
284421
50678
597132
473112
498642
50784
256246
332251
975116
134038
629294
125428
261228
868070
11590
958587
74663
167319
184791
966505
917058
683929
119657
83419
401662
636034
231958
232436
619577
122120
639805
677109
411475
608645
845285
6519
382665
996302
689627
301537
752172
571493
792286
649887
70278
6458
590795
441895
36841
494235
660995
720283
870664
469100
581754
430642
100264
915566
487496
879609
304248
734160
845286
651685
648030
652654
763978
836289
132611
318370
849147
157751
106932
575511
976859
776445
9419
845467
885470
657526
638970
53399
185896
405046
928233
535491
951998
239211
742817
645151
530237
216452
595973
763008
492542
179923
464500
447530
700126
805922
131169
978594
540741
758502
853447
900339
139912
930537
886934
72271
429887
528428
416648
977279
987208
851594
655388
816330
27483
438343
61782
731409
813694
8931
525762
854347
490257
258383
155471
274449
177181
74605
534924
856173
835556
251779
39306
598370
80673
767857
686580
63583
245804
370304
519534
437965
949885
9322
430246
120890
439639
67239
308442
555341
807000
397693
899138
692558
654662
580672
240733
177567
2744
304577
436349
827548
357990
59305
659276
639654
911696
674939
776801
11289
177136
79585
787793
711601
115660
589196
977235
257770
545530
434671
175787
157194
765536
944055
186692
990490
165131
983057
713714
522870
342897
514813
372357
226354
891502
138486
880380
641585
76625
939827
854542
138623
264057
418795
403281
683593
827967
862266
349657
749766
945724
887117
953200
774338
168492
78733
685320
519013
754947
834415
695552
915429
253724
318126
4103
849945
357957
251927
869527
23439
741732
425684
757744
342840
999127
660317
353796
653141
249035
80701
359615
63582
855581
956587
642448
839344
900299
728312
132674
419030
990845
935892
381480
879745
555156
74936
928430
441953
859578
200199
593020
841547
576716
31509
799128
126683
456396
86699
771601
162979
625049
79470
299042
267867
424183
331956
269854
299338
627917
341714
971837
954637
79696
445216
982297
286452
922016
163640
92797
403693
443105
713644
375340
788886
813482
464893
814989
999358
962970
106862
359659
389487
902973
840649
389138
545366
943123
139308
609393
321839
179374
78201
761389
371133
548469
354525
27643
92706
742981
84234
778965
459135
788122
320301
419748
557136
900455
22128
446219
830026
750531
670258
706160
303994
533239
431290
162481
489073
731437
980766
35507
160606
533249
86500
934296
759142
466210
610094
447547
477812
358806
970335
788828
726193
50402
550921
846439
368131
99759
395046
307712
407390
883420
831918
505684
923322
480758
160717
755561
719087
282765
888580
105039
278144
470156
111663
892798
965683
696803
839979
345367
168120
935921
11865
626175
90805
88348
255125
360114
71378
761876
812436
880948
827918
42685
684900
781588
100514
275469
961886
550602
620859
656447
376453
176857
853347
200434
982084
482057
841859
979748
201523
6126
782126
244886
181894
501272
940953
914340
106155
873276
12326
770265
854152
634229
1106
654642
467136
114859
361378
294376
240650
354486
850511
322783
71947
513649
720304
15669
254411
320867
831378
175109
633923
393912
911053
364446
557400
207959
293856
815877
904852
586738
675357
241345
43098
968948
693503
873791
947235
371678
124614
119053
957498
945243
820510
236778
830770
944716
299816
952462
294479
586400
4149
692410
535288
924411
515330
875154
453984
409174
411188
680075
480739
212027
768308
58460
281317
51991
339566
290602
103924
188779
784515
730490
439263
650268
338788
980518
265126
11402
591252
614976
310205
556756
109315
826935
274583
836771
599037
957016
974362
338752
658648
673605
92743
346290
600950
431603
959009
971969
341389
889577
47794
786012
568350
309538
849669
113279
135688
105412
629619
758390
54541
805489
884531
560031
431866
135162
151293
101387
23076
189166
815295
440040
952274
921450
359106
38304
110844
200325
711104
591380
104386
796452
339181
121030
782895
904164
866255
695913
45816
820890
996638
756568
128749
468328
97633
187387
214644
144267
273086
996192
233823
400964
686101
215542
204450
849589
78686
605062
674344
803508
809523
847422
899790
30430
140566
414062
149396
568410
746229
671870
62309
755795
418885
70208
174690
65483
727644
674694
710455
276605
764842
90398
606558
516361
960735
846658
900084
329601
333639
545321
522512
706023
708303
305830
815225
356351
931893
358899
993631
696443
394825
223154
482063
287814
54828
224482
97056
553406
806752
373677
5798
873888
514603
231236
894249
126701
169857
929305
319670
163227
932767
863879
670429
911949
894687
741131
669505
811776
953819
551586
486468
793901
722145
940086
473213
429314
302916
706969
48159
559330
494634
236990
366848
371394
654109
713897
90525
560338
944887
16350
990197
51077
121846
508581
825554
13605
36050
394913
724608
935743
164689
827300
900662
219972
611886
128841
130413
849461
832318
956754
653386
236362
586087
232034
720565
101255
146952
994229
860719
719524
705263
27279
262635
985392
448201
409284
167226
884632
315059
842933
963499
504363
4227
32621
158496
891783
908853
860238
13297
275160
633068
75932
463156
80959
166651
752215
847147
766475
389743
560405
111541
467235
248647
562922
897543
730850
422730
419892
320043
685911
755015
893850
165303
934998
916649
61604
975264
631714
184282
683860
119173
949148
556845
351442
563215
818373
411009
88021
430941
609564
971933
869987
689124
979925
42163
312674
493664
583637
42719
568696
467983
902180
288139
22312
816502
197360
944826
115407
75187
731694
584695
160057
577927
768094
696178
338063
768562
500392
275814
198877
856828
118050
762242
761173
369704
5981
443797
711781
171845
295578
213264
124172
428125
731337
692961
220946
238608
176537
612865
848309
767531
176211
282889
961744
482185
143691
526559
126514
310491
622214
713209
69895
799150
112828
364269
129878
592813
494185
791676
787512
852789
299145
36627
604031
189464
376698
894535
34642
948851
259413
190063
191633
730312
545715
747212
600674
641000
161167
48011
916964
489122
37650
62785
390577
371710
769732
105787
135950
748402
696492
452762
65524
125676
583907
838764
522665
35092
111215
130928
559272
328365
846719
515655
325272
895218
927177
61517
364388
294740
354801
770584
234386
321531
719546
142233
622087
33453
709066
884291
18229
479502
648234
393998
268989
366104
77033
590533
734356
538366
355681
305053
504175
944085
827353
802881
314907
956798
711548
846380
605107
420333
102970
935805
561275
115105
483822
873232
170046
468594
418587
675907
50240
211073
67394
712783
686809
397446
561643
240169
518446
95996
341593
452083
845054
594369
551353
484764
549085
147095
999453
496876
138512
7975
696897
365634
634500
376090
354233
569776
900555
106995
218414
296915
580178
287464
507066
908453
573231
636716
376965
320250
209975
835311
124677
963072
58473
607762
729800
660463
775455
337313
658923
954776
923337
621509
961580
694056
456701
792003
748754
684099
279361
411222
619231
181056
182013
755892
750923
952840
21682
37756
718478
12177
233051
739542
677411
318198
770427
630541
296027
406988
807161
965844
177437
407934
509514
737216
202814
631493
123935
383223
116349
982222
960586
768807
449027
728102
312234
45937
471042
85681
988628
44637
142625
393077
962600
147338
383883
751807
554735
918762
940661
512081
255790
865579
601368
935999
182363
93934
628331
687841
326288
287109
554188
42263
550520
744377
131389
995546
703121
781077
361822
901808
462447
434579
24233
602545
616424
633148
23423
756212
337925
640519
975026
679333
819123
704900
375100
343700
269736
352872
846564
263053
230776
954416
691313
671298
962373
825614
494977
461692
830850
807100
639818
316630
178176
181009
23124
461252
300089
694017
687220
242674
94626
636425
572177
115730
44969
307849
248508
906445
454752
833779
860966
336142
460906
478268
703627
912798
201831
446501
678297
209943
56476
669001
938541
635565
433346
68608
760509
218556
778685
807691
397863
203752
76771
875858
994122
4858
627382
796284
562880
939805
832099
5769
354839
796725
367492
625910
218422
869840
214040
327662
223407
694948
656789
442919
85012
435941
367801
870801
286903
413445
808756
125823
258430
17711
381673
909144
493693
701737
918303
877015
422183
428272
811445
90545
738131
582792
522801
108963
195048
180900
791357
90781
311846
385033
556067
204367
789808
876360
919839
135449
497833
427675
941492
96280
987179
918218
510131
231046
365763
509580
582008
617232
201167
366325
949526
246402
463074
322778
477226
135760
896342
369522
683662
648600
762941
443455
585189
16909
204433
492528
404951
274280
158561
540238
480521
443407
149015
953545
374571
547079
183168
678981
898137
62990
892880
905799
991222
523554
495620
503295
678410
342449
668452
533600
360060
456148
645992
118031
239044
874591
589390
242773
204145
970837
618546
294984
218215
344712
426004
120934
333927
661631
294760
477700
453430
458139
774379
54851
779343
308009
792211
940693
931308
2981
61003
784919
412044
631050
126956
690952
553136
993016
182712
194691
566908
560812
726084
955271
358163
99089
194380
432260
355754
627507
488276
742749
223568
729399
92049
121157
261843
732212
484688
667591
831452
361924
526284
698711
626854
723720
520586
323518
309078
304639
792785
534499
539047
840332
470035
506349
934688
184466
228382
107782
680729
609204
272734
435036
8195
533157
118055
790845
829449
339951
141193
626979
664244
171931
47583
97684
131532
349037
111479
356608
354135
812589
747498
921560
370755
375657
86934
391712
349778
476014
424374
783451
147102
991780
252159
403969
577114
375574
709040
146322
677482
849152
638387
25248
517154
2255
233308
482606
90208
561261
57377
856025
433402
305106
388376
273720
587042
185438
354231
679087
887490
491370
337323
414232
372062
275331
550398
337812
807331
379045
266448
53527
244107
889173
867708
506039
301813
881951
737590
609786
457690
40703
360933
244476
121645
801749
779362
567747
792540
280880
84036
920706
671531
577712
125453
720786
310010
332509
810502
419137
846092
626234
188737
868473
298313
853110
984725
190399
545307
412051
454017
301267
66894
53279
680992
649780
420187
695207
194844
580174
64937
921554
860314
365175
696824
460106
469863
515789
518504
817093
875884
636059
935348
932569
374497
904718
578127
894993
600250
574540
276226
393361
165982
982414
564301
530585
973994
583681
453515
817499
683591
956152
387928
95062
485045
178383
993472
373821
765332
28834
40893
12621
289352
92250
31923
825585
440517
799853
130304
470593
524943
239860
588662
623005
668829
853046
616402
363924
968843
961593
769398
785772
643220
181696
110509
853502
650994
729598
157729
867948
946861
769915
530772
382427
838509
384511
472868
328712
907452
582114
356069
696535
279552
681457
753054
690458
653144
674009
761412
415699
121433
476628
491906
778893
484777
386984
785431
226512
909054
414098
432396
734663
197859
521498
837167
501509
407667
941057
868325
346984
747876
871984
977667
869063
716249
537442
236865
5597
780689
490497
480646
254778
736184
662049
200876
382759
248621
363412
903269
495618
479756
500450
368030
45409
249080
327515
771625
73002
48454
67732
319048
124612
897356
281957
838625
171908
785183
53690
941848
632433
626105
44673
104265
607624
642240
209110
545343
26691
611723
515981
957907
108373
146080
185433
33785
418700
102126
479713
901653
566024
618159
129398
250683
604492
544031
656248
466642
124776
987014
416778
503642
57589
443080
528397
110132
380908
823770
198214
860604
675721
955723
327496
188255
741689
636921
622900
381940
731214
566142
10732
703706
827155
50645
664468
230025
986533
670885
830743
940914
20973
684317
889588
795831
183947
691548
846933
755020
836982
728326
7703
123650
610577
724080
337127
110338
761465
762446
444390
922352
402711
482987
657960
247413
462430
920543
546872
763470
249254
933215
684882
830178
307198
491013
201334
524579
444407
594767
12890
939245
158792
755177
29615
141780
921149
912277
218605
570275
407198
954436
159328
792448
873136
827044
8080
829416
269512
792983
678464
747189
793373
323184
220110
292024
446469
880892
197505
558483
362566
875377
578434
326295
254531
315947
8407
406700
606603
485888
706758
121227
579028
482181
710277
280649
900431
266025
43551
6803
526823
804152
145364
480453
766685
297512
147787
309131
673194
950393
999774
568616
807287
917380
257684
561650
238870
54632
768878
97192
386177
50936
789642
895083
499487
229312
801155
926546
144384
674541
381593
705377
642865
387968
819977
187585
695984
5816
226644
978089
805185
309901
367730
824184
732333
124708
649301
196000
868079
719212
447688
838728
872782
986171
388366
96343
913198
761902
998372
723825
907076
980581
12948
974029
22275
218655
730855
106255
34918
880754
112023
83097
740468
97377
794049
930638
514677
304211
786625
437058
603801
396174
399821
451091
592901
621722
826229
655475
799809
74498
606396
957510
600275
991984
868194
156532
396179
190397
700923
841553
408930
204340
720086
314165
242514
732282
207441
381287
926286
683618
579541
75586
596679
452
762924
751814
613035
69898
663210
592845
751568
879841
740479
152048
186997
769714
681144
203489
406327
111529
212099
306884
390880
187503
444095
938392
944963
145664
379112
292017
122333
414202
862559
351926
103675
528075
237078
976938
920051
347682
59409
527750
881585
371342
258554
44586
273015
368426
793066
948971
871464
669079
982816
752515
864516
759581
114856
445630
343699
723857
774292
93648
410732
428220
989492
567263
876656
786793
992196
75250
241624
133453
598381
661035
653423
344599
883254
875748
847850
819343
50029
904013
581895
629010
838268
17927
998985
124766
403439
871420
653659
746707
333605
508129
389395
681010
686605
243939
239214
179846
175905
995495
419258
529517
870701
933391
758680
658878
658188
292991
394089
577019
13685
751915
502357
475059
558984
751751
252671
660422
692573
713541
601947
899320
767895
879623
637051
607247
957861
144549
496078
466296
72009
129143
591530
243445
528358
573949
631187
422652
24679
476116
267326
400135
395397
931535
549658
504702
651935
599254
928334
499600
216877
251804
844582
622949
166521
865033
216529
638223
107668
122946
485376
537245
492558
902529
921403
688894
218097
383187
485579
720064
215928
57300
950729
385674
328718
97978
629216
140765
651790
591036
352669
939033
79923
357018
835900
824639
103172
668116
544691
933941
896532
523930
195576
840469
972857
412574
580117
68541
729070
748519
814707
154434
770985
829139
786217
945741
187493
926466
486931
619455
803422
589467
136600
471240
309242
628139
664010
397422
975599
266096
812851
837692
247470
886836
427144
899947
309585
324847
837617
20912
495480
441500
850870
661988
7399
243305
680817
668111
728096
451501
101039
48124
299819
554127
581876
875754
173667
677470
916555
485128
293900
819658
964393
195098
597136
11647
550483
212363
306610
440237
568152
74434
792748
26928
75253
109031
472992
587502
316983
901035
394987
137073
460586
545571
305598
410086
625826
8544
117591
232474
780765
872800
447019
480517
40241
239546
270328
389734
310557
305437
210768
21561
672777
730535
677062
589549
853948
561580
86080
519539
82264
858128
982784
541487
555949
388417
457366
567156
223032
781183
763679
71207
882690
990106
767842
464799
147893
480014
126187
103160
383979
55688
728138
183182
743258
695651
627713
688697
770752
453784
198745
356917
749972
991806
821731
888106
830327
142853
379622
61712
161206
56104
613568
471908
507092
840026
699010
394673
121153
399635
946671
890968
273186
859408
280403
942775
427114
109452
560809
121128
706870
579955
46520
618393
920716
93807
737284
754184
707869
978070
165224
695849
608239
867494
281174
541036
871605
898431
648887
170828
801246
74090
552142
837488
514538
289756
969873
207186
153668
950107
464154
371281
334761
230413
84482
919104
604445
176980
675451
571683
86183
519169
635588
114219
310536
744108
15497
388054
597951
223187
245086
898652
831371
8618
573303
377609
652527
921290
179514
371230
361451
524348
803068
642350
350536
866875
134690
355666
360807
251797
447598
969467
637152
902821
107213
207725
486780
967589
212161
279952
249985
543552
416599
699116
583817
339257
145837
529726
852744
57296
813377
676700
708393
309623
154960
856448
675839
836213
531615
110889
131860
268311
463600
337544
420509
523397
743783
165086
129188
900675
406548
867804
278068
142253
335665
350618
521480
755565
193867
932012
741231
678399
180782
418858
965517
626059
866176
160961
667096
205144
598528
137816
288527
637422
517497
508867
108104
519947
39878
632465
529504
537810
615293
584922
863672
204507
768158
493975
321084
10235
60773
298676
784259
591028
865771
415623
265613
876286
263780
170786
810059
247558
76520
752641
245719
478459
342576
252531
888362
116437
778913
250833
71762
874349
183956
195543
623633
643611
534500
60447
631038
471924
128116
959627
539125
900117
432524
205297
34799
458801
820205
454590
323437
105797
841265
160687
928188
790973
414980
659410
768032
560770
327969
486266
498101
599141
124011
155169
145925
397291
114092
825798
996954
374223
422284
434710
43708
925293
149043
711542
969141
794493
999106
329043
839805
357160
460794
294184
588807
417885
628741
990587
751412
177642
318645
107551
985928
936843
919185
625635
685906
226067
636756
730246
15025
231517
669336
299344
67414
188764
296652
508136
882633
950876
287085
34789
123670
387514
383919
644855
674130
854343
251870
292810
272218
718747
307785
337623
241386
57220
149228
489723
108964
687931
165621
212239
699726
984543
671414
616153
881808
495704
378382
230049
459370
360231
942267
718260
327037
25176
263264
898090
305505
179559
638243
78170
610461
86775
994281
100459
592096
568273
832736
339525
447349
322402
211642
904072
510174
811849
787699
908757
689958
860874
687083
66381
866142
940159
683634
440584
824195
104189
982681
990117
495034
336536
423220
325401
897438
776746
593061
514747
1326
575662
546900
282160
135845
241275
156668
296814
412092
676118
508878
164308
267219
681005
378157
84304
557508
748524
707971
973861
406947
125566
852141
964969
867423
239580
599926
444160
251789
374081
359024
468061
523772
140652
632226
840416
55185
504116
491031
235631
210211
298849
376897
712459
199053
761405
742823
766248
415060
193331
926593
255919
617762
645014
578754
253330
570368
691574
838510
701994
189238
816134
706378
586298
457128
328461
262757
161768
136534
800803
701239
102317
286632
887419
586262
87449
658099
141207
653610
178427
668990
396994
308678
366
302345
43412
328172
105277
269438
268738
314091
87135
518751
404848
436509
794872
469055
373886
451099
218910
480896
516684
849090
747279
41385
185114
475614
298513
825852
698284
541058
437452
93768
588395
237246
669303
570848
615248
760679
296390
933898
98179
100559
365902
667119
410921
494048
576418
757550
74167
481569
862588
857324
536480
645135
978981
437462
764092
186130
759695
25891
961626
252909
822863
175899
43390
256792
782359
946521
366772
932302
885432
995495
932207
52710
246192
92059
107541
381863
768538
951528
174506
910000
725355
522707
98435
651596
226849
955223
693623
246517
411697
349352
827105
32667
867600
940537
610540
978796
631173
403553
880378
837009
953715
425755
606250
85942
315955
701436
381133
202302
46023
845421
451990
424401
966249
24677
651207
315494
586101
504157
735751
822019
757863
907336
408590
406022
367059
374435
477775
586464
927274
327443
33453
984186
66888
88479
958515
787445
373399
714642
352671
343980
679806
807536
262295
869578
254005
171993
874459
258786
384598
11180
126183
927939
858960
275692
39626
542615
688512
681555
942511
542893
374135
13328
241462
11586
507232
497684
464952
145459
579838
19140
272309
279066
347540
764169
560852
468291
111938
31889
151467
74143
232266
248916
252672
474230
760898
615539
116744
288588
539031
896491
821411
768089
34430
122163
956191
456547
439052
637822
227283
108734
818703
843119
543426
655226
16155
257032
567564
829358
309693
504053
701092
955768
337680
68704
155628
144322
56907
180759
215336
145589
895196
576767
908295
687851
404945
812190
36029
992623
99516
791794
591851
12567
883806
461548
145664
250568
280683
944721
138890
70504
554579
854894
914425
237526
915026
579038
616021
160883
631652
160125
105175
112256
712413
965602
146543
323852
792734
136376
549475
200791
976234
155429
649999
249604
829535
69631
554068
454366
96919
781441
561539
419630
122891
918466
900302
453188
470829
552714
146332
504840
610513
722283
82079
102461
934598
601994
852524
727390
500607
467596
526643
1202
280580
195833
127395
762994
537494
711515
150623
730888
921810
40424
239861
622977
647819
78046
154195
540630
687701
331430
59919
183714
587125
708748
958490
192332
404183
421652
240427
766887
769465
331777
621208
94301
309427
560635
486560
429301
187246
814836
7105
648675
615503
365412
197247
505268
622997
745908
775938
221767
974352
220383
963311
258135
280940
663694
49388
182282
332260
903486
787664
945519
213260
803052
614977
509399
196535
893568
606751
92129
334693
633127
109694
714594
733138
231756
472066
813846
377712
909531
705010
978766
603251
660711
189320
280872
15598
44279
543704
408500
865339
918428
877846
467114
303884
97313
249840
613010
921155
768056
518558
907882
850682
25746
820999
553183
843689
565086
999805
748023
821634
358001
614998
232922
59841
763881
354868
594054
691066
974119
453562
839574
438081
418533
758160
137148
816109
624054
673160
977762
726386
838435
871844
604821
101237
582142
916920
450413
7679
80734
553079
182971
714705
510255
375643
443714
761916
124341
712584
108250
847019
177246
894706
114489
528143
212658
318777
730489
95664
301742
905757
639358
31451
114784
885763
501710
285628
337872
362403
502460
846610
656149
323888
55122
773629
135285
960335
803163
683124
994428
127860
798723
284167
852452
997245
201537
106769
301275
533249
186243
459351
401151
457875
602804
661298
640748
97036
233989
741433
69729
667253
133884
852820
400656
503588
753643
365396
18829
390571
991019
391077
298619
908475
935673
7655
634651
997508
309110
473871
521248
118922
23366
494614
335173
5090
86254
265064
911724
242496
352989
486419
576844
98634
188068
109559
160813
335416
627170
597906
446674
226365
101538
792002
174039
540700
759934
68283
291086
817549
627591
536980
277791
541428
374535
768432
78185
636517
673394
45109
246266
792105
489446
761249
959570
911990
808742
562777
942712
498365
470232
299904
327292
799150
440752
476964
213591
797382
700245
414818
362771
602404
353623
319881
755207
171378
569419
618475
123887
957460
286026
511759
265070
994202
387972
759523
249615
139375
61162
902127
792299
821525
673631
760434
784666
73760
877243
864522
589276
384727
409915
959143
710847
766925
572977
754701
564154
56148
170316
934372
90233
861923
136129
262850
312739
169676
994316
168010
492647
827775
151392
886896
283813
265051
728629
456586
234190
719998
134039
778078
572821
786964
36737
821630
449047
816319
353807
961976
466778
179798
829916
529231
178651
373833
317463
547577
665385
314781
146894
856512
805393
526554
188073
287707
159348
847182
133895
774106
605608
454038
344333
142210
638205
469278
880599
194852
119846
200814
322139
562979
241015
704213
341530
926706
791441
718891
534611
643478
645496
377858
220482
296184
533412
271956
815394
432253
793575
261383
461710
905018
81186
317841
948289
45314
622651
594290
112144
580671
531221
239456
923176
934617
161832
77645
587694
962268
245675
38921
352111
175105
510432
56209
773807
822073
809599
363989
179349
665071
906768
865864
10693
518090
127425
895662
755246
38805
451057
143099
440654
867534
607666
917889
190302
750978
144085
867409
578455
258734
733944
727772
553763
758400
396792
976457
247229
104370
751199
942219
991594
142482
888785
61214
669166
840023
251250
117566
545986
872412
349512
879015
207981
653422
975412
92100
96201
834865
494391
509666
301312
729911
276065
972680
320489
625045
511950
955881
272901
623616
193335
359042
581210
142965
199239
799463
129505
327118
495915
713443
48344
920356
138049
485822
401714
847988
730158
789281
465616
57952
976429
883980
428058
785914
580565
229060
198185
416872
928819
249530
389057
119451
329194
170819
883290
278408
961772
410475
759252
52994
466214
696686
904092
144810
315232
699348
292559
860075
177880
109703
535084
963845
354859
419670
691745
793487
126661
972807
4778
713674
124329
519311
189408
212246
411547
888701
992956
449131
158080
357480
777424
274917
202928
480236
63093
170377
254155
545689
746096
113328
767096
693496
950489
654921
490732
907874
607478
473359
925220
939611
74000
333726
924274
273423
957190
189933
671479
148319
740529
64643
249448
562887
961530
459921
19552
440750
666667
962953
177994
833217
710607
92985
368818
332966
672176
274576
479196
733355
601348
684263
199179
319519
580863
571876
86791
485766
97128
929130
842466
119473
699953
22602
297789
172679
254762
783173
149194
826357
99543
829522
868713
555660
324512
933156
226290
387616
125018
732191
674738
412403
620603
279602
350982
805573
235448
288434
169129
773126
980700
479522
94837
922526
607048
33317
819227
821961
443291
503390
111935
843732
281055
934933
870715
659124
913094
308338
109709
578550
466702
696190
520515
849164
890937
626613
137160
984227
99948
72358
695193
895767
876669
911544
165223
519291
671833
820112
385714
567094
798730
599817
974588
357011
86070
539713
234009
27600
502996
502820
448793
89185
342839
774148
148130
51632
95882
603373
361291
328940
195314
773235
297378
871615
815267
486660
900627
719811
797168
100661
908917
275147
338057
105292
644763
668395
188364
245131
610185
259514
924003
434967
343327
202125
548628
589041
830014
1149
835967
204812
696047
461299
503448
427220
510141
436476
371765
869258
578085
995694
797416
243022
836232
379926
173225
717537
831774
94847
74402
766188
661009
897591
536732
118458
247464
502645
791865
591816
925916
950385
97716
757359
846612
672339
725769
6353
271410
184858
526940
684202
881420
889169
141855
624929
590217
371658
330202
409149
505359
676482
847220
841517
550593
547419
550035
122286
577408
709284
566957
909272
892321
528687
344578
985169
823204
410145
16761
207187
879471
525646
745444
622209
611327
375839
74956
507832
227918
50961
475733
329277
783764
449554
540959
820732
809157
219421
331673
188080
674580
367262
228730
311394
979163
918818
384221
747924
329983
790573
423881
360369
605944
500174
531738
63109
957810
282618
547906
942228
702122
763161
621910
618855
113481
175521
418000
742566
150870
924590
375859
884870
848792
147298
88292
867678
746504
260269
533263
155684
81614
702958
30397
957969
849983
263007
903508
840722
960634
591717
456698
773209
831232
296674
525147
340068
674361
581079
440039
389743
677041
434476
874045
885167
658781
381475
598227
227213
530857
181583
324532
667509
410365
227988
556481
940627
924713
787684
305300
927651
138113
927878
446590
277200
827540
490596
364170
872319
683226
780942
193817
156098
779860
331318
107370
2086
76616
735335
695756
434721
629825
463471
945884
319141
577018
525398
217984
466721
359413
819357
829599
57246
476091
319539
717983
36604
571357
532614
948966
154139
766749
600763
247922
647241
679812
779969
21136
517527
240023
381320
669694
898357
172438
726536
383468
593071
440761
43370
572458
480789
456910
296326
236631
875520
62024
110026
419768
398962
435909
693687
314645
284038
242334
852540
335673
438549
417416
330668
68156
615727
425954
433645
459472
871152
484619
835293
375509
893117
589367
581212
617771
367464
9746
569602
439950
443200
879223
213400
875394
433935
454408
887691
612333
868367
973101
725047
543978
492923
336912
300370
691806
365871
816900
762711
743778
74931
683881
395866
484015
242976
430959
357848
518948
897378
739443
551965
173238
335989
38655
713506
74261
141921
419540
70699
545715
862234
859450
163377
107766
536653
732129
119404
756932
793260
492998
503271
533402
465236
28123
688957
486206
854222
218084
13499
131513
726328
159759
520792
303049
475351
155282
859312
150941
285512
371219
780782
886446
134522
149645
224933
172007
942987
522682
106086
524231
174364
774836
933811
373123
401346
192646
487055
967857
155681
888577
644355
321008
51003
626920
789617
607763
978638
215511
999459
729697
413051
449986
978246
633532
467478
339939
263526
723873
556826
787799
140867
558102
40216
880844
141253
77260
534707
48929
478253
457926
401069
349379
651573
776009
25136
757485
457552
530215
587260
350227
710867
464032
732003
36676
346366
90821
664586
473237
469346
287500
425055
295737
383655
914997
260273
573365
175541
254322
7176
56052
344235
585950
572761
90389
571980
599292
430768
875909
114226
331264
587013
584845
161564
450611
16169
67345
172381
665611
750651
514271
879345
638829
143459
460866
386863
590898
820301
162443
964885
1516
404259
227960
101409
333356
913239
940861
826959
737833
783599
317390
161349
50414
132785
623424
90209
578891
108383
4641
397142
513973
744860
646907
41056
718577
730159
330941
739709
501308
122481
537993
642197
353390
232615
94773
168632
570703
959810
696267
136041
971352
951690
736486
843138
640335
562599
636335
255892
899666
748461
257743
78720
483780
691461
241251
17934
353788
106199
826928
154556
779291
824775
892072
830587
869531
544907
185275
810431
956342
84888
448084
601675
538210
465349
978792
613912
31204
882075
597874
172641
604221
560263
777891
14893
202813
11351
267137
551522
305330
446700
403816
206371
29183
995987
113844
313341
908337
108292
537401
119000
837388
633653
64738
910160
940676
446096
690204
104077
578210
853189
247764
527084
146019
467301
967026
643451
498773
896288
891890
690322
425467
560100
918927
761477
925154
621502
166117
83526
320051
44266
770189
809037
623430
745383
559760
305842
833359
371987
69629
515572
871821
22410
90867
225165
987264
714009
210884
696624
988410
160830
850430
93272
47712
256544
537572
606358
409104
294175
211939
519291
10478
348967
919916
165726
56006
954740
708755
921839
744872
339324
68172
116620
824444
606777
863477
217589
788466
280069
665923
645311
67126
403983
253691
647161
580085
718945
456079
668952
695737
383812
97636
542283
32213
127343
930086
145337
694071
540701
773326
820298
219829
228473
288494
975277
812766
414742
666132
838897
666770
909962
162499
557661
307523
659854
4556
479912
767455
830308
693759
63743
872253
541051
568214
165438
210255
464696
352385
465326
449381
885971
457573
400193
844385
785491
390859
220805
428287
517322
312645
270084
921106
712285
829795
757501
885585
865888
414675
693396
241873
987536
65476
898994
111414
396023
48571
665592
629899
109174
892218
305790
817981
457810
242557
102081
576407
846026
982320
154924
602684
948581
913927
326020
794335
391196
126763
198814
739875
47857
902543
983833
730430
828387
905697
346372
339506
707490
568594
105583
977032
914228
850615
642435
525597
761443
816397
915101
476111
423690
452294
712913
573401
298650
734777
138315
56538
699291
667921
831337
211465
451275
886191
300676
553424
709767
934937
376949
278172
617213
940379
136907
578404
505361
607636
172171
708571
435060
775870
33242
788517
285131
182552
459803
629145
244441
14360
831756
708730
624293
318765
841893
147201
542112
777014
358845
673928
63274
642861
50150
762890
776667
424639
868716
139787
108153
870918
22026
595804
405786
290549
384367
355699
234916
304167
956653
941339
331416
212978
283223
149168
474921
593749
925150
844942
252027
576236
507130
829891
995016
610190
546403
195682
3008
136909
874619
702285
570449
503459
468247
306846
537343
990478
980538
588354
291741
43386
341509
906459
583053
991407
189125
708136
944993
251110
96215
592158
883080
154302
942628
715210
150285
341575
487775
910384
193339
815349
632259
161805
828377
609240
965202
251260
542922
786123
285546
616006
195273
702486
628660
897394
574960
289190
285601
941609
167944
489955
166149
187502
357609
6868
227102
801198
551812
230378
664715
142610
31647
673925
927728
214765
656524
312106
163020
857498
848924
561102
6773
240308
322388
512720
863258
32114
396298
238872
577866
391819
442606
288625
639208
948446
435528
527987
594089
772484
913868
853708
125899
917602
854957
704933
567297
63464
457711
683842
598460
759170
101460
409337
306634
816460
513234
475149
335064
309866
246109
488219
953794
241633
942592
601184
830700
756266
605757
586343
56534
95079
34680
545880
543464
157324
465137
105301
771345
942050
555648
386346
650000
879993
297585
247252
531841
54487
898097
347292
544255
896570
182694
844516
405330
335793
403726
447628
405735
600762
870414
306432
982628
238216
81282
71638
79560
434227
545077
125389
843210
304669
953900
378218
156965
79637
782555
982018
618193
966273
642250
60136
502347
705632
65297
906171
821693
622742
856978
859829
563999
594584
535197
227582
768575
890627
253399
784013
687902
192976
241703
393463
254259
422934
82668
174792
249717
771295
315652
963301
547433
219074
895451
489355
904636
174010
494272
481661
147826
840463
541240
818741
856073
633390
482569
8263
999291
814699
63974
578672
235952
758671
498168
144486
581484
319832
488105
328998
732214
483032
261850
895313
459734
364051
817680
118173
464145
660144
71901
146530
483954
733103
346083
90871
569724
409486
308382
514347
928243
699875
639928
515027
751076
51720
227887
62988
132603
600352
364442
250055
793210
450275
394676
767502
855835
825766
126076
362189
609798
145779
301094
352162
238092
738165
844989
384980
589996
597444
43956
177307
60812
860951
155105
387551
102727
701430
844704
483590
388746
789411
396695
421751
19669
958708
55492
546444
572920
54095
747871
215615
609698
48707
850101
921130
519029
745586
993175
824399
986287
832278
351328
737531
299999
799124
539699
212457
111469
570087
339120
145281
80666
532421
742484
267668
273657
911731
160947
969351
584330
904568
707145
281015
472605
516629
921665
70093
186622
964504
600376
430313
134623
578021
547084
94454
797959
981034
103997
17879
747967
246
558683
859453
860219
934047
880229
459446
846455
440366
69240
240476
164404
62920
257649
359601
141992
717935
711045
611347
773916
633379
155165
662232
476149
655312
817376
572759
942457
616429
108516
206205
810697
672058
203344
931856
538519
93710
620342
45599
54951
492163
293857
70148
47814
495668
639685
986483
443834
744037
392855
682574
276132
63411
119798
821084
955168
763375
373073
809353
437380
603145
473573
817240
690940
813534
386039
732877
77266
806074
771433
174707
468133
744171
138156
280657
190911
276744
970557
682373
474214
465539
857454
479806
23167
356736
947052
293439
235712
627534
298922
475110
32200
773566
680364
871298
551097
208230
960233
861628
750947
496929
348841
548235
79250
260708
805749
716079
529340
496513
469206
610974
438035
888821
981569
953830
191720
521604
962887
796620
740847
287426
891146
302233
873859
49559
654493
741107
471211
27586
881859
35186
294119
937536
116232
345627
938120
3009
756251
81604
409523
122671
503253
106299
133972
961020
528068
852416
874546
34074
594255
516966
744111
815618
263858
710157
165584
89104
549868
735372
320676
828663
661558
245623
166959
218399
384765
177676
15359
986385
331443
656052
748771
524296
359612
864616
219571
274156
764687
8259
918087
944562
704245
805499
879617
26245
525958
790541
330442
101689
168717
397730
191973
416040
212731
555776
982151
86086
737494
206516
405896
43565
5371
963697
490742
813285
578638
818860
816719
14271
371751
522451
622011
907995
135771
752359
92001
594040
216895
962644
60443
31396
807347
457546
942294
540494
272030
497075
373729
381270
326187
815499
13878
120457
249751
287008
95607
502397
545943
979211
306589
349711
927904
406459
148918
66623
766737
885422
228426
642900
982953
135267
893023
449657
88165
671570
943878
999908
707673
455435
232057
247391
40753
672083
34909
232113
331779
860670
283999
634042
996770
746021
380273
620141
178974
369143
203962
611081
172314
261711
489689
819343
477026
141919
155681
530947
129824
565900
672348
683326
531024
276687
406693
991441
373989
240117
789344
353405
409851
41076
320336
883017
525709
183645
217770
420910
154399
531688
230423
779517
884125
122374
710745
482237
778076
950859
265163
511089
556318
703700
649410
265021
56635
981559
470592
763058
642673
871949
938651
264422
605445
66467
691652
196226
903294
748852
622310
704652
31299
899610
792267
450521
636455
703060
436168
555252
589317
280479
575191
592799
926159
870271
996319
359780
38310
774577
93883
426731
440652
847771
474384
12522
17610
10112
922032
863938
38736
139311
728192
48991
994527
373784
351006
970632
281576
613772
962360
974783
957339
790447
443954
846037
17035
869681
186407
899552
665132
284543
999162
755936
874640
427448
111923
104287
452800
429705
337378
157384
772886
975131
117269
529183
117929
36685
262786
29520
727373
502958
345529
612081
968228
261796
210317
226816
93275
512691
989495
888983
440404
578052
966138
500575
143731
770342
759882
405580
574319
952495
53288
434018
63380
308407
78209
966829
491714
393282
88321
780717
277431
514912
230792
809912
608050
906503
593108
888513
136292
780860
35518
849828
323220
780824
518815
689621
499670
857191
202132
232374
965316
214283
897787
607375
854976
437894
966674
848573
456826
281753
676761
594407
678353
167707
537190
540385
773116
363855
36611
593769
653879
83960
264514
35598
153340
716685
205670
686747
285256
926025
389979
222164
726330
632544
336714
717716
105874
638102
589187
213156
310277
379950
484125
457483
431090
219246
733775
327
617567
301644
247647
731723
678451
707104
370220
697416
857462
243880
106922
866746
21289
229936
677972
127665
48580
315158
930563
928606
940762
620832
231932
850109
178890
174504
766343
166422
147185
765492
640178
196683
924554
292512
979070
452311
243249
204716
40844
61376
17517
730709
861379
972048
61601
674818
779153
238862
436708
208002
610908
888221
188117
103635
379708
486572
177693
233190
118490
166669
464254
675694
551470
256209
871219
770745
66760
795493
250650
481785
965403
528038
133597
624454
482229
157497
894820
144175
515705
739723
58243
998417
38816
280173
683364
896644
893559
540807
839995
877294
668920
578829
383835
884417
346195
837441
406615
995458
366703
960366
530747
545631
561704
293615
837063
265584
307715
726095
170060
707708
309284
96489
611531
232022
864824
785283
970211
194263
325048
728440
851687
437151
132522
624428
868502
551662
406617
128226
307445
248838
860080
556421
584285
974569
508938
778213
357256
120213
982953
768455
98930
261424
614356
367884
629781
897405
772208
497176
469775
701898
835010
481331
461731
65785
660089
704751
662123
726379
986014
831172
607895
551328
166403
218745
817776
175827
854909
500643
87094
617881
287624
253527
992632
339636
321850
83665
456696
870306
740252
506869
349087
407124
693585
775766
408575
299016
824767
772168
204587
473242
295940
161469
129128
546403
444588
534207
545401
234324
776553
661076
195015
321075
106387
519891
100526
410641
685717
315666
492724
938767
505851
764142
997022
697035
930016
866786
388802
39335
109408
350568
339368
453897
643874
191528
798358
32496
218879
924608
170347
847878
863249
246814
498130
952112
336008
928464
607786
712817
923543
842604
56891
657721
998559
595589
352523
727877
675631
833906
398480
357354
39204
381244
152900
778060
991032
182658
236176
568739
741042
228176
549585
929773
537292
241091
862519
807696
86688
481440
204560
954085
462520
136702
471666
781379
824224
411765
264778
124729
186107
517163
535534
560691
470157
500666
606572
834943
246120
525005
419115
334352
356870
793812
106979
559699
926885
460480
3811
953292
784649
981838
48646
48569
628955
58510
576870
950070
398630
396173
451060
204813
732739
144811
146799
568910
250542
700852
648948
727482
801965
77415
750936
457579
744411
392476
679591
970024
821152
537346
503397
530058
668509
460948
414428
297800
371816
176565
760778
819625
814606
57224
745708
186145
104382
520440
249464
380418
445975
408171
447955
37327
344213
99149
266935
867681
979883
62682
772021
175871
506850
178971
895031
462842
892342
262428
302904
562625
110742
604189
97985
537388
978068
391065
95313
877837
778187
457648
572041
919877
65452
488502
958332
31807
968968
65810
425213
828549
229124
287376
449415
565154
970635
54053
127957
189493
165830
860804
402550
536924
605926
651848
330279
351865
840807
695025
426653
683128
243626
711275
989039
428005
534420
880103
425446
342283
98526
914445
880888
993111
758073
115708
402153
464040
761964
500164
167430
896411
274316
947221
309700
988275
846935
903339
814568
647077
782882
415573
240405
486191
92816
237383
280065
572220
691810
561639
634988
236664
790924
402121
333875
443999
560512
135638
858476
95990
252561
469304
289220
964701
385677
781933
87081
145138
151710
253198
753079
689888
582629
458028
815145
112626
501922
213879
625037
87363
982292
661011
942962
768356
294349
314643
134261
27761
818698
981177
900339
234227
786925
685003
196970
780710
299253
978980
536982
172470
884355
653758
978010
693879
919248
250181
420390
158487
212563
810394
747421
773216
389411
657306
568658
465809
243343
905872
330305
979752
47498
337195
258949
740158
945176
389906
22900
569608
859874
527211
589418
998481
429677
425634
983358
249706
636147
947399
103985
116386
926102
100454
568524
68270
526091
440817
284425
653419
661207
131961
549799
800126
340224
562366
968100
859987
703492
684766
1111
443319
683987
568281
49580
343858
748310
196820
738580
650317
626892
815323
432473
705046
174285
107665
703827
731132
917617
118457
224932
476095
896723
817687
166420
315251
757451
844444
216407
350801
241524
514517
700650
718346
835704
605864
374988
622629
199911
475401
293063
952477
700870
591829
612744
950297
5631
574820
732886
388645
963759
938911
266384
226263
249695
574421
336438
318572
265315
741605
453858
179627
891409
96783
993844
661260
23313
292629
386621
541727
904330
638194
876125
751754
84910
767191
609581
496228
685206
458813
894987
816466
170405
912985
215158
951110
135541
868986
540192
257427
857665
944816
678646
988811
745133
347917
653
659520
528436
65249
773634
231142
943868
102152
546977
747528
976206
110580
134857
997115
207014
566100
778985
627462
591168
630937
267646
987395
472290
980282
161784
901231
56569
566998
886493
448465
664288
229146
761574
900224
869656
923859
285442
245814
547444
675435
352612
544244
823163
820706
216397
862035
681979
791381
767549
472615
217963
513760
667907
711971
879675
671587
153994
536703
604320
699507
877864
107654
781556
57436
822693
497200
164842
946879
755847
744033
735628
627519
235402
511520
441543
518067
977894
895898
918702
378368
798159
135910
58690
896326
269632
349446
958811
841660
477637
645290
367713
381772
195196
499506
811473
424679
13036
758417
235026
115605
27421
294444
332283
528283
545473
752611
266656
467597
538617
931457
4467
976046
300736
42336
828884
117993
290952
433581
928511
619358
521360
454186
779856
181732
655700
681567
361029
827370
198800
394687
334304
897299
769555
440044
963711
372214
76616
519319
409519
614236
750557
809035
284216
141746
229793
845307
11083
621491
663589
381445
322078
106986
289211
928757
206805
126339
912318
762300
137799
699841
640354
676332
858671
336142
61132
294293
945945
446060
555945
11873
605811
112896
563025
519462
173876
240817
273499
244104
746986
489173
678384
63786
933557
354073
376618
943543
85954
36583
523132
821687
513481
183798
688605
621776
846355
408863
583343
342830
344062
927025
716604
946755
252545
455727
54150
447896
758056
97102
230261
244114
979752
950265
177084
263684
865133
364026
99898
974428
201024
517078
971147
299282
354991
931252
957838
95728
324348
173850
315816
975750
774167
791764
968280
512841
615552
933465
756884
96889
48968
924646
346795
231766
586991
684162
467087
446037
65078
143932
132715
729350
676048
288931
18076
965413
272775
377765
229551
801327
379949
122337
457519
552438
355158
46170
138280
388431
706247
971801
104971
829336
715437
535657
416016
129558
795467
837811
349659
597548
10429
61121
678341
25463
803116
44560
930315
275023
423699
305721
680820
678023
801483
232529
532396
898805
81507
827401
308186
846177
294768
584424
397853
810824
120353
679639
358263
337187
933228
511925
105309
834290
69773
105531
332698
120983
839145
280352
705173
59319
775066
612610
985054
731156
890646
8689
737411
447300
468940
506997
569835
721406
30210
481522
776794
361733
407791
92865
858557
203386
298546
432553
381378
40842
377547
358631
324495
424442
73233
209598
399484
183170
329759
359018
432481
878802
273072
433315
554521
349455
595085
659250
668372
121995
152276
180231
423907
349204
857185
70529
833863
101578
563871
500474
45597
614729
726526
372878
286472
572369
649583
628339
123495
615687
420757
917999
715715
838800
458154
30758
797761
825910
303298
676480
807277
339360
680475
910302
706136
73820
90111
43259
48543
664774
658754
770694
912299
295803
476069
76624
284314
917700
908049
78299
222897
945918
442027
925501
149233
395860
207204
747516
98076
741660
977490
619333
700692
525210
505507
503854
987989
267455
594665
546309
220970
767167
912664
35490
272484
255811
370799
690351
147448
183354
69963
438980
916417
507367
971572
650779
565600
121363
251891
634981
52434
255072
550347
922347
153949
874228
665121
71818
972122
666396
332665
929059
737083
467589
502963
990044
764743
405559
91016
681133
261448
527743
254345
328160
382098
938359
470504
147747
62760
763045
132310
581499
343548
333606
81018
710578
305112
203353
816849
811644
105893
953113
509092
717518
889940
342649
712079
417681
6258
303978
852638
672196
572698
530375
606490
377858
365133
546584
109412
194194
179966
433892
754242
956558
325439
189823
812055
635448
629564
534587
652364
729044
953741
385566
66814
376866
713161
526957
120699
779513
589426
499624
299727
486130
684056
494822
521627
190751
475520
855566
749323
622477
45240
607315
751500
536637
848032
655001
738232
750287
97193
166236
698453
29815
68403
641311
367497
344979
400413
486322
161012
794884
752900
316025
745526
672331
762852
212542
732185
677199
60930
474415
721556
741134
840874
330511
779295
320096
230051
314465
620866
813301
224291
882144
71060
433243
923080
405400
967848
14236
966762
821681
398714
419626
551016
731456
363300
896559
679921
213428
229429
705270
454984
441787
349310
718327
315129
838274
182997
876223
68025
320876
611952
390105
418167
102136
405827
408838
193152
74340
636101
160534
744827
178446
51974
264827
209341
470753
838461
537091
239084
182731
776843
9921
425732
645319
639419
31470
790515
556001
980632
788847
899158
129962
436314
92295
680469
435865
114258
667862
976226
283787
694864
407783
735690
292956
37777
214302
622192
780147
984189
175569
20076
233390
460627
437638
453432
673445
658068
849859
407844
853285
578047
949764
693251
53735
519862
234174
252609
122869
685006
247510
795025
553160
105663
827966
899287
406520
514303
206723
862727
120912
785098
26458
629782
146902
224533
829947
180122
597975
536020
151334
399135
678500
987930
216443
439183
377976
498380
887356
155179
465666
728939
743890
997698
777500
815115
369874
772588
689706
280988
100230
670606
155793
374308
418434
816977
173435
329720
745998
930628
599424
973630
367842
858598
316322
89667
407687
183399
880150
188999
22443
290121
77774
285973
671793
510518
756346
605602
75372
275270
291406
308194
926253
483479
749797
473247
40072
818494
656600
602344
250174
788741
560491
395182
991839
19776
813887
435824
319856
29776
10169
155407
270840
346018
830658
432747
280241
109330
626996
767029
107450
9588
598237
883409
198664
369468
60711
809763
39103
976187
515780
540923
207512
842408
946194
862416
939142
17111
526106
859166
84710
853453
591176
947542
214374
206828
603553
307237
961428
702637
10766
15702
422549
639590
116013
586836
971260
913467
223219
51766
84827
129177
38588
746710
677076
435561
328538
806158
759605
417206
12032
315744
785566
778837
58704
880372
215344
709186
902249
551790
536991
270275
692095
521048
879630
801466
723390
135049
797312
35124
736265
68592
552112
251202
989257
909014
675752
493861
593903
914324
806293
362687
91583
313753
180800
861321
21061
386603
947406
901287
370133
201285
293436
760827
227982
277260
77301
191030
365481
331706
82420
273146
510272
957461
87160
586739
473179
498088
740028
500241
366314
103424
748151
286410
584841
365552
450404
356189
150778
933715
317963
328022
140465
347602
932609
983129
739845
414849
534548
418744
579327
717728
552235
44486
479458
654740
472655
480463
717653
850940
992031
53370
367252
137800
624067
794302
449773
682413
45411
384594
664707
988299
49621
307815
814243
408841
491489
427641
487607
53455
538718
103434
370540
589149
497385
318715
626271
511687
418434
622005
358270
461496
496386
330958
15694
119195
730764
967265
87991
19257
131015
776439
769995
33526
741973
378149
626246
867689
476611
257542
157540
933034
596387
509166
482953
798629
759137
273965
943004
127452
497564
852064
947833
289366
603813
512822
657199
600934
152717
529824
830289
160025
567818
447298
708563
58859
896002
906305
640754
294265
777697
868153
938375
984904
37110
966914
358190
148522
10229
356453
692726
644968
921308
328502
997206
938490
567310
265460
533972
643922
414665
850140
314997
156912
550366
669093
77512
261322
997709
908520
571459
111848
956138
87069
11484
713145
640370
770515
575803
89274
715893
963093
358338
849317
524604
10805
262390
219997
192724
962747
474273
243877
490794
971696
546254
427970
65074
433888
624197
288710
578565
273253
622845
424284
947123
858927
853411
231613
330757
609264
312099
498063
815362
968209
21985
823497
172489
27185
157949
648182
758398
445572
475086
291736
10956
681149
567038
184950
448751
610984
306872
327242
181604
704237
620715
192992
880236
331802
403771
653551
499178
57715
463005
703537
135523
601155
879489
796010
215548
387367
770137
372617
284265
772147
681982
848295
967352
879060
882107
880612
464902
75334
355671
713247
142422
610017
758000
304569
856763
177973
438929
257287
741467
393660
866567
596844
71514
86675
181062
228114
357101
832830
236205
457861
274921
975781
50573
581656
956401
278333
764440
220150
68938
226981
588719
596994
937881
224558
157623
780045
535580
930296
514094
93602
121122
736702
35217
606809
45580
603714
770225
44301
428008
170846
938239
698038
774564
508570
945867
373028
301710
749660
296041
115013
702716
197561
543429
851626
474160
194051
326481
407056
155714
13693
840690
216254
610682
543239
311409
810063
125779
477921
475282
318323
362057
461729
103943
284638
747645
622354
229243
740925
90382
487036
606483
662299
85969
320820
297923
812825
439972
846627
571961
117442
516698
898476
711334
623944
860864
530264
216691
499740
669292
380715
863488
158298
97403
59595
524259
918296
773836
150319
378546
67201
367228
896035
348312
389153
138897
690748
689165
916237
15605
605769
603688
453751
858405
667809
920140
9535
571809
434661
568264
104139
34297
264159
497963
556390
851085
115341
484737
958179
961500
722886
984888
281875
580428
852817
190888
349918
779482
413150
608604
866529
996874
387332
759167
953790
976053
363
810846
579772
527804
120508
129474
374233
477382
296565
712865
435617
247397
365817
875857
425849
132490
40337
445030
204466
365770
183676
988249
278240
444471
37234
878211
980300
232819
84519
536046
697996
56081
86839
187937
640966
891741
131967
917218
542971
600267
379230
994298
759208
371435
533353
782043
564468
844888
119760
12611
197394
924389
232976
881165
180802
352168
578044
977463
927491
283403
819698
404572
213288
226931
116054
388737
457393
511288
571465
838031
931384
617626
475469
789601
252268
367309
606966
485587
711334
452820
625082
764473
30703
87176
265482
319337
721158
548310
251258
391245
936088
416762
904320
959672
975268
800556
429157
758871
358673
858374
871055
432745
916646
801296
453348
339541
362951
718891
286663
300626
579874
614596
907321
976092
14221
406693
150412
883765
75090
263950
335401
893247
722441
409313
405279
195037
124837
729878
520201
128075
953377
362242
667263
6140
966987
360192
85753
484528
788923
504502
372236
239693
855453
940714
842713
327348
299745
516713
400511
249609
989646
788137
804472
153396
326230
496371
746990
821153
466815
744174
852696
211343
814124
78550
741124
506958
408919
930404
485763
645341
608041
312029
811256
351720
180235
424427
935345
699663
302668
729639
598792
272226
597606
859423
483575
128920
223996
397052
717071
995946
27279
564302
825336
209444
383291
630344
401929
405980
751342
493814
165156
402338
108546
820130
392335
515793
792660
667400
312042
421
979344
903680
179973
912730
503787
468886
60699
400314
695375
923018
491579
880490
674230
564532
567865
192715
343369
671775
577325
767861
71721
314946
490491
529527
357217
336641
181582
372542
974715
262176
718811
114937
400328
272125
786480
809374
842117
535136
328794
249683
29422
654487
43671
577222
957208
7032
960142
510507
857238
19662
568381
37060
741324
927803
763442
270858
201738
432526
854755
631153
723573
557376
773576
151936
691733
247449
873655
77504
715857
620839
714379
278538
354738
298723
68850
675797
649642
427067
209021
287478
74787
369068
208160
8261
891778
492471
251987
448948
430666
245992
442416
819299
502820
33255
376021
512081
52717
505167
598417
55499
29696
403128
437409
603105
295037
537008
434248
86979
812917
298822
837527
840121
110429
487926
611654
335032
584425
314644
224257
566835
951931
922524
631259
14201
872434
34868
324266
152513
659469
241100
191964
550562
973964
677696
276753
444474
882677
683053
540995
871648
497097
856240
140215
283301
450592
874593
639349
384462
717189
477925
514742
204644
604355
727655
390459
86614
78564
775925
539019
920881
335378
52049
854876
106386
408949
94287
164919
97225
651225
148739
999369
402750
700573
479128
288688
74899
219367
140113
926798
621005
473926
413536
132513
469734
694015
490731
713740
755007
799217
357109
600929
865317
283885
874645
335664
720690
599022
335795
157976
855747
833430
200169
803829
902038
933992
893397
255369
377230
582662
727726
612584
517891
714186
63175
175019
191608
762322
819307
145816
44892
851633
207245
787659
482001
545551
135873
717692
218212
508589
873534
628013
312888
286781
203214
574278
606463
265462
913113
968556
249703
818046
940913
272666
895362
462217
476127
172683
270093
239965
965727
610550
248973
714878
939194
985642
514901
146785
730975
135373
760585
175321
123909
927691
770991
154425
688593
454503
773282
925528
246321
555541
104809
398498
195542
957976
650942
886658
286871
394566
178604
821180
831299
780515
466943
605861
797950
850978
567883
419507
33073
102398
268459
580152
293350
80534
481711
759135
904916
898930
193037
962311
357728
756788
669435
666691
129227
615817
635371
410889
794239
462627
902652
44961
11745
79278
925446
124331
396384
897330
610443
713439
380131
171291
244002
724895
306167
212380
360317
951279
512716
282538
526781
331709
312420
40891
710088
431417
216875
703193
471679
514269
192054
891932
902779
859762
684710
358249
682757
143161
205320
424732
739148
990324
564309
42483
670998
633696
922964
510489
39683
128550
153779
546352
736934
957085
990064
37045
951090
272345
984665
435670
367624
912414
302246
558154
239454
25436
623541
698349
684739
861699
944767
699711
874935
946023
533996
555080
558613
239474
187205
905796
181721
208928
81835
555440
412467
775176
253025
923354
235711
448082
212129
321800
774611
958745
488146
772456
527195
523848
576894
214492
672937
269321
580629
929371
550320
639377
856521
329002
260110
294228
626846
863408
443961
335870
382292
160876
971123
581391
140935
684136
607267
783380
128230
916441
425734
141158
940178
436410
750908
104685
612742
554615
240487
980163
987882
674901
915561
6493
272677
754465
589132
148611
671731
416821
249435
280877
486161
330630
129313
223172
40397
844404
765684
591047
490321
746367
120974
833553
84426
364468
876797
146543
488696
444603
685547
895503
169928
720422
258799
441186
342082
947335
482762
357432
784014
139356
690007
200083
531458
735941
243042
4778
285386
436302
838027
201477
438376
893852
144591
415055
890371
547717
194287
182940
586560
454631
725963
784787
698769
302655
212648
909658
947937
157306
868240
103577
637112
36853
333812
209714
146115
719615
894946
355931
217586
659737
628493
228229
989996
205274
745966
724196
104756
665600
826215
512643
770535
156157
758901
316269
121388
395721
693281
27585
142290
238460
509341
403082
56173
38561
779876
712802
742880
153274
298610
295702
730531
192445
770235
659973
828550
974143
384568
219869
894055
53067
117590
719924
940937
146140
56354
228333
45998
875380
513372
528885
458427
726787
806351
264717
552377
6758
443176
480659
418492
469970
700366
725197
485207
563761
669001
583945
854998
968659
629797
565799
116945
657546
545443
964191
258264
85382
833586
208646
146990
758804
810524
735818
279972
784315
502158
767207
927430
933394
538473
685647
274311
728736
915234
392385
473417
362051
964600
28500
415606
133528
287548
347581
552307
785266
935580
632884
857844
311932
743652
992952
798163
708143
102293
858508
74744
174783
604953
577508
89273
745574
111225
191429
54806
434803
18729
986741
297081
147685
572007
241736
898557
469256
632495
286390
805613
493701
537005
451456
345809
517036
540973
267371
561303
857080
734520
262986
160297
402238
713800
917199
948141
351641
990100
506106
247716
309732
613761
467082
959213
702367
823758
337894
498986
530825
6940
964667
888732
668507
366071
726912
664442
700465
558222
952032
604422
823468
716598
990872
501670
236252
815202
560056
890407
176232
992778
525395
302506
538776
903693
267110
738032
985466
378172
104907
589900
260464
462974
522205
282665
924332
593131
315211
937732
93912
654552
354427
633391
870896
549512
511385
100023
271225
608273
69249
400063
734519
726496
778097
303117
280366
979044
316617
871350
728096
378009
371043
761236
646785
772884
44772
495794
921213
602111
810091
604791
102581
768679
197981
833496
986568
196986
975982
879217
75747
100636
24977
857002
283978
277658
476438
821859
958389
438756
198794
668829
727973
33693
771713
576025
199280
828839
709048
831719
21676
750342
119557
921460
614532
350026
797114
981805
705177
802651
658420
641473
483282
670158
982046
422646
899048
906170
176583
131739
277196
403379
657908
868992
853379
675233
744880
919194
816077
900712
177230
838409
679697
632286
695290
200567
641337
902585
483593
579545
471084
999020
523379
791774
234892
698866
458844
925326
94059
321482
430006
663901
977342
361229
802518
693527
96392
43998
36452
391603
737610
856231
57618
623540
292816
167915
546752
633077
382471
584755
620101
493665
149200
517703
358349
313974
501474
757319
974330
645115
30897
775990
955608
572648
993214
477001
880340
828251
32824
71172
394802
950207
183625
337515
115989
218875
836906
312027
187140
647572
899694
97153
871552
967916
195981
140922
640928
530034
172267
416434
905542
132091
408296
639705
195298
849482
441168
968209
953258
762111
249653
683818
978196
446127
215734
918774
754875
428756
56775
979163
176697
324545
775007
654006
205518
557949
241543
960292
556728
957011
250268
772737
665867
307106
621129
734572
139194
132056
91032
753655
608771
993834
782452
140108
278374
817410
824807
223215
711897
362575
818897
270860
498309
817702
770871
815766
770488
124429
910715
112760
310714
121303
953952
717158
784789
427481
624797
521802
220291
411959
21436
664488
476155
136618
853039
629746
608195
414969
970349
751937
59713
87838
870144
161225
443721
876893
86441
893942
322001
758238
346351
80036
57263
232570
719231
836337
551293
529180
879267
737627
871839
719878
52914
906839
424486
144043
717441
531306
799424
251661
490375
377752
197573
109653
4333
55828
564673
583273
165551
693475
946885
672287
141202
52458
190729
149345
875848
819608
194895
66187
33938
643023
615051
699539
999379
98663
140332
82969
16492
572197
890181
828223
228019
560750
878982
667480
918013
335545
409630
636877
979944
599759
375657
810019
379540
726208
539085
772892
498387
666843
241314
115824
272903
506677
67324
231488
762089
21341
472780
41853
233851
204320
824541
330748
690146
649022
476579
936696
837808
451065
58158
756085
541832
607791
138856
863973
900330
823576
277584
542963
612654
800445
93604
227388
58306
274349
859491
573908
545942
888253
298796
827909
20488
337232
807646
175790
14265
35354
323559
516122
555677
795274
374468
18390
385955
219876
197268
116031
141157
143337
483200
247974
479924
440269
29545
185608
301344
929887
318598
577176
523342
762288
407201
824736
889566
551934
661174
158609
778204
781243
267816
5462
111179
92606
443208
897665
637274
74278
1639
983406
825021
446336
42395
578589
479836
462324
470062
42985
486113
542693
91803
302434
596561
495202
641662
322342
276290
317774
177862
7450
139316
875124
637682
877521
214482
775954
831260
797988
997188
84160
585846
890091
891230
332675
340982
18199
948021
348373
587369
917162
237898
517184
966736
538938
776936
586168
338872
494127
584490
739170
561327
405904
927759
78468
693418
681478
453603
809496
381417
817019
758172
706125
103103
594035
63494
404664
46066
723879
670864
685236
717440
838489
841046
300656
53748
149450
442127
468121
711259
188381
322986
664830
805909
727909
791698
682903
768259
316372
602806
312814
166320
956337
633310
31028
987393
765785
650742
409022
99926
685871
922912
231900
198590
773582
277729
801374
763389
904620
318416
76223
900556
702767
32966
925722
532992
43182
460584
77278
442325
467681
600989
640984
858776
625191
981321
898903
312892
755615
338991
382328
488782
861714
200886
993594
347763
981706
320454
873608
113686
950905
354600
787171
855470
299458
302597
5538
817955
975755
268475
794748
209497
920072
374504
966534
303387
704524
352913
162853
363793
593934
458352
252117
760842
61895
504578
179578
862833
187259
964364
351248
78046
13658
813578
831010
883753
16297
220386
712823
998440
123334
647719
393246
594614
150049
26812
657410
904909
528476
699099
360102
811500
749035
486562
378137
175360
532584
11600
537764
459801
801787
373179
994391
299921
278276
781245
801084
139338
935744
686982
396266
92688
623021
91048
172157
230334
485685
966796
868265
161131
994607
532878
97931
784552
408674
810863
390794
250067
363348
489368
529791
487314
982609
557814
739993
170198
104519
303016
687314
497277
624463
461298
513325
763334
837496
582956
197057
898569
225372
880933
238614
325569
390443
83561
250700
705489
753523
649601
958055
541234
293578
430034
617258
326109
369843
5999
57007
361375
167678
553952
339507
973343
500051
87549
482505
663780
22103
276513
161430
93826
333918
505435
964181
28121
381117
504519
825865
867545
62634
881260
525761
396610
788326
678198
503499
145700
572984
341116
974556
904359
444178
728412
575549
298055
424429
26586
294491
607403
672356
469163
551007
440191
599564
661426
510042
767615
188216
892939
843514
843489
126558
276437
11592
549695
290272
996580
681159
914907
785803
215531
685054
63169
185177
387365
231196
730216
77532
745272
93693
206945
209545
789787
229914
609874
84299
847391
648036
768879
90608
841394
760712
828836
707488
237625
558407
136543
363377
94039
253321
83203
460400
520058
798642
254952
119333
703497
315394
329143
347698
85041
366623
92390
336465
394647
752830
246806
719989
77657
619883
812492
743694
272076
221445
500451
710239
581780
504475
850057
399878
833618
66865
918001
56809
49220
580750
37519
40594
188244
394436
556754
956882
267286
944055
761778
284696
138169
997057
285871
600020
281868
136329
460322
786079
458017
289211
454046
849373
122740
141878
684749
313258
391793
88023
430995
121146
475695
510141
368059
50730
703204
442466
747578
653290
939165
478923
658024
805792
202988
533407
751569
841370
446743
163680
672863
400951
379181
1137
645538
494649
941010
94007
917540
125343
665064
42718
159998
371173
731547
970172
660755
924434
123995
968565
64067
331261
933748
156737
843182
241385
913636
126246
924304
12637
641039
845551
248623
873390
516922
43151
981439
821342
440714
404226
836956
48512
972082
543933
587143
874749
33146
894398
177811
903972
436569
295268
324292
36729
231105
432449
232423
367264
445642
596593
817590
162855
240261
763349
278415
38513
555317
753818
156423
775974
21618
731775
289935
333740
525549
593219
815263
617174
567853
298740
183627
532757
59286
889681
534346
155556
620171
363451
876871
984678
630311
923120
857985
541478
778591
124530
331836
437195
537799
122138
710745
312833
769007
997233
370392
764028
32536
488266
688324
388487
344223
567830
515744
564816
815327
358861
879550
785873
823300
465769
106366
781111
680583
221977
855267
565628
249038
782725
290234
729511
280451
50391
40756
915342
374420
783638
447465
681062
271618
548250
53340
593333
789376
664958
758300
79129
648117
945101
375641
664955
843011
926148
629449
946127
220115
109550
963866
127717
85705
491158
169502
16338
462024
387011
430539
645818
535947
584231
517905
340604
614595
805276
846275
946709
565613
792775
579082
477495
377205
681202
451892
602268
74094
229356
456011
646856
651162
53708
836201
93592
735122
364515
97871
267268
453073
269711
608976
929391
585276
388308
720096
860463
792030
45626
498202
856618
414741
400670
642515
808180
252196
333855
149106
462672
198573
349474
347916
912254
38685
917751
743381
312948
887649
149201
275842
612324
543327
677129
943411
63892
5319
899974
788922
474196
120196
436734
316028
296030
807286
592936
700164
439386
131119
323991
963950
546500
625494
146619
792611
884683
515035
645941
673136
866027
628938
626873
238196
489439
688461
769228
411080
338834
156467
430883
138105
478497
657233
317939
146568
60440
265781
819485
662799
85775
486952
346205
873468
333916
236899
641361
63511
264957
23108
821148
970374
199154
536401
863162
897886
748836
509489
118192
528545
145001
296630
281339
660025
51572
930845
316961
588570
448358
614113
436802
659748
508394
141253
693913
36019
634142
798613
200895
634512
553884
964617
9548
593467
402241
541738
964926
275254
599608
691230
821826
553041
490567
127180
762115
624951
223804
129318
947453
884144
892637
513361
981306
654889
54699
895425
598409
143265
14450
645001
479715
990627
138688
749995
852586
694492
620539
834993
918938
532559
926558
745107
943344
500591
204480
886234
479146
929714
822128
924494
598887
285090
758824
317709
61514
852256
18498
485379
539121
288468
532
861165
981637
376058
181786
854041
647731
359588
668612
722814
516942
780214
525974
101112
266364
398580
128781
980556
330377
573207
647001
777737
99095
469459
691716
31346
675547
856442
491292
111621
925040
811810
802135
392899
268996
114972
912004
76234
255722
337410
11118
221273
72917
498544
348671
770702
818491
460903
170601
982551
153411
358835
267332
981957
875692
972197
462158
196689
904851
865921
85772
69696
83185
89801
951483
894437
961708
717300
549072
784947
180238
841263
199911
390829
503956
758396
230493
854234
491646
759128
873644
744107
936091
809860
476152
642445
451547
703616
99753
948878
938232
583378
79058
919189
994295
234098
186499
99234
50377
754
811550
893344
76153
40486
497784
866966
922426
135059
942097
871419
256559
813321
685210
723485
156610
80531
991608
218824
252618
990471
508133
935595
813746
735689
742516
419450
349884
600664
990207
879040
343474
351569
607105
263743
802620
398469
756890
12019
800321
294213
497130
777705
158800
776614
837390
169184
146605
336826
608543
710885
402689
471132
151420
447430
803896
404224
479988
7411
693746
65217
784394
805931
400672
10584
3165
349660
642187
502729
410640
121165
523355
408425
937705
192249
595673
781852
685863
537011
406876
307458
229375
595876
306124
451171
611378
999880
419683
758164
985313
752640
693516
85740
964158
872514
540596
32366
356680
303626
229398
64986
524488
539169
83461
788826
141718
944820
351524
143363
635167
531126
152036
766509
548861
937404
265847
894652
39014
898447
499737
948554
525121
10812
707312
331687
864600
751840
963133
125573
480046
459091
930379
477568
810325
895300
498304
685854
201311
343653
176055
10239
639822
146112
843335
466746
91982
633684
346646
684431
495885
970294
26199
565814
975059
134421
15356
815634
882149
53679
747367
639809
885417
549718
904847
577867
709147
92123
516126
997384
705869
393569
157039
694174
918662
587343
995809
803988
240589
737112
924794
355076
379953
609047
221654
339716
121264
328517
706941
484185
947573
304010
340577
371405
948425
196898
191697
757689
582631
280513
14552
515653
699423
823830
359548
759423
802018
765602
578579
888631
546711
62122
994072
915260
602388
905046
356062
359444
944010
568066
66854
616360
729683
511696
536427
620029
911370
118532
886964
824865
647917
962026
352529
606956
230702
276266
123132
192058
93907
51858
498583
173195
746481
203946
418308
697263
110358
597338
10320
940638
983801
406058
215818
548568
821440
24845
376190
530446
438880
742167
813097
523886
903602
596913
596594
778628
765959
705083
683420
243433
399705
637907
253385
614096
334183
607185
976498
655463
533936
820971
178456
339603
987587
658372
669049
453949
558056
935013
82064
188782
423055
446596
305338
654641
579209
382380
966725
523772
149600
993876
527234
897286
50469
324609
84534
191650
519190
224847
621969
124177
679494
313853
588388
494680
977659
836658
543032
833887
286258
648222
345513
360384
149674
612896
661258
957227
109883
240407
121293
623063
324357
890160
879948
989053
637477
549942
633127
393453
583091
427971
114259
445293
852114
543926
314682
713334
593139
674249
317454
31065
680987
318452
359040
910579
700962
575648
557628
782252
416385
897632
475903
263015
602603
13587
824534
512466
632682
879917
352586
249921
668082
10563
744178
785253
267033
969934
798132
203749
59813
660341
93431
305629
649646
246437
139767
299399
597026
877321
26609
825681
516857
494174
650363
938671
946760
807000
20431
599848
989752
326091
819857
613799
246743
301396
1195
920954
122404
780296
550626
407480
241054
366090
975770
512571
989319
636865
353469
910612
76300
978633
657903
127727
730069
873540
587738
616490
119882
349949
970445
4587
686953
646831
986237
726139
140819
306927
218139
646145
218394
101533
845084
620391
311537
562933
412474
556001
262276
770120
287203
867052
57334
794189
84921
75441
469341
359373
983098
518211
437234
397054
391878
941203
374808
675728
825476
89211
403869
158214
506575
49977
52571
574042
399592
255258
495923
823451
660176
345422
341917
662162
258227
116298
999364
309217
762246
381100
400314
170023
863796
243055
2278
648450
308533
330295
831512
479613
804129
487296
256020
253802
968802
181534
463064
555923
345387
419742
343031
258266
119040
560652
487299
899040
757301
91724
624699
854241
500213
877233
171752
401319
306098
670472
584028
295072
521331
702666
859268
81476
57276
937338
410934
52215
78107
716322
644619
182153
213861
171367
482073
600142
233543
136614
64294
92094
419012
142008
704392
222928
519180
463310
973759
176468
79086
690260
244442
457816
310614
569940
32590
170066
100961
518285
962891
777174
904627
669291
713963
406814
252013
27432
96871
546610
388307
441248
815994
260434
93687
729219
252723
407658
936471
878683
994357
383358
144481
708900
924234
606574
818080
433031
447290
715920
376419
528940
782352
643599
940576
175317
441014
268212
934500
796341
425022
37228
845456
637515
450445
430784
873035
929888
831710
607955
419799
999557
412315
705435
723196
606358
824989
552611
274531
761717
367040
788726
450078
790915
101694
331693
985971
265031
293642
137898
408874
986019
445431
12729
817471
763209
273155
645611
680416
666719
743515
447130
526912
34403
557460
132202
552507
948177
151165
565075
304504
372184
128199
121012
959247
698313
497973
29827
354838
174151
238993
722282
410467
254767
916261
171853
68269
361888
291396
703177
840226
384889
891
249
150900
626271
788030
895206
622127
586274
776728
243687
86674
449243
832376
101597
453450
513749
21545
302569
41845
954405
982558
871945
814371
309818
293207
390844
120173
896144
152831
341025
497086
47862
105323
228010
998531
677167
204484
153023
500853
756846
848876
183906
87484
464810
473088
807034
678490
256552
74506
21692
810413
268123
655707
93662
843509
775395
683464
816957
984593
587926
154961
457557
41360
724308
208830
928550
508537
664489
20033
48398
773836
191946
890694
545483
659397
609417
649159
721444
467318
811744
249856
225651
404822
188402
825753
859
833129
286474
126055
878745
847779
323216
745400
879701
244430
364500
116811
967145
29317
372881
884985
374145
484324
762938
222781
5715
531823
800964
16836
554043
798677
253607
600714
912192
673863
160327
621919
80384
308583
263030
113936
463272
713069
612103
229081
150531
571584
25792
374804
330911
714028
282750
815621
479566
396711
644807
232912
996770
40902
963752
16656
484146
547351
111993
545140
622652
105806
29387
565470
53825
815901
906815
511428
166326
589735
48490
634448
481927
919609
781242
655939
791477
186021
410264
502995
36150
85064
712675
90264
641960
764727
60554
154235
309888
586941
149625
595371
765843
888073
830040
793028
47792
103935
1184
587778
61088
919618
763191
344128
726225
261798
406575
856721
711362
364329
913532
382733
305216
860153
694188
143209
667434
982144
705396
707631
749724
546230
534635
384070
330037
344538
941332
668413
189321
795351
938346
246165
239608
62311
982147
7361
366778
998874
274032
69787
617171
794392
200090
529521
387927
618108
37448
681952
741284
178411
338558
914069
57487
64159
724994
721933
342839
234323
668750
525002
442138
891621
985425
284687
647502
33262
333546
558454
215189
410488
135643
757468
264212
177083
167827
705301
866649
950024
890589
893394
877566
268750
716808
722364
731364
181783
476370
224247
562166
168496
599178
523084
43368
744065
628631
601562
618528
428583
421089
866682
810256
943884
245458
534890
9647
166950
535592
355850
544333
944921
943396
299986
97155
811641
464574
831369
342545
709488
516243
11120
525291
660712
431819
596784
107109
347017
327520
346000
248986
296454
585363
346883
195476
899554
244387
881346
471866
132977
171071
583139
693951
404555
331556
617357
573151
392482
67446
418554
416036
964592
238532
324259
933706
4437
7365
437662
118543
153699
775408
381933
78510
829710
404861
799379
716011
963486
747923
237788
36536
57736
864134
355537
566230
81009
553315
731835
153859
787679
9796
762271
627100
941061
362796
671486
414636
939590
343546
277070
697495
604958
455997
789481
469875
641157
102906
880494
119674
515720
51015
527749
437012
174771
273732
297919
173197
866041
184199
722486
615538
79369
302637
870394
19630
675069
434884
289440
449309
552541
720884
525321
389155
595014
819679
244208
201887
982859
609794
706229
406346
651026
359904
558020
935106
70029
423522
894812
179089
770752
252383
522882
788029
104181
180208
489361
70069
705580
607727
759599
190802
209930
153974
73216
586432
411006
449514
671413
918069
904287
361517
108311
32789
546667
298278
783189
333575
65906
933331
874059
79430
823213
372573
345074
416687
849185
192487
111718
716087
106813
340425
676152
645398
518996
331279
934366
750531
908859
227396
393097
713906
728665
873501
577530
131261
674986
403110
452858
173450
104193
802197
976956
995817
433859
188927
490144
854660
142211
352483
830686
685967
224796
537858
9055
868040
237492
222023
547038
137738
652282
600603
353936
92142
702958
671627
334597
709328
384640
980953
814192
309702
54654
368418
583516
239352
903559
107346
547668
299831
405769
674478
425493
426763
691704
483474
804795
775034
969432
959258
50431
788246
896546
13803
928285
152130
811452
666259
162273
363893
857513
808145
984019
617850
749948
220349
214588
542196
313809
578746
311104
495317
938822
375032
370949
631050
931805
241532
511588
579602
193915
908264
59479
353795
762779
519692
440808
133326
54494
325906
38708
504379
225227
477592
753909
893461
835597
382773
166619
410001
901694
630139
415056
921174
307840
125809
267942
989975
100715
890581
422681
537425
116722
670158
275515
666410
539616
693517
998692
178424
310696
103061
632340
709874
223526
252640
856412
760045
66694
692544
306029
562642
688500
63130
349611
781384
97258
549194
404842
540542
842288
973417
390460
690844
397190
864269
177063
685905
769373
442415
193974
807122
779567
171424
274717
594259
547242
917930
811835
188625
734985
753944
477038
599557
715335
129666
122115
925244
31123
958938
535680
261918
756836
765699
260110
494011
233381
18731
641952
82851
769244
530520
286185
158563
547135
831728
896342
629765
852327
855632
242857
350652
773277
253164
287898
194856
571223
199820
721497
769702
242899
659243
156096
395956
216983
723417
784613
704988
966342
297987
335515
842626
759864
479114
953378
210258
983543
526900
95480
637233
196628
984710
824553
835403
624256
755787
692705
148219
65541
444014
619541
361845
818841
131511
442245
294353
595424
88912
527160
159625
394708
469026
538410
271228
775868
734890
32201
108614
191177
996443
139212
621461
604284
518969
490779
376066
668132
223029
27376
817166
72452
697693
279236
919752
18683
759629
780901
265595
35561
639054
530649
542753
521797
580619
310533
562294
968606
772407
53507
647084
69466
528780
880766
375680
75938
696717
731825
433526
808416
437704
529378
142529
455991
946251
313076
802845
236052
681529
941934
618231
835277
275418
18727
29616
537502
664020
172882
3012
128183
330768
918538
710888
248537
497432
205796
124847
944810
713985
137724
131869
281411
440189
840622
833741
923955
337488
640502
32568
691652
454672
490502
49903
281636
795016
707188
541354
796729
687579
386550
176508
544216
717360
105001
595362
163844
562730
906034
749667
197258
217191
538689
278564
720852
604037
204077
584006
736532
778150
142994
120146
846178
181987
402950
729424
408624
590042
191299
670604
88020
312011
737476
311123
702349
901298
375719
540673
905188
815247
771882
667278
362924
527343
305346
2025
955173
894708
271228
284556
345751
965556
776503
758924
611631
535350
545237
841866
104728
151685
2351
831748
921090
607963
361775
214517
854868
220775
206348
366971
993933
384591
700680
673952
721615
144180
130582
112519
460381
757885
517283
997048
320067
147758
795972
310848
91815
226003
623978
509952
654218
308094
644953
998953
481197
915481
382015
803019
279804
806170
488164
376685
1514
157629
594466
2358
873333
120409
941643
640492
533877
424037
20739
524307
60910
420479
700762
330862
291116
968446
848211
531636
592894
556494
666738
183371
617290
418297
969965
57080
274149
628957
602735
332817
700288
477800
809604
391689
556083
811219
968517
691380
474020
834385
902565
983734
861516
779676
241993
831002
755349
588539
168732
640855
373688
707429
758653
427528
615585
76827
217386
87228
969610
378951
289937
943691
649892
283206
631577
159768
452914
799279
257030
693660
401951
215303
460677
511376
433012
844951
333304
181990
287514
514127
196413
254364
126310
892740
882067
821959
767546
116507
100660
289133
181862
542526
581612
245269
250719
946216
492922
205218
200310
2631
766930
664639
808692
523912
433204
593232
410382
773025
418793
620639
795039
693132
303841
890625
363590
536004
429307
365145
99781
17760
828287
117239
360847
693914
749295
445361
7307
957090
327485
183794
314496
432089
250707
312755
55555
116226
237000
96015
144051
681843
849931
597821
262539
412099
345902
408645
169232
178788
731297
672274
456003
895220
898228
676215
682928
398090
45736
682167
759548
844046
847070
215562
128308
953207
167489
152871
382879
156754
239674
931443
768628
949636
717634
994056
965726
224355
797422
111452
867949
373795
940308
377752
168648
12519
630860
487718
678539
755565
414866
703753
452192
661117
726383
329237
698863
605522
467375
312270
106295
773419
457268
457923
54922
692457
668278
100674
889810
771539
232903
849250
533472
351074
122499
994788
917948
701631
16569
801599
974045
239462
818452
650254
974
851311
831937
346927
171608
44674
631760
768099
824255
921015
150644
148617
160890
306799
197029
457857
561192
239479
570496
950280
256279
245461
643179
784193
534886
254759
126354
275129
645203
316499
49218
297416
782315
831257
227139
552315
2868
953232
993797
920487
617089
861913
470438
185072
130469
164899
776006
555952
539267
108998
22586
157730
365364
19069
313332
687399
492083
284366
263098
454
162277
635866
245811
751306
349583
717110
996322
464061
785210
702077
482379
806291
838781
996243
25740
437276
577587
801565
83159
185362
80203
653165
193441
743955
138741
117325
343936
77968
15566
218712
932885
6829
607856
456848
702843
709346
949411
784871
834448
10455
729646
894436
834767
692503
321356
236372
527078
450019
64493
228493
647230
991841
119251
489709
940451
834382
596552
669500
624038
460367
894441
887161
717578
464812
778667
778921
150865
200047
871756
286721
493402
979593
417045
766078
725296
233731
677779
139887
563465
608176
770998
285492
213978
18689
994579
129466
743895
654130
461491
262716
74778
938313
372831
449392
455197
541517
550626
966431
500998
293618
833095
846773
672452
893754
368718
618761
199328
915536
488564
63373
757591
791933
660965
951491
935569
752801
568746
732251
259758
548249
45545
200876
915923
993063
68496
460063
24572
608677
280792
616715
538053
456774
422640
444687
43326
994109
773373
851394
127391
669393
306463
862739
431107
866770
986667
154305
217608
597635
839773
885965
6725
612510
781728
600253
861439
512407
435842
673006
197798
169694
371432
837774
61162
760652
482254
198708
488594
405570
461085
250287
109821
19750
782131
159484
131607
794454
529473
857416
552433
963754
352804
552088
648058
557676
907512
783106
851970
472425
826410
391838
31584
375622
678121
831990
746491
299065
728459
741862
160924
757559
94939
798103
88630
324202
874869
749634
697665
617683
198342
121657
347292
736958
305688
83470
787816
198866
9501
268544
818541
127572
222025
541615
806433
448708
424186
777140
701565
554562
16179
648420
478757
927597
984914
328925
372291
530147
777405
728958
749960
479679
800053
489048
739321
194462
695733
791679
481084
176736
53291
463930
21556
356405
59749
434239
492444
954800
557476
642055
91513
424943
86135
987883
405207
759129
966612
803681
82953
885614
114014
916559
421589
206959
458009
413926
373242
787584
392262
443964
498734
840314
86629
926010
956048
581004
471885
378441
505242
16891
1763
704681
774025
323584
76632
50044
130283
388390
732411
804611
331026
466658
120744
885990
190146
9030
693123
180487
269309
510600
595958
645475
289388
421883
684284
979936
771330
800203
661376
680450
482144
785915
552514
360812
66529
297676
481987
276677
867106
470028
896704
688526
393216
117726
917220
639420
299419
853982
589292
335573
382917
625578
149296
223624
952302
235752
386708
430420
344334
209120
58941
841995
24514
959284
215107
868532
97790
832034
80578
243905
555023
121538
388132
613140
902839
88133
238571
907877
586655
263841
89780
767382
823274
392477
44972
776127
593718
800367
8416
694968
379629
920068
647954
631354
604432
304629
666445
591992
516995
578898
756795
270962
265730
784833
204502
939533
75263
659170
946852
199441
726164
508875
334356
121799
681377
315254
963170
700314
99167
534440
714204
641920
678452
804783
103937
483206
188592
342269
733581
459823
993403
220971
783655
762918
485072
154045
815872
275706
737443
372200
58276
767949
841632
452633
148935
589799
932246
545586
550578
786470
61165
989034
283915
454290
203261
309113
311866
929687
242382
938936
819778
913410
316396
442605
153345
3991
412399
32615
103394
827405
935606
589078
832351
931044
330276
995500
299770
460231
333424
541345
440472
75377
35379
4354
181111
915456
46940
810668
861071
885047
468407
667407
551025
132492
46963
618505
790589
396417
362708
35080
378579
154139
771084
165132
988628
317508
498780
815381
448429
498729
778316
486648
912798
290179
892227
465935
913419
106608
97591
379169
52977
689056
737367
101413
598330
573037
564747
262496
24824
40391
8090
19896
102900
261974
266235
405837
374126
591745
118773
339212
959911
21159
308348
841228
397519
464436
653386
162559
827934
453614
957656
114360
883131
418381
149193
982733
497309
305946
968572
782110
168985
566099
55173
544605
585044
397861
846005
581121
322248
157725
748485
269156
452416
101369
513822
915373
497845
380216
257872
69883
97171
783352
179459
307465
897257
245740
575574
209445
195515
401591
590618
604687
990547
863967
341686
623170
432093
999076
297896
806016
958675
893397
281080
906012
27865
232771
174250
85749
313448
167261
513419
486636
600637
623540
848285
567037
230097
72481
413583
527000
591229
270224
543288
608841
705664
489105
670494
227832
168934
826472
669734
699463
390260
319073
931810
975347
765223
857466
572091
191847
782697
690617
109657
350104
677852
146767
599413
383925
401477
163688
500937
268420
948666
912596
813336
591340
241060
797971
864645
557733
450305
222311
235455
889630
27635
412207
236289
609366
92174
230534
87954
85798
201704
374425
446988
906607
411451
31419
284336
982616
205438
17564
643361
848502
14757
162773
535173
458614
798951
585571
542094
819856
843906
137245
951275
559432
225688
466546
580963
396471
297435
337747
79137
537654
916103
268216
238829
524506
461385
529464
856805
568116
593827
600828
112192
413518
214389
125051
560120
982675
484834
889484
890439
68374
813148
922221
616215
423458
984084
645043
532720
362166
814883
691713
47474
162809
584809
618967
881786
745874
502415
107009
723591
272123
464932
366982
950476
633890
668970
855688
382958
283977
664708
341313
81291
540407
716281
139010
165137
412978
226480
260338
369824
38099
436070
680280
652522
703524
319435
382937
261240
90196
843652
992937
315671
763075
335336
829705
42157
699505
373092
619545
369130
374683
322967
402571
564938
253586
662691
618272
394654
66234
558585
431320
167147
368500
126320
215428
72285
286340
98917
860749
808598
345139
316396
479572
130681
409592
769522
520258
284184
7105
166714
141347
809324
902947
998846
910777
777445
180564
752541
695762
39337
396749
221077
640702
197700
539658
579704
886360
278987
269339
800175
483691
686293
506119
937507
576945
382552
388866
296610
748628
415675
258726
351752
351113
883691
48108
765094
771947
540733
823092
934943
321692
633573
990798
389221
280735
355640
906731
870493
544323
574032
881930
562730
235211
110933
457875
642523
392554
484447
14809
157643
784863
90794
828726
836314
365896
108361
674022
101365
349141
307088
803351
140121
154765
638486
21746
893784
17116
46960
125844
956747
898319
213137
554262
62597
956680
55680
131948
79694
603969
394486
814156
379634
145394
507611
908531
568362
14395
96556
352030
858259
850882
599310
785955
203726
566574
559667
325776
399637
453819
765815
973543
321298
984282
294862
885126
65463
162847
221318
245968
353530
850529
471814
347363
497888
132082
968641
123847
198412
781923
195861
742008
817572
256344
932922
736112
263073
335436
866660
477448
751329
559992
84583
947843
29545
525452
37869
414700
371945
766974
934833
385920
732668
388723
86612
281626
201376
642404
282456
154854
720852
83884
389253
817797
916500
88056
136392
9013
210059
636350
810656
332510
313771
785262
997019
49956
878065
209988
781724
228607
654274
653232
77192
99999
849655
478267
724242
4111
309702
484061
83289
332317
554227
528320
594057
515761
610800
432002
308050
94255
979048
144608
291653
78974
455175
986944
788236
655731
572882
841933
859282
675105
593398
753146
492214
986915
554494
261453
428200
787437
55049
688088
639579
763126
265928
849819
677144
290405
502442
159422
308293
792410
326071
119910
911401
458202
20529
81050
552078
158583
21493
342232
811979
654044
751680
356997
778696
925880
301333
286463
11119
27565
887238
158609
922791
845353
685498
722324
551202
604415
124306
939334
412102
470654
459049
912941
834158
479861
220896
691991
42327
690594
347842
465467
718935
932959
727764
556465
943912
957545
322831
179064
496593
472010
156043
478469
374124
86664
809160
112007
519427
373658
129465
568063
163099
733979
62841
840855
656613
219901
692673
446109
910173
704198
505646
480304
539393
447094
200572
229805
301847
856594
772086
435482
350455
977576
593106
516687
873603
909643
580255
413213
408647
387649
295801
673695
327782
689451
984622
861864
886324
356602
862488
730413
427997
560084
50895
457474
986232
475747
945523
357222
937388
87533
802920
31774
68416
975571
494976
997984
824266
245158
420910
452755
318624
78417
607140
546155
732642
209375
481725
907581
475941
790318
283950
224539
977236
490823
565974
950501
470385
242511
815859
41946
911449
92792
205830
297311
732169
685258
750971
126565
665644
507904
907578
930651
563384
267950
748385
471839
117857
705703
83736
595695
606419
509344
793729
471755
1994
621633
570523
878970
20700
195761
121402
357323
788569
765783
588069
303417
204658
575845
851497
217810
987940
195842
745447
543291
392588
222107
495039
506722
328512
803035
410643
28901
291678
50383
19739
159022
794472
998589
78079
441456
443429
231131
141397
529451
461672
632169
275650
935301
620687
450152
234457
276426
645135
857246
965966
81486
713764
842695
505152
135761
732815
885165
763857
805671
130165
26812
505235
240880
183011
225665
176680
181485
645430
468693
93949
26220
787718
628862
63804
871494
976540
587083
654595
950971
465866
825154
705772
951445
678197
588479
917157
961921
629851
720839
911550
219588
415378
184756
379898
811545
606150
645723
852663
254288
911565
320681
838900
592453
2333
17215
938963
227709
712841
299986
51539
356690
802925
792043
75297
251033
511988
76158
257881
298951
101873
268022
935813
918637
882107
806292
287349
741636
617992
93760
407218
444348
746310
464509
12456
960611
960597
523907
880724
385289
926863
24059
83469
336366
801641
247595
380365
659873
491863
306384
670959
891069
484126
38390
576491
34692
167048
648645
126238
220592
879580
89693
271616
151851
561403
230556
331752
434880
704785
54402
522897
862260
866414
373666
699014
209896
795148
43434
770599
764669
306659
502536
482474
674901
835405
745778
224607
592670
862542
953000
821847
948436
161878
256375
844930
738259
574042
509541
185949
803200
72487
22937
778494
313905
619011
432454
519866
481252
373718
29964
280956
208465
708472
61040
481879
246083
768682
724434
780857
498528
605568
851079
850065
956479
870161
631995
295136
473087
944274
369205
361116
861522
993719
544255
254426
258667
593838
248188
674441
204269
323717
684286
90460
11017
922090
411632
588809
126185
192364
690067
506016
246219
339281
525128
915428
910263
373826
125651
364450
580348
286650
493165
331401
687465
709665
80458
169613
666342
305163
217106
699169
907256
418461
564020
963576
471416
259225
337323
191137
902300
333740
76513
846365
361614
182051
137309
484586
306537
386060
27638
803725
956189
881221
531355
167545
230387
932664
605029
385223
494982
486519
300695
903223
145534
650852
579598
440988
165353
153664
625360
726026
319855
741235
405617
196883
308599
571351
730158
6727
156876
493321
188893
171831
292889
596608
588400
549233
990224
566044
443859
701502
589812
633626
94157
211337
355401
713064
204974
471784
800341
433306
470956
902708
595825
680475
904747
717129
129110
122148
91951
287248
402829
408395
436795
193787
56060
198592
497415
279972
593110
287750
957535
801699
927362
203933
611962
197773
95129
697815
127339
320105
663977
140162
412314
475494
861996
583697
860873
460042
534264
275882
469256
957893
18863
148042
320737
70270
127678
996939
59667
666223
749771
595222
445453
810032
956273
332130
419395
147739
882807
935738
45624
774730
331313
744533
378488
354488
195924
70765
702859
18662
566772
766517
765836
1160
195042
828984
75346
273196
435977
769874
692613
90653
454483
117798
70111
74372
392106
437995
196453
600351
1618
698606
65260
537317
566612
466567
248711
687361
132192
97920
432424
353748
989424
130614
468242
378220
859667
439420
546613
627158
266595
890545
533795
662672
632893
167557
330968
319518
535484
476973
100044
552686
51076
148535
655578
517435
643134
828734
478103
917510
184298
201595
428851
502231
261850
935026
18153
678976
212477
986048
859549
81144
115708
503906
689031
331813
5006
330665
457929
190178
845939
995244
381757
217037
458705
205635
542807
633195
555744
88478
20497
311022
827200
167576
332163
354765
951767
44784
634204
543896
970328
311821
743702
319127
566243
69566
636282
20633
517293
147848
997513
287903
938102
623348
165649
98492
963398
873308
415615
981814
812975
932542
248131
840196
614430
592291
689579
116220
557778
68797
791592
70094
980347
69668
18771
489369
673778
64089
135102
915067
915944
359806
271272
337884
676592
137480
674411
65331
459665
958742
855584
336259
70143
987937
553454
762431
292720
224339
250479
525440
818639
442679
275406
216410
797227
120895
168022
214778
725102
647682
967016
737523
889585
397786
634743
93705
947494
543874
368491
756622
680029
615801
3219
429435
156831
291528
899288
929079
959748
506069
860430
368909
427901
320495
81601
899705
633858
369930
443246
240884
38186
400263
365278
819548
287242
768538
253423
461763
830655
516530
572417
286926
248856
770292
457764
928635
631380
989925
309558
990129
807804
376421
153181
366284
305945
51754
742593
266662
67518
365523
729825
254658
484191
26485
770369
567739
266848
507256
332222
847238
560844
919409
379459
415329
477956
886485
809018
90872
780439
448762
353496
566745
341903
660621
295612
560909
974355
140510
116363
669646
283594
330502
163025
743763
136951
93811
83901
288605
499682
715414
231916
984513
322402
488561
260192
937331
624960
507931
396514
375998
942853
661943
102331
868408
908083
92394
781497
331901
945230
327101
82487
969887
816270
675287
726193
727515
271576
747780
205872
58737
255301
356330
489512
539046
579074
340550
619012
749542
581845
544836
585136
167963
549116
39059
357831
899061
645185
603000
228958
665309
80991
361258
328698
8672
676114
797460
361017
654624
698829
587642
665204
30565
783581
294019
674567
943166
711348
653493
742875
730072
491777
343715
788782
892822
594927
891981
367830
608078
413077
488369
203306
944835
953387
938364
313491
570513
356553
440925
846418
50553
48249
746833
625351
841711
133397
871251
762786
641138
760674
35416
57923
948924
523677
748725
346741
786551
561576
866369
241662
926335
292874
940251
191775
385826
486321
108544
121693
99294
886702
894412
810908
184149
269633
940976
141276
605910
682074
278066
912021
373488
241233
855208
282570
789635
989458
893513
966104
912200
858364
247467
442544
216292
296130
734576
294058
245569
660047
223674
165750
105879
174210
420777
576586
158431
275855
117519
416576
114105
314210
76141
556141
81967
602470
239509
103627
660850
272391
707276
953494
650575
957713
177612
598191
502893
488235
118058
994372
492447
617575
990409
964849
786992
572461
164717
667337
298514
884571
575511
524148
859023
344417
226963
836581
675724
499459
923563
217876
20245
690790
16916
292403
946331
483010
835987
852267
50076
978362
890306
456516
979575
400499
410340
398452
877220
227932
763164
357934
390754
787920
7871
242352
549848
441895
464642
115346
145767
898605
901172
747359
752142
438501
820476
457754
570762
194320
914270
959177
807939
574626
444768
546272
36431
733607
987359
471251
254985
270683
943
65230
694421
640188
297245
871745
347313
617989
498937
705067
662214
246991
403769
920661
281774
567326
1404
902016
467032
215743
509857
664088
519943
510540
589371
345134
225593
144268
234965
872937
137863
508027
578420
763366
417007
287818
454612
673060
802872
739936
101162
330813
276269
862544
888669
437059
255752
563428
132304
642495
385729
408951
731910
510309
419472
604281
157434
577253
528717
414848
229024
524366
525342
295954
966286
755764
885953
84807
332107
368086
981755
347569
624520
904737
460411
452547
926292
734573
444600
206382
554291
898110
923222
761931
923943
572445
471700
901772
486548
553098
930863
23566
321766
645424
320710
733151
502939
409795
19422
981117
860069
499772
394857
583811
406078
859210
321337
504986
928426
520054
277205
835396
518934
538160
142936
988776
852169
314284
356715
739131
358098
551580
479755
475385
175244
209312
700428
719875
154933
929926
513858
118211
287784
670828
98289
857553
129268
324
156172
237392
15223
311887
755292
388277
717830
562610
237649
622611
761497
251219
166290
80867
572177
961406
954053
30203
135442
751049
385599
261489
741181
690546
168345
51000
454095
629904
652276
240639
36279
795771
731674
854253
34254
835547
145064
253857
582179
580342
527669
401956
142111
443291
898707
709998
131702
30795
97426
470823
482252
42174
427836
613339
533089
900855
151804
97875
335219
656504
176700
194016
668677
973202
706950
195914
14862
151540
910428
828776
754356
483684
756341
459953
264386
403343
214802
696076
505395
383308
312447
822141
772908
883272
730673
812570
503571
573134
925448
509037
234763
624187
897549
53649
79889
583744
866807
799112
116818
167489
964427
234128
919074
44197
194360
285112
908054
719265
82303
577745
509319
373260
828987
514779
867921
912167
709706
898118
425407
480061
675014
635372
73996
638501
175909
435585
234861
890166
185956
375726
695792
504845
234246
241158
215649
863370
98291
502257
738150
545545
509928
561126
233779
284507
819935
150359
73603
706739
691029
566116
471584
533473
680590
222886
153089
789996
773046
400864
897583
243757
268969
890507
207821
308423
158099
859479
558741
525422
299468
87177
616410
248534
185523
8425
833492
839930
879604
124987
436373
824080
262592
132948
384739
603310
477123
840869
185513
160343
806959
938446
37779
783855
712238
997439
31874
779203
74606
658079
247561
878442
122781
478775
196985
618665
780625
946145
592443
724916
267440
340273
685556
673182
797656
156454
784137
778589
679588
853191
908968
350818
647000
943691
997897
922695
45326
131010
700277
693348
60695
239361
278359
111288
34076
923423
725910
663413
832211
350068
530364
986145
660459
290829
453901
315213
88191
738664
715383
237338
202407
541181
68595
519025
324677
809567
990980
986943
673933
564248
785630
694802
867307
192443
610966
298308
607909
40773
673642
813936
258069
339189
577249
217211
942666
960772
511461
724044
313787
428352
873346
807090
165568
112810
741054
10626
699538
669341
501041
719506
282646
383113
963924
161032
167426
835566
105819
297122
548776
673821
800390
983144
538966
86358
64846
805591
233090
38588
529043
217736
642824
379963
626137
725439
847789
11120
159154
333459
171340
320202
692215
688576
905611
2407
352275
235996
858948
306151
549160
276566
763039
11807
784913
123629
172511
827064
217507
131549
138941
73360
32740
846331
206566
278210
63308
449655
693424
939000
209994
272018
261248
838319
317742
885100
936018
474643
933922
828239
557936
494876
910499
151751
606276
197594
22669
951661
270466
886603
793613
976948
436499
286610
536496
952122
614275
312315
339392
218447
764075
439297
246281
339907
495541
25670
139632
582282
611044
874089
644489
898447
700439
11868
795517
160000
185496
89461
113458
591549
766681
712260
900280
606619
610699
750185
127348
846451
253753
542528
40164
966567
949464
329863
373064
21895
300195
104815
106697
773380
117501
482681
602902
836389
984163
449448
293313
229971
514138
462810
93320
952896
683919
160560
403144
960188
800640
309158
142055
312049
612977
354932
10115
283672
67276
102546
775559
769408
362661
722065
274787
452320
320293
322574
804620
179371
974765
310699
391412
794
336227
519955
231647
4318
519934
859631
910147
711967
613179
699463
345014
590087
497859
341925
991676
620972
400487
943267
951193
290427
646260
25735
213996
639821
262085
768249
109405
491888
820302
482204
714228
536223
21659
295027
430056
710912
388872
339607
125727
413532
311166
552112
940532
182002
837082
319296
859585
497394
854173
802202
722333
480834
692788
310196
719768
362872
749001
303711
302356
372228
643475
684819
637749
622170
716149
120662
366042
862459
613256
204766
919835
697277
758543
306456
914344
951356
438537
4401
931154
356893
830627
133895
225153
78865
616035
955081
473327
628149
943885
967385
785393
410952
786130
472852
444852
467995
101718
827904
52573
864037
200382
955017
559634
511007
697104
963238
51443
304380
223000
662042
912413
845624
795286
39201
803875
616849
812468
618995
758036
271675
787188
905867
983608
441378
21173
554327
184623
369129
613693
54680
930954
486625
508667
825278
468021
635179
266612
477680
433656
89027
910170
916980
910993
5578
355480
12489
265186
463362
637581
909954
845796
122023
275085
685184
171091
459608
464582
874911
368265
807266
141135
623945
832019
886558
959819
727408
935722
183213
853344
881562
340132
569009
883353
931366
12882
410654
49310
328115
378763
799750
360487
619552
583776
799355
146939
334067
3627
22137
522631
530967
215155
744285
143680
202612
48133
944863
804699
273775
440291
819866
195934
45695
75470
113454
457914
455607
166814
350076
247635
455299
720111
95159
692431
530479
613833
306855
397303
775847
900015
336969
868424
963812
711204
603410
369669
258188
960766
711950
172083
784035
810181
652524
224895
700826
896487
143764
152819
670411
334850
609538
9838
125087
34487
902739
659478
143002
244915
663241
63841
52711
136661
173800
963252
365837
192860
523857
815151
170136
252674
524115
157378
397697
272681
10761
822290
570263
991274
565971
106864
879996
998502
527
599960
49424
665763
963206
667660
447657
180719
212724
536204
437283
3962
656267
229340
778169
471958
361115
20376
262657
626121
533891
123114
547666
450306
585090
910145
290791
738877
252200
766166
248662
729035
147312
826462
768917
601605
93357
552829
927892
399371
26306
846088
164725
724626
25660
326247
786712
795140
305326
526404
108778
334762
207332
165991
279616
888104
716922
894018
146980
336156
962108
376894
713452
519433
138328
88470
243637
546172
500012
175993
272368
14275
560387
467243
613783
216159
220453
644251
770454
874316
406396
968715
619660
986957
565701
912
71701
604580
594364
485569
257491
829856
411014
756535
801035
692232
308267
162320
808474
374268
870408
697142
188553
603022
736352
83487
858700
333682
332497
312513
948681
370480
696226
104081
132004
199978
332640
383099
835431
353532
276037
471913
488047
265571
946602
832024
605366
389224
777496
973237
222946
799970
137007
180574
616383
515996
894036
481034
802921
907984
661096
840084
620416
242317
914633
720615
632738
733446
451291
936707
605912
872138
893480
371876
782515
718575
760986
352390
427095
298310
413415
586164
572223
31289
329763
218927
436830
599376
914873
915585
564127
999026
230214
139377
829881
572490
470607
64354
209766
740819
538359
57282
140512
611638
5519
472582
69407
354072
883591
949348
119681
826181
669605
250398
186569
818441
671869
592307
591916
565920
921192
789141
658672
951759
710504
172439
45591
226895
526962
938372
327590
117572
438030
981475
134037
858811
261127
29259
613184
739058
637323
564992
873516
21568
521634
292795
608421
565001
659386
936545
125672
129826
856997
421866
520146
747620
5948
121316
954041
367460
980047
465279
433953
336476
494241
757664
530857
121897
233331
313296
140826
262996
355025
579524
563938
272701
709232
409777
266813
673183
959016
701165
374873
716809
242679
221025
251067
404133
729796
438523
723038
109665
724873
530657
181804
798204
38156
961827
120928
182637
291288
702682
632988
241003
949996
203993
157352
358624
539579
745021
228028
966762
966180
4427
245273
399131
434856
986070
258527
307575
969749
452775
321488
759210
42764
739942
76878
754932
17499
214369
263353
366021
302880
102489
113664
876014
289618
873484
213103
587454
591191
988014
928057
172339
992311
663612
612384
874067
931997
307357
230698
181948
165863
131695
675631
479520
202313
611949
237603
999533
381482
689679
773676
666263
775736
71183
854279
926992
48775
306848
43256
301738
737158
509108
134299
369853
876366
462184
450859
716214
826844
832109
808290
966409
490123
59128
897052
170538
813662
134057
145028
822307
245206
382494
517006
455416
372112
361589
282733
662615
738493
771645
861226
370706
447858
492861
591021
226258
938727
225710
559258
581084
490145
29148
969024
235955
290774
263365
431168
802409
874171
516368
552298
989244
984074
184700
710557
315352
140399
332788
665791
913852
509292
841068
462985
147131
891364
755914
798091
890465
188096
78433
131057
93859
696929
975458
693955
680927
162734
331030
422846
425416
609308
931977
75996
231753
755853
172142
359331
579681
879099
791510
612549
301417
556735
258773
905461
299063
39691
88766
531523
66711
536291
331517
725113
314441
769393
51900
477306
379406
755786
659631
343783
105917
55985
200867
268229
730101
182436
321834
777411
433362
235114
455621
483160
596203
83109
998614
448035
12048
346737
343232
289511
446337
924366
103472
379524
19137
881029
89089
224984
966401
385751
542429
324466
595241
281157
703317
520721
491901
940233
681099
482253
45102
822461
323575
360079
432018
201945
800472
766891
388100
288981
411651
732312
540940
235751
640656
787667
879711
424301
24654
488496
245267
528445
965057
481838
251350
654363
308127
971170
228547
534192
514935
960286
644841
951075
433846
131088
245578
112644
138754
862703
20027
177077
685783
65431
639957
200198
205385
874799
93865
784773
694065
299882
542463
876149
951057
804040
322770
63386
484812
267322
151226
193289
993257
491101
189827
177575
208249
398664
748435
283825
470614
880711
629060
704185
40719
249108
687905
405476
77153
904969
152068
29100
782244
379058
46170
602549
944112
172346
338463
657455
712362
869133
159590
917200
285906
968375
977231
249311
394712
981116
723572
498697
451172
574265
210264
232352
537396
204492
325298
629063
580615
723011
599109
449739
268753
56628
524567
880210
560337
534808
817595
863404
758961
927884
258130
441754
21139
405745
917817
74100
525300
472892
502677
868918
836025
997490
365588
620839
182923
265270
434489
660644
843398
805897
844806
538537
426546
880967
224838
88508
164120
771189
215657
772894
667298
373907
725130
460751
339388
464942
174021
113996
554716
809769
998903
737649
829549
553977
562623
648467
4332
979346
896759
638649
298131
345460
455426
73403
456319
201419
81158
615953
793202
687388
857901
931253
567100
978027
191421
481679
121314
946780
66782
670538
392545
863128
829812
746451
373928
631355
703005
756733
419291
347208
367476
469548
863058
185960
978956
598561
199229
826777
230177
360710
3513
313702
120925
264696
69473
330462
999781
567148
191258
580444
808181
788673
48762
886241
878022
925604
188134
543695
452650
928640
114949
874455
126608
981156
421847
605551
942832
459406
719176
233729
286356
406780
281159
197178
131606
124038
861917
155329
423878
838648
77698
788352
373350
586919
141541
265232
727329
789721
108594
779626
230276
119646
394138
53012
392573
166455
636543
163405
183953
540346
891912
632848
4813
535687
336038
868355
150408
995748
687864
64793
103723
962096
55556
659534
682037
411472
575674
476035
84500
266667
917455
325171
79234
207662
383904
29778
109878
174447
839070
122
58295
231688
941805
323599
220649
763951
497893
197554
102179
831180
897303
71882
264502
662759
592637
572769
670144
211727
694593
463056
969670
530777
827097
513259
432755
86752
381327
93544
508591
661627
205661
954313
211533
168840
142201
509018
34582
533582
190568
254334
200458
165797
908851
682
159955
659600
200495
377019
909256
741656
138192
16852
610599
704403
318824
131974
134787
821261
824709
746723
625568
203776
391778
385738
400495
925835
596635
889785
103887
350888
556763
182083
745439
267915
761603
619
652796
614639
650969
267265
515150
452964
61210
114993
95263
219829
503575
570269
721809
664344
382221
381894
887095
208228
183678
863041
126041
157101
168540
893155
391423
859767
957668
408552
380214
403871
903935
807276
462748
265270
88068
30098
401041
128927
712148
945205
412980
748484
555065
327494
763665
414900
262494
289697
826317
19175
385632
91262
644360
415122
341654
844137
760378
398787
757837
102433
100260
53512
571085
279867
483893
449845
812653
62494
202379
83015
323500
612131
69651
219883
137348
506125
253863
108004
470293
671515
45094
966282
869825
118085
22515
607328
851846
569599
50217
658212
573179
526168
814741
561028
284727
560936
986258
508664
70611
117252
368639
989232
925266
345012
760136
682025
732340
554089
364705
837442
747391
455951
236054
381647
233734
520218
328805
229134
976179
885925
774258
616313
872403
910116
426402
197709
554444
523946
497000
171018
182881
154236
602797
16036
133840
622520
935482
660927
338196
492686
102290
133
448782
691814
787100
321162
674910
629005
603867
508361
71948
235210
949569
654003
963283
925814
207367
526753
687899
891580
8665
22715
277336
186008
547085
959082
285551
471125
757791
737772
477273
923180
444134
548689
980281
29091
1954
943881
315135
720629
19288
413067
173633
698185
155786
619390
824550
958777
914587
720499
378078
446927
622521
683214
768206
950088
594354
136253
53308
429651
543316
337236
328209
714775
397289
654083
283726
797286
520237
125979
254943
498899
894867
366946
469373
881369
852316
25929
37878
43652
196953
756945
540064
929755
58297
986278
626376
818982
360815
671035
621032
47272
802696
203833
99712
113573
514556
414543
971947
197488
828521
557504
795189
269841
731852
665990
72921
678308
43523
492417
994418
347322
195177
262994
76457
431036
188812
578711
273200
792956
2396
873845
935799
265966
85333
661625
715830
26024
378986
159610
570356
928268
48155
13672
744229
271005
310219
68116
125933
936429
489071
734691
989421
288629
886408
761900
324222
28314
355186
863907
580994
78057
166881
235990
873662
71760
694738
140345
24805
382127
864211
542553
582875
756858
555852
885609
172358
180927
697671
541542
380430
937491
998616
463379
251580
55260
18873
121617
406143
147494
233860
614184
689685
940945
243140
651598
226205
995361
385055
48881
870570
67651
638289
565290
423914
554913
202498
277066
973231
397920
451308
398467
679257
495172
673858
11420
267608
39124
907531
262929
253478
244682
211974
201217
354304
413657
288078
869886
107241
630951
863669
858899
785464
183196
381574
11837
167016
899230
387113
718987
150984
812949
676550
574602
931505
458511
619356
479527
291330
429555
246324
584319
282166
149825
84832
935154
778148
533958
516399
907441
484989
406599
780796
584315
232764
842714
162702
997048
20346
938312
980378
893943
57311
975456
27974
877087
777447
138059
532801
110173
623742
258249
855402
792282
41656
765021
761941
862987
789617
492239
518978
762061
125631
895435
880258
480652
954056
27928
557920
566943
338154
363100
900426
966928
665325
797800
383132
991494
261860
23787
773714
619622
456630
826137
967517
82626
739232
947388
451232
797384
383777
806274
759762
751131
157298
915632
500070
158803
703557
419241
246318
306526
361238
243791
932938
852412
105941
429063
324435
554756
954505
88574
738563
227018
964182
798770
479832
358545
878917
369158
829380
513365
23230
641335
386384
893467
377388
53836
836123
213928
205847
650457
863027
487627
858556
602184
390684
881209
402402
786946
787024
125482
719224
971199
626630
16670
276918
349287
586627
833257
373978
479229
778325
39345
613648
82167
235825
243035
270277
798481
750686
527895
29165
326534
951492
540165
725563
31453
177258
708161
217104
336382
583067
225361
523107
298809
110702
235635
71908
279422
928057
690500
176298
546661
741764
626131
75910
908607
170558
69030
459046
654592
693270
689668
14031
639874
93104
969797
877951
229832
4045
432803
428370
838430
34978
200856
743312
772749
851985
493161
806225
234631
464645
992062
753078
768422
37882
300768
219585
524990
721598
906429
934490
213099
377149
188175
841827
712649
75959
712368
12739
56183
835015
349501
851711
753469
888744
738021
645553
87412
832288
224230
781328
848885
205477
967519
859350
739961
703704
987357
52515
327278
589661
374147
831599
678165
437530
493917
583650
14659
143289
947452
242103
169223
873015
586549
154294
653358
997663
471004
62901
417461
563900
490025
678780
505659
633786
267269
331067
164507
884145
609932
911143
825153
467481
25025
23381
416536
317642
451656
438612
949200
884193
191157
167295
733291
724643
317010
364870
905763
868603
257257
881754
600747
43181
246955
83098
365427
405283
419119
403611
365452
510213
547425
388685
212563
152473
644515
302245
463945
309065
158389
957185
232784
50169
307640
837775
416636
570495
304722
31426
355535
736657
768641
931073
865906
256200
919757
647043
407424
780709
822570
167626
308155
518237
693517
597828
954750
790608
84084
666596
193779
536963
922955
800351
915242
745707
627180
583790
488828
120132
127389
681116
29641
346562
775923
281073
15606
977046
920359
267378
574759
218261
563305
256988
481921
834617
694709
89048
859207
179195
229552
741724
23335
362103
624893
497016
23398
149785
913641
583717
236762
975842
238997
430418
633822
389931
13184
105210
293247
349398
817386
227137
873257
446560
971625
981679
17447
422012
983522
26516
470336
764819
648578
384184
574035
635926
269883
474922
744038
233700
866036
574245
772412
466192
251208
667660
685270
270831
20619
8948
799330
905043
22043
296289
886588
885001
43422
830801
922887
985278
211298
157391
964231
921828
518686
455102
16370
717184
910118
932017
965723
76475
55758
295004
977
520713
299797
87563
88501
528522
520014
540218
19087
895119
984874
258897
365500
503922
219261
646373
196379
217415
747502
518847
26374
430121
520834
890646
366091
448281
80903
292672
980860
758384
475537
947730
618227
147215
735120
490585
703565
905944
193727
620695
938120
35490
56849
72291
470551
897649
778824
143797
30616
951883
455090
310116
541192
420204
608677
216465
137073
89527
767825
128413
299564
407888
317998
411887
224255
67609
13623
791270
553925
120120
201815
515039
798451
860539
79055
482481
779156
716150
997466
79622
804455
570294
668943
327875
181969
155111
354105
38957
729727
893310
383448
627508
318388
336308
523344
956107
993855
96659
149393
363552
255188
489199
725767
402249
227286
756138
556458
514512
924268
53189
363999
191183
245910
622773
989961
483662
232070
831322
770734
11869
741359
177092
998256
846556
197035
169350
467326
602783
168801
858528
206369
460589
865238
148329
289005
339750
273431
575265
317303
583995
475063
961778
376571
28795
977743
725558
759734
138704
634769
331693
898956
885915
449169
578757
352585
925741
867979
63139
190809
242439
510866
550411
879177
370314
317764
59628
55748
825041
530638
341303
550158
733770
145976
319316
974999
113426
950219
766910
786467
104126
739677
457358
516398
185221
701169
906401
128876
756929
240346
108732
6919
149105
973874
525666
820756
629
477546
911782
7714
141771
603517
742472
709885
720239
604547
431165
456340
449510
18509
501658
463487
610527
47043
658177
406110
871923
876513
336101
136391
396788
886663
83930
876589
150029
876013
113951
517599
602249
166015
761695
255285
333953
371842
461841
765190
304891
114336
2330
726934
860836
119270
956797
640863
366700
317874
51624
151205
528666
851805
281089
74702
440612
297322
68890
252933
701784
497158
706038
445606
567117
906920
879028
522782
708540
244516
322831
135552
161625
778913
759692
692385
730291
124380
15885
290521
878380
349139
874909
235899
244567
806032
922691
618461
378357
471783
484324
717963
536616
530870
800321
992673
638208
977119
869605
359122
610707
863860
306262
389359
577161
102564
485676
758154
55276
140215
446320
434733
851383
407050
397339
127346
213952
161854
105169
314157
527547
366917
307056
751196
633464
586066
375520
405585
984168
933830
324028
585550
309682
293279
833188
519304
263149
244257
548791
320633
208964
575837
381352
31302
993651
836940
199638
233584
101962
875111
463922
858409
110211
657366
506476
189253
910255
469098
131855
866396
783209
897685
443887
390806
101793
988258
737827
427203
899407
745439
919862
746941
215482
645192
798
812481
265270
561654
179416
912406
431212
68195
269012
637273
872081
749279
579297
480495
873268
691064
269704
317940
344528
291552
92961
325675
200551
898985
10472
820275
958446
834718
795614
338145
158646
319742
54740
916499
14790
978518
697678
241019
520784
448372
702722
776815
400346
984127
386434
186912
584001
549547
999611
232886
356150
856963
862846
857804
359653
616682
889061
990999
657840
448135
121853
218770
462341
210794
695600
4493
453353
668699
906018
313995
301535
952786
578279
613462
899525
136189
499377
140495
277446
206516
966623
997780
815120
124890
850909
750206
330825
595729
600754
56582
883805
601703
728796
120275
503444
324717
938698
161007
408476
647054
777446
754818
839216
465610
537777
855049
758780
140469
234745
424841
445456
780494
673617
909607
697903
452438
606994
197699
227160
55787
306038
790053
109636
208109
727066
752940
474816
701475
546729
608872
785383
457726
396903
69001
604068
427830
305082
718458
312675
712189
454139
219105
763127
929038
617241
415007
33025
323766
517325
192741
785151
417928
206288
371865
779446
913540
315288
302156
534557
25712
227020
675175
640947
683402
601375
180542
685764
506492
617266
785507
31899
483919
588623
845142
714752
960995
124384
541150
315257
484506
975797
951102
836953
83652
159629
519827
564836
994970
418659
419069
374163
559998
986289
685493
824063
152919
42711
700877
975233
885426
549207
135102
595503
23713
46798
702773
949765
373697
525694
858235
247327
235438
171812
533737
159315
569695
365624
821956
864792
613918
677072
371883
560434
690980
136
935213
243289
797037
23798
733269
810063
597664
160182
78700
767416
566797
550013
412010
159473
636583
121897
808714
66758
517205
952168
260237
863544
330918
133310
273609
340381
940839
674820
777143
667980
509681
977214
182395
793105
263991
252545
202473
47765
722658
387209
915877
638048
24644
799710
194003
501358
120001
319454
360781
114440
423844
421009
795045
560543
821045
696540
120232
868041
783394
436411
302869
146854
180337
360033
516210
639162
196111
704697
352102
669793
261145
978046
612643
508451
936458
329619
548341
452333
160403
908421
616839
46555
534654
403504
182649
856232
469628
992320
28178
473002
859149
33633
582259
560355
715055
246150
246093
841412
807569
454071
640527
358339
121848
103691
514320
280341
379798
38052
392980
59661
624837
207975
535541
504868
215924
418761
105367
653274
604142
880087
809233
731205
709255
68900
314896
763734
159778
426015
470289
698730
676807
909363
836144
465412
503883
694045
792674
707128
391583
472672
759468
870446
379278
234788
935401
448133
309285
308176
343827
890020
988340
761057
734414
914954
643474
917342
665527
254113
222983
812449
62916
176318
667239
100772
740990
628710
143739
240433
496479
166538
85528
884363
348416
230600
100981
188221
227130
782008
684758
415132
47081
659334
419777
510769
298521
294325
778362
127423
484306
74243
541550
177902
279040
860984
339892
776763
711116
655671
507223
379343
593415
282286
664742
252494
680041
716257
192078
366702
279331
684276
122605
409588
66115
217297
922162
587297
695124
412066
157863
540895
432234
334101
719795
183963
743170
283601
162314
118081
189226
407514
860254
416784
340889
634622
80574
346695
306770
428325
413905
737915
956344
460545
386866
32654
858098
904094
718566
742752
285886
954206
936565
612297
518057
364344
350989
701404
63668
584385
925633
532531
505013
422495
658816
129612
390667
313815
457902
870618
372842
199587
257950
710731
868555
392964
393668
901523
950348
789620
749578
756490
283604
685734
871236
11107
364661
806622
523406
513936
186583
630288
731064
547266
722223
132387
80854
5997
911752
105840
148030
440849
970561
359631
226834
673289
571112
628190
315771
626227
78681
500448
403530
424076
108447
471071
158498
920778
455586
485138
749812
790594
279477
285110
513336
557065
910416
816965
670464
521276
569149
292094
674020
552965
249338
88511
569953
574494
347737
816777
836215
93897
22964
664706
765887
546241
85625
380761
344787
735701
113997
138721
844098
521423
680719
611905
858574
929100
505593
952483
213075
238415
494493
105193
816810
475994
12923
778505
274973
971686
897094
273409
625168
56279
941736
818908
862611
189640
929179
571035
911009
763662
984311
436659
818139
507515
70311
624585
678211
597188
555318
795157
344773
101533
621021
984964
538088
783312
99532
617330
532129
366820
455829
696494
816012
956037
889198
912743
948566
592087
534697
897628
681749
45428
467696
58316
634714
742497
354798
767875
744390
156637
58991
598959
870926
330124
67404
329732
523968
569514
812539
116387
144093
909061
132734
786184
624005
352371
601577
721520
771006
894159
199002
678204
758066
999018
814258
666960
110779
478538
855824
380406
672672
80703
826621
664561
8724
376354
326774
754102
70273
663448
605930
863674
246404
892060
55271
1399
741406
37003
279300
106531
855882
796054
461408
864903
225300
342587
655502
452629
574286
905396
717041
846963
298374
238966
223735
45971
570055
453665
187322
853269
388502
659662
35373
245122
5938
681542
967830
657336
120815
92939
633940
282395
513658
753675
745255
409821
403843
750072
345031
981527
955381
605900
613744
927152
367288
353470
172500
941725
684417
231781
365703
775783
968705
60248
243966
190043
860760
239194
57310
250288
178481
674706
900281
256613
442464
304783
223387
52297
793355
21401
222082
70731
32303
66511
252092
24284
33033
785960
852215
133978
664633
718713
871005
883637
804043
672145
721274
636274
351641
223097
74702
717496
146751
833564
74849
158628
32822
908228
590923
46215
325052
492099
463467
237392
621835
128038
93385
838041
749603
649539
890466
841970
418017
769303
113931
269046
673433
392054
891329
842402
658840
148888
909459
156628
788326
446509
185198
141320
745153
417781
823824
830353
983719
108991
315254
465567
400936
913358
108440
342399
803630
416617
639652
543358
116033
597760
892433
308396
549428
352806
581815
930188
690568
798447
808690
630856
319768
937961
534676
81699
212146
159899
482015
245826
691853
70775
467148
523366
483293
513072
457603
862497
122364
493056
254583
643868
149790
478927
461434
58381
609758
358097
930443
741962
52677
792565
152976
265844
658896
357772
308239
35040
857768
617831
479445
360107
231759
660627
37577
536434
312559
82276
913219
84293
447400
194631
934046
212519
948490
243114
546228
561235
567409
217296
649336
500281
209642
521985
981646
61766
6572
503590
333945
60094
514758
89348
74252
548458
836657
263136
916130
561378
545068
187017
491154
662455
687014
238616
785276
454298
226596
770398
635889
610549
460492
431710
428608
541814
39771
761499
803393
17502
594807
124230
356595
671124
990926
100864
500876
168794
242502
776661
540745
502810
232530
260142
315743
91283
118611
920906
732919
183532
765006
253042
611333
677997
173342
119641
217099
463202
833772
907834
274445
919695
230070
314270
358666
757639
680460
970542
966913
491550
588917
791159
354885
986390
9790
493939
570900
615446
211533
53201
799471
41584
688429
138632
743060
741148
218526
672525
678423
703282
562868
819482
975073
678233
386935
257716
229253
212774
930260
610893
462069
853685
485556
282119
752605
717378
653305
887639
918688
357018
142296
385849
743162
413235
993325
383161
328541
7292
232290
265704
720492
630500
155656
248615
157391
811605
643304
399571
35517
348903
258458
586383
500735
280538
376240
154029
606907
736431
592371
533521
249993
479075
908463
384178
412282
909152
233339
600679
236043
203680
461706
471383
874411
252869
364477
521793
904070
198792
543795
782999
875106
54014
123865
925112
743814
910473
909180
838804
275046
597535
65371
174073
621133
289456
86833
164882
725752
703794
848235
408437
37021
733287
922324
16598
771537
695290
101777
73883
196847
588475
311165
995803
228939
722686
470085
804169
791640
118111
238942
25448
964112
620174
291279
746430
56350
681251
735121
990863
925179
591795
651496
131494
172213
819329
591379
514922
647896
813529
657351
357071
427054
139649
677973
147938
949098
245985
368757
613656
872847
960663
890821
904941
632913
83322
702496
385922
390546
327432
139685
440386
84709
218607
512070
338132
753603
784079
271913
392966
515924
547921
377243
318840
905539
41758
920735
239193
249563
341384
595997
540330
297401
991495
530671
146377
167247
33304
992370
968759
886699
593284
962888
232926
250047
101999
266898
867064
233629
946584
331121
581970
316533
854868
425853
84365
125447
354560
499334
678673
953145
385125
482719
256869
622554
298001
3528
431871
353507
370441
994669
564599
49409
400393
120711
887589
942779
88261
997156
997592
95883
169243
379316
277333
698891
790004
268528
27345
398882
557057
431316
227927
942506
572868
218866
499952
782457
977427
783279
257502
752712
88620
564517
202537
361313
510302
32558
495523
406291
460633
10596
612554
755797
581667
980379
907863
587636
41472
224612
385021
86739
669571
137905
969733
458137
166773
651158
802887
987050
149660
756897
953304
466487
917849
683705
913834
60185
273037
902256
756333
574897
189187
585354
855583
277362
309805
84762
103497
454754
686286
509357
157018
317462
761569
877306
883268
945546
835466
949815
274574
812327
147606
53496
729347
514173
479148
376361
909113
144486
666907
544937
714193
850359
519565
132440
429684
536669
251797
567236
618611
509824
622648
635278
485641
741017
839652
166359
590459
658174
2557
827082
700159
447859
872188
167910
779656
234004
141990
548381
468012
63873
639607
367643
979645
949108
421265
651076
645339
599404
887160
946056
421058
681619
801085
956707
156110
82506
401040
803084
466890
348882
815251
107591
665816
561369
726332
577526
614459
299930
489356
376724
727379
316252
658394
732457
735620
346771
959048
838582
496730
358257
707426
59479
752113
305737
796054
831536
17814
177451
977308
373956
894182
698528
499364
961453
531383
318745
110766
449859
18372
132638
492921
398321
599087
962717
344743
339794
421783
861744
435343
732217
132824
90737
553404
123264
606474
310582
725858
845766
101973
641254
941005
273471
102756
980942
757340
642370
752395
742040
330159
291627
597293
56656
573597
840040
323596
403848
598569
959711
348360
350037
185237
902279
951145
676629
318200
156808
208473
688614
595045
977400
176047
254603
956865
793948
250582
845801
128775
712456
384028
871941
877058
428005
115957
306307
734070
778906
907061
798634
513441
666840
458449
86562
88627
553069
545633
947110
387576
412674
846799
350029
441841
539632
624088
873510
206149
491333
162657
807959
76026
994708
75952
691364
572780
879924
560519
546085
162580
698261
12668
831073
28944
562861
577658
26123
63783
30439
834043
889767
424625
126430
95598
335855
100697
421556
717131
884091
606281
970583
177145
341985
853018
817754
40750
715137
882272
595196
157363
114314
728491
183923
779504
55697
842731
936661
227655
602296
480372
919448
273370
717718
802975
571443
816045
206362
150481
170213
388718
7163
754574
184113
321923
72835
396358
540608
701587
22286
99459
80520
746448
250766
425128
118404
957665
989488
431844
973742
297435
212775
681201
419486
972923
577008
848718
94275
151607
460830
656767
183138
508411
337648
587318
910238
753492
923560
394678
56634
99561
731186
391235
292183
3462
820610
61843
896339
377603
733573
342912
826762
325941
165673
967417
555446
382761
407212
205902
960380
131361
671715
945337
556214
290550
28602
418728
22291
658795
333609
610395
60726
649718
285570
181770
936323
680031
108716
70845
380157
54148
741707
215680
713058
418814
728594
435161
275198
38179
843576
195242
296821
464078
529088
224557
501600
620141
347883
924230
124712
474653
768919
957495
763391
303940
790378
283586
632149
450595
726042
255388
936058
261538
590700
357813
507044
803366
85111
585750
724808
670392
844567
317159
16001
641930
905857
225191
762840
187262
339731
597998
181828
640910
858957
842724
580960
249627
522950
359497
888197
534426
520650
367134
404790
263861
218203
374955
809081
491189
181663
64990
626625
772321
385539
111472
831890
906993
766584
697655
167254
40579
394250
617398
502492
490900
151260
684207
116750
386873
508785
696658
976475
855274
219651
282081
237178
687432
457472
697728
919172
216484
521940
773532
686844
897632
583191
569618
248842
136367
457799
963848
30707
188927
930308
950520
529470
872663
799214
833287
330183
5580
244558
273620
542454
287286
574510
414833
398583
183259
284401
990974
698161
698490
946012
884142
153148
212983
112531
689718
915247
846907
933491
537765
314401
416596
419979
803156
853096
666370
196515
617780
459520
34202
928579
947054
444788
420165
84921
169318
900191
330556
634474
385902
665100
271473
589792
500662
391710
69866
551182
505895
1359
321615
205704
391711
657830
115977
626773
455375
783282
402757
567393
16035
174170
660306
334512
634769
466565
851179
412756
907445
374779
747068
771285
827953
96272
185664
759809
411861
915790
411873
803631
500365
859105
816980
215475
374071
546693
461807
218324
411405
175127
356808
957884
502681
274445
922595
294398
535253
253043
531845
684935
694688
130467
293535
141290
60751
534473
95214
507211
959830
331924
600986
456140
894618
326911
222154
647296
147981
989862
111090
634217
130663
529815
65644
591110
561826
900649
685589
204844
213747
111798
574214
56049
722632
229940
343166
217845
465766
802800
709710
306283
74149
104728
590939
411540
320029
142673
283100
282200
508135
584266
616872
735314
772812
288778
421533
557698
208106
202788
795148
306072
746361
450718
314655
909390
377269
921074
433902
916445
877552
266742
921331
601999
896527
288544
579153
91831
52709
773990
606914
861838
625775
255848
719054
159779
183774
160102
314831
67345
375743
723668
983939
29115
486561
137623
253754
744805
322939
983570
342101
858180
562430
9564
914425
278007
150781
484515
732056
271047
251499
867608
602984
113268
749807
861615
630471
223607
559346
77322
817764
543888
530710
579301
826472
236179
394006
512410
470881
875656
873945
673019
447958
886431
140748
913248
76618
760231
359145
359464
284345
68950
362954
565672
94081
597664
95359
339139
284861
29478
430183
566189
132759
131026
176908
158438
484456
232424
608958
322569
744678
466025
306007
23567
899856
851070
909748
817278
703527
184775
136750
365156
336271
746397
67667
999107
774360
627203
812312
750531
239785
345592
236581
767252
887329
791908
63085
192229
280817
855397
544817
60757
433356
894408
884595
961519
204827
337383
511180
173341
971118
419001
217803
281160
204901
307283
48547
112667
241193
236192
924536
360321
903266
473254
270285
373920
768069
247949
766068
199263
27823
816103
763564
171703
168565
533861
49259
733759
657078
182978
554995
835016
894094
332775
113111
483897
490429
118973
304426
218856
926434
85569
434551
460384
726977
928747
309082
48395
101317
900260
928305
176766
327352
242841
24239
248208
697699
16320
264096
552064
868121
114828
410051
309601
938550
758786
870261
29557
681706
861133
396071
616754
81436
343983
945695
296733
994355
158452
651677
152385
518921
368522
359843
833864
644562
657113
925327
103738
954367
215541
178768
830376
526754
244485
292123
904456
658808
795923
88148
788818
761311
95703
131614
882343
38516
648481
87986
392011
187429
670090
827831
398528
122063
9951
503177
559503
353929
997268
523134
959159
607150
110747
362670
422679
670795
253826
419283
446796
932209
88371
293975
98463
43038
785164
555442
285434
246277
180751
828946
293334
179774
548918
900814
113500
356667
43783
117477
275240
823647
751979
242980
740109
742372
273674
377102
671275
716034
985705
477881
859957
976230
49826
304842
733717
949351
242628
841045
777343
235188
214644
23743
895414
445166
560125
742543
115522
225330
864007
306305
623214
384025
177496
998645
933920
862240
552856
640722
263667
808464
24164
240799
864594
937268
233150
52557
364019
75201
105746
297304
626857
832510
378329
783822
136603
771725
513169
543503
177211
515126
164344
314518
821916
186945
100576
916396
152985
180479
780299
277347
929099
41639
361125
474744
129172
402685
865225
777559
962340
491875
588466
241603
638658
931377
637792
191053
163966
690802
217401
269126
903885
3390
225192
326832
739135
762606
906601
941350
377414
860327
981699
969084
220637
508728
641754
346222
191851
946724
623669
583917
92084
507460
809733
262613
934722
53887
401507
679162
829689
432219
594111
551734
861537
729161
891053
614358
985864
883381
662249
802983
326496
567383
11933
940525
875387
162779
459982
519372
321923
166603
358575
262952
138170
641199
815132
150340
711058
827790
474560
405822
921181
538381
888472
896172
896591
496759
969588
751749
559674
899042
683448
229620
632291
361107
693746
470086
375698
638609
825995
922770
987241
566721
780051
523416
521565
837119
762375
704405
987378
402063
61560
888817
777191
412884
901627
966830
982444
888358
623376
695843
379386
590738
705971
343935
551094
44647
847321
269050
335060
746519
405639
144812
864415
871557
660668
303561
39
559162
97911
65505
714550
316028
22085
677969
113615
625656
396796
502860
802663
428024
12986
235898
368973
579478
996578
961234
226898
203604
719740
475841
190397
692171
713974
610578
454161
585803
58702
57419
58735
98324
11408
576488
12158
741221
639587
332484
226206
757132
725884
895373
885249
653637
702525
664796
703177
80648
814303
943372
90535
458423
793089
987601
857226
280350
842968
162172
779564
150783
379934
346586
94755
154859
530170
375932
470657
805470
195925
837121
217732
342792
715222
634751
777580
872976
506929
339859
148027
227177
252025
142043
640030
468762
187900
276315
889091
920606
402341
227629
734867
148665
996715
2662
332829
26681
926660
960421
40100
12928
721430
704488
356690
275653
975161
483524
171507
930742
645512
492000
607749
411610
872841
583652
381923
839050
83571
464352
541254
210579
403521
901372
902307
586098
935413
731637
330642
122603
732536
569913
952087
479336
265694
645643
23263
953452
249662
953397
436032
382038
390763
630064
94859
674668
871730
957950
36544
53840
181435
957892
214
715167
578367
222349
181096
295211
785966
194794
584405
603033
46356
94296
738437
757674
600853
674471
408316
18601
766363
262624
405589
428113
121452
21642
815290
941359
555372
349369
987270
462880
836098
127573
467091
612441
818791
392944
632575
271928
504894
27249
370690
113821
289350
177032
676404
102395
784239
959866
829531
812531
551642
985100
125026
26461
928513
217552
9374
679539
538020
58080
699135
41878
671042
941563
279094
788631
547602
988760
646393
232667
474634
712454
228448
928277
596902
287681
844876
170590
222417
674862
622864
400080
474396
310312
115915
542950
46751
521003
53325
536264
663876
112176
61172
915796
830688
656877
327443
317208
27414
666310
985500
613279
243375
696025
121799
511436
158334
913085
6236
216259
232850
754318
77540
569584
422861
95584
260629
391480
660481
737794
802636
72718
64917
21599
525466
136544
526764
166456
842533
839068
8252
491007
811579
947048
430258
940032
576162
350450
233277
630810
404951
885374
641985
797697
643818
605234
215253
772998
225167
682880
692414
728367
979068
983769
914805
185067
729586
48529
669006
778823
184279
242577
768730
272564
663654
565760
870274
30337
921301
53220
776411
523463
133035
211829
504124
316807
422380
146742
74776
246200
743025
941014
149650
661801
143438
800417
240598
762307
114631
362729
819024
651082
116310
548490
574867
556233
13469
82066
946524
868071
972559
198531
629255
415153
444629
491722
877796
412377
544423
988648
791406
899769
61467
309339
990953
505096
26889
721502
282707
355601
55167
672415
716962
119342
571875
863765
209576
488843
313919
589083
161872
961872
729218
631454
85066
392952
834936
988993
479704
643524
494082
374546
30998
113853
572964
477070
907240
10793
89107
606850
793274
96124
749043
542748
29193
519847
47655
238944
369881
904215
48174
272660
238634
172364
277402
302497
125361
450206
169739
215152
846082
137487
371151
22422
332756
902349
682080
216263
542643
235474
878643
244295
697565
305361
421543
346467
758011
84876
766952
479502
569444
716859
174132
809104
94512
559665
231269
681006
57883
644238
25698
908575
238667
340321
19882
286755
984486
934852
381134
729570
275471
692936
145716
47462
175125
116364
192820
622126
71069
76475
17195
964683
346859
476346
100398
415958
41710
339900
166230
630354
623481
869778
603836
630495
184856
386623
522487
288668
601171
995915
158724
509552
536765
660166
983823
373181
465687
23919
625151
883725
803915
983777
223028
181507
701117
509640
597640
106709
630205
597852
340318
10034
195911
668866
326825
693046
85376
258977
811806
912390
603978
69029
603892
999426
316620
432303
947544
434778
435303
540513
704100
325097
745552
70626
408489
120293
33576
824220
976748
235345
736087
256071
4627
934581
184023
673889
428773
424162
26635
294760
793389
473809
718350
309153
431891
103481
666167
461469
693658
911922
312566
594408
381052
925796
904640
393904
427704
508586
565905
556657
808035
907402
857277
317064
764735
707596
685800
846439
198593
297182
553531
445139
478449
693232
769011
313380
93481
350961
344790
526293
584950
727897
114252
809804
990974
714501
733872
710824
816289
816799
381285
676070
839339
224995
617093
939469
445440
428729
741180
523211
793980
222355
164245
319932
371335
844527
592237
306741
878259
874170
38809
219032
461894
37368
352906
582236
412467
609159
122787
192923
996694
301112
843044
929492
199174
508016
537758
291285
86671
379099
610554
351262
567938
149247
444605
815928
250587
30424
785171
627007
398537
134077
717830
274461
920437
617888
11559
923446
535180
879244
871142
127139
207937
541783
913719
670792
574717
146702
61037
421416
572081
842594
98749
347578
841289
410264
520461
60137
313408
425413
109265
451933
174015
481072
567391
541363
113818
249270
408992
677413
6253
809522
316649
40058
912769
858082
517349
615768
116378
294255
277779
615585
570276
333720
54137
275636
946850
115388
769401
22398
159568
715323
481764
188242
116304
872007
220132
974048
705834
515065
741322
31526
211986
127826
760328
484739
620600
521337
541208
645372
942856
233805
504971
65255
967629
931296
709179
671628
362009
263621
796221
373236
273077
423228
571788
928067
685144
348891
785609
232404
763243
656112
853262
856120
411080
318465
888830
586343
136456
90388
360051
109242
482089
943433
854753
406616
244332
924611
186760
656777
527701
945729
793011
290489
338203
927684
491537
919829
925715
398234
992678
873822
297622
459963
757301
538348
474600
354444
853216
543937
658777
746353
590466
300158
377879
137062
490302
708116
236424
826237
455121
58532
310015
860986
852012
295573
523547
828391
509322
670829
68671
746615
783820
643301
634183
121077
897633
906131
18359
137560
945144
847023
905030
50576
117202
52246
327308
798371
71237
601175
396867
480923
647746
796814
310127
268033
649049
806974
745767
662151
35916
972918
995717
576119
957548
376960
463073
531414
252205
554229
261015
833920
681464
926869
437276
912694
565681
676253
339566
690729
982512
197415
897404
725227
977946
516255
591263
608628
49953
494064
164887
362796
136241
797402
188900
108667
770887
130600
630871
636091
800615
377090
313029
134261
197560
320472
966157
931242
335732
208172
106597
224483
787331
957941
951344
26175
7613
849397
438787
693527
348054
377222
396098
19701
399591
436791
441116
570811
868420
314785
9051
897192
55186
792481
927130
915369
85047
177319
654349
484924
636377
272504
440119
59777
42175
157613
869293
888177
71824
898980
601652
744489
609422
684542
162387
789627
365765
845801
888137
736489
735939
928278
906112
92167
919986
403797
854955
304192
301590
487828
87749
368365
397888
374396
966215
393082
599198
248572
418833
690573
248028
967667
376187
345632
280058
436374
176258
334078
625443
646299
188177
288009
467696
382539
633051
98879
808487
284384
166299
211419
613651
951119
371138
176381
841046
196401
555307
750653
80017
814219
319897
561479
754814
488377
759056
545370
782971
518839
112258
738715
114296
622043
599656
207278
744535
188833
961307
784242
113818
962127
870340
194048
780545
322159
44036
963532
306474
707943
767168
284235
461426
889210
130890
720638
528677
310248
489500
704862
627806
526056
891286
716237
797671
40872
395717
797315
643232
612268
139603
987681
808288
145769
161067
903726
597097
544316
71452
578922
136924
743213
575505
967810
216191
549736
660799
592570
359140
985989
245540
680861
565898
335650
555080
281272
72199
966673
959395
324233
749463
876017
569555
473649
593341
682216
997133
232948
295284
24791
713325
975575
224474
803102
59673
814009
517202
422163
694823
801279
612385
261484
242287
493793
436126
450148
176722
56380
519112
249620
457325
562283
407017
389615
315166
639258
18238
955454
274951
787895
58039
690851
695735
905716
933787
359513
32206
306308
708937
660175
709379
119289
27709
612808
233806
848555
841390
285032
224104
697764
83349
553238
443326
861197
757135
206210
242931
983494
712485
548547
633401
520168
869259
904700
523454
158327
421834
362885
177103
325162
52736
454679
350290
904020
272055
5507
222026
612744
526115
275167
671178
977711
325922
69720
342243
546832
222616
924823
990135
484866
354857
200056
914738
657571
606210
745938
265677
106423
954268
132077
443468
621527
336217
160991
26050
453866
249111
443846
228310
781391
119392
925919
778495
706013
155851
958262
134253
446300
857233
246769
850535
297378
890793
295484
745486
62734
68890
813864
960230
689883
983758
356963
327128
727227
878111
362467
736430
908763
968501
976932
462770
538664
227343
234629
394849
81821
42810
525184
668318
658182
507329
715218
570041
225043
209131
898040
134683
357029
196940
560402
251970
949784
780387
343203
462658
609070
608137
736667
347638
376427
380400
734587
617872
909494
852704
213902
625768
490267
294420
342905
978683
978865
358414
804721
803279
663664
966941
147182
785104
201515
30024
897054
458542
516143
139781
474904
974932
300073
533222
631256
231837
227954
328381
47313
592843
651909
152170
48742
644065
458393
605402
591656
201489
507717
196825
907693
952315
856176
261723
968212
299716
709631
302387
662826
600851
248098
157747
63495
856418
461480
953387
640421
203596
340776
32703
486668
181213
454384
625099
179827
478208
763742
53652
976804
654274
72597
290342
242125
224020
102957
142616
888307
40270
311522
969166
937270
195706
288092
101276
595560
738187
807017
382086
592263
780037
986811
951735
942309
933216
644296
756897
41142
998801
67464
588985
843872
752820
4003
245094
256985
601551
243020
845917
529137
80378
322682
282059
444406
908518
982294
638946
741491
46254
562767
499414
829928
153861
253239
297047
933036
250609
335165
676231
353972
240527
628636
442094
340318
971323
811112
766726
567030
518779
58574
27206
4180
783009
947376
529484
68686
572089
658424
239759
953098
851255
396820
648549
242334
604108
821807
458122
194178
377924
995797
76607
903753
327088
172985
762897
526950
193593
519082
269356
835222
519584
69164
320216
384665
683476
152168
2688
725763
768436
480772
419390
343470
749558
96444
471549
292700
386710
984697
651365
959070
235003
379831
635853
319276
495632
559841
114825
180371
152673
671691
303597
109615
911602
84577
268122
618293
811104
5873
690841
753501
868640
533125
833466
149815
793888
90781
82020
658215
18010
479056
199831
757964
434355
303965
19419
829101
431288
746861
802972
859524
804915
237715
958799
525941
154329
749296
179558
988428
569978
868390
130902
672441
201649
997240
846750
217953
298470
754311
746059
694835
762174
58409
556282
194650
286157
199186
26
746224
681539
940968
927926
21233
835935
546642
964885
438893
314194
12960
560303
405013
610833
245138
254744
660328
432648
867858
619239
731041
980095
83273
924482
9048
817813
380105
661415
132636
711954
621889
410337
780118
62743
148511
519862
67094
614494
124939
190986
344328
819628
274911
651047
452568
102588
557702
494037
19250
695644
317229
478295
16800
741397
700891
524713
377369
206726
923347
114795
198524
188853
33390
292068
759399
538424
845625
266169
981025
61009
166200
733967
811225
234829
558237
969953
845191
56494
668316
260599
468222
553599
240166
965949
605265
720013
613440
665839
379572
358231
525312
991446
165199
973231
786354
769645
154531
219367
172110
260746
133239
248712
330065
617721
455012
25224
906859
696521
167103
610139
284918
34912
370200
965659
654698
395054
660747
704162
573804
185225
131415
657803
418372
80267
91146
215412
764440
796890
320558
408645
804085
48722
791442
414870
281879
706464
107053
219795
740923
328606
890950
336179
710127
603345
630230
660086
374435
665558
879469
333055
865296
752832
105098
433723
845584
49433
436701
711892
331447
595338
826284
570675
346458
892652
138151
479417
425971
805193
636424
480095
33340
510510
959134
702623
958447
731696
495048
43539
167243
800560
461997
664556
913573
894044
343549
795075
875821
976882
114846
585857
762383
598906
677806
154913
604469
840531
661119
821834
808658
366780
74495
398292
50617
925186
204651
397024
278367
922571
436117
162440
89774
617907
808867
553119
789381
698237
895259
91931
539830
233632
358475
93873
353877
349551
97244
880030
848641
262770
157359
116244
339343
115695
378517
594137
149596
220441
183615
164973
958576
385729
899710
560634
201092
317650
838941
679012
369080
895039
127165
464178
781604
869061
114222
727878
951134
647173
960387
740162
668041
269548
95311
522241
210080
984822
789288
348107
4339
666013
684891
200288
193828
14455
504701
58497
718181
315983
336383
941905
945874
439708
475655
596164
938153
143041
798174
629583
595549
439846
822078
275731
715224
791833
690
503133
685952
598904
433990
154572
463350
11705
948866
172587
193174
473343
253010
325732
582846
469213
69914
345378
949705
446152
118242
224372
780954
319062
793549
142508
681291
116323
702355
121758
743804
441299
488313
426163
572182
355930
502292
242291
959721
650229
850004
174979
493661
487841
76627
24099
21554
108161
223541
584078
277756
145921
559446
823428
741102
634510
15560
141994
197211
52166
860608
598840
440562
572028
709474
344867
420997
98112
546849
768367
154541
742167
803125
100214
537238
176129
877102
931710
893968
739380
919417
99097
278502
696989
235984
978704
281202
876306
672380
239367
2005
477363
831123
262229
789667
152223
481005
201329
242021
640168
799502
908385
591823
762567
267533
662376
420016
772955
655860
47713
53049
382271
265241
739778
546746
283093
845797
744873
969826
709599
997280
804463
902866
159266
668596
533200
89037
461410
860047
650272
743180
362044
417430
105282
29066
713820
539577
412846
306691
706042
485337
497058
700430
336911
633918
173653
468407
8482
546245
843349
664001
335786
730497
704050
170581
298451
462306
60477
8204
996561
339684
753712
913212
1814
23860
955185
932307
25661
996184
117234
585975
605528
793348
140099
773442
386602
842151
530673
220400
513426
832675
329995
377560
957667
934821
486634
698349
992680
529345
543209
686631
997748
703625
570586
537455
191949
235306
506624
841237
780430
507399
279811
220357
969665
937680
293445
115609
864391
258778
991100
335707
525193
930435
315389
84564
37047
147504
947319
533836
460699
848011
67789
732764
355696
267781
572181
335092
900511
55638
634590
318862
108852
1891
68562
334794
318516
289284
597648
304166
866828
473609
828791
433808
97277
670024
797557
188762
750564
778421
829682
816958
273685
846092
62149
568852
239476
937106
894658
980269
940100
996607
566075
133791
632404
378231
178831
809770
378948
233975
488555
189554
49128
473208
74617
271391
825031
316305
677170
299513
289949
526596
836510
390755
90611
571572
224705
172619
407868
712509
644812
341429
691259
949524
104801
731541
867387
956103
753599
439799
786535
297537
256679
645032
733954
826624
553876
408400
140299
935159
620071
711798
52926
399725
435993
160162
72009
235348
683535
85228
643761
385248
926482
247042
882777
575359
97378
83203
276488
414089
28257
805497
91244
381155
28245
185083
985610
887071
909192
390098
788553
34158
277851
769512
457342
215311
323404
676607
570721
15347
817409
977289
483488
736846
571801
544747
758854
470701
433487
351507
213770
158738
645193
446503
999887
253093
315500
330440
473668
431484
625912
121705
118861
579811
315711
646010
327194
972703
268423
656422
643660
767749
470973
22776
506412
852621
41090
646154
796729
125469
990192
847728
324748
36746
445056
290028
864048
527075
188031
609160
514022
389881
214884
155202
193387
556358
906778
806098
667698
476516
377346
490729
126384
163740
783555
77320
619937
511952
431439
195053
48318
553654
888607
407880
361429
644574
89382
748551
472228
741025
793419
210612
923970
597832
332219
990385
630603
433216
622357
846126
413419
604565
326121
240652
728238
996312
434013
892235
7883
357647
439607
774923
855094
858806
806767
381721
516959
263098
418378
683775
601550
114251
12275
504743
66252
802370
103750
484377
904441
978723
154446
881985
455008
944668
283702
643417
230587
893548
393368
640895
610728
645358
663995
631735
154220
368391
298246
795252
507846
29929
5620
796382
288022
97991
494253
614468
402088
490155
387072
387876
179676
244007
595164
740261
448365
973774
244735
912744
459961
907220
102053
781261
688564
943065
340225
688646
367519
769790
50962
126942
40864
352134
847410
64677
538461
369168
259262
300265
781993
12538
99594
841239
792417
621125
674802
491719
712105
259940
47338
634537
298124
137818
212126
891476
836819
8713
42128
609414
843731
779325
523479
789385
446011
758944
831716
398707
367682
748138
646623
593451
515463
934735
595829
56112
714875
963732
532822
636305
780132
766408
227515
657919
495273
694519
874052
326389
867915
268702
940098
728866
724019
982425
797374
477634
877592
695108
295585
216214
598644
241639
713236
460343
564728
60832
830337
800100
842358
4249
369221
868152
642819
756706
812260
914300
831372
167221
116523
94649
194532
425202
655986
942334
870251
80206
826768
137409
703678
115628
932438
533389
269513
432932
893984
551470
434928
680479
209275
951722
403173
46958
476025
295
849403
407440
507062
457813
902459
933852
656074
88329
282737
2229
202098
591737
53625
812349
45393
940096
216718
461290
904475
98383
455730
47207
636791
410132
678215
280497
579550
517560
15548
386172
351332
243316
590428
964495
178692
429700
144328
778095
836213
81551
518140
429326
345538
332899
372509
948267
880209
326259
996534
366286
763086
36740
436412
442592
942717
451326
290944
353276
645250
320806
485002
399598
417646
802620
658354
522039
864994
432169
202469
733839
461281
91720
89367
5716
364967
967522
912790
916679
530660
976512
391060
120085
184759
439367
320716
823315
334573
635777
275214
949834
182741
665039
59454
85554
8588
816349
577060
785242
512074
653531
795987
421741
871067
778304
870535
118440
41365
123754
857148
59096
606407
533931
998806
906516
871667
598961
67186
215268
298969
228253
60418
631644
31751
168644
715097
365974
260554
705094
895811
121761
929707
97974
446667
515024
196843
688841
529933
705627
174174
559976
995640
338909
422837
599787
874033
819160
813140
785335
144004
640972
852069
343330
219977
888289
524863
889994
801564
947729
807118
900431
90852
756645
854030
897596
835504
407842
756664
385036
686023
477421
605846
910166
954231
59024
392314
771138
308333
824820
997731
985721
522205
123279
655721
869430
834425
858399
267144
2848
660634
717196
989997
54644
965786
509077
717354
636044
444406
847331
339178
81819
169858
226247
336790
969385
629409
395122
342843
85678
105034
777456
232173
95830
724836
806954
605069
239213
374022
821396
630295
60989
22968
604585
266233
984430
153092
868531
116388
970093
213937
572713
608934
699795
47290
71578
451414
417347
667561
725885
309245
822459
821948
321068
527435
803732
923760
701711
104866
834629
706806
150706
149598
949689
940584
252007
136286
800734
39010
563468
599371
687469
32847
537427
603136
149923
775592
632026
200402
673332
608046
5719
936624
370724
95328
942865
620562
839350
740779
215749
715585
722028
540462
885474
80943
600482
92452
829264
988425
669968
757973
415256
917246
352119
214218
797165
670101
737553
892367
45392
404019
46643
722897
417036
139060
226337
819466
881843
338986
417356
106293
460471
277023
487760
377304
351821
659949
318515
503934
577739
388329
65875
988024
274937
232388
501119
656429
590332
742974
841394
899357
300407
909599
105688
921256
457918
885716
149880
915487
135123
350318
757730
452884
802655
639961
963375
17098
907287
425578
797020
740440
463405
467319
375503
819799
53234
587894
406554
357319
327364
707209
636902
842164
372798
546938
501083
446134
320710
763419
304256
242191
109723
324531
811028
206363
829647
266066
151511
746763
966369
316927
990352
637131
981080
194385
315467
987028
777031
246926
126998
897347
812950
500324
361153
614066
281197
637011
450558
959734
332566
216339
877769
828299
536418
964868
445128
691338
749123
238359
52608
436402
277656
281047
120118
456731
620706
938173
427890
37290
676561
305726
526651
290505
862184
251344
690660
991908
76145
345449
137798
72621
672388
4405
755199
783162
198500
996353
156222
807998
531297
605187
897530
134391
371784
797309
831087
609078
678423
320637
736576
255846
396143
766923
983216
665313
193539
469503
95994
445063
298435
686133
363379
141014
103594
431334
253825
131186
350056
668496
528196
911138
247434
132115
827629
24944
242925
412146
634901
602637
881714
245422
162049
656805
873301
781448
189963
599061
668960
620669
140308
719518
260032
402433
398546
500484
295950
280525
591434
877248
791558
475073
787592
816556
846804
979629
323389
563104
952598
156027
277976
148705
833666
590450
44569
6423
478917
369343
32534
550796
197087
351698
25013
425948
357327
247772
932708
413690
506826
86178
241845
281393
41474
902172
548801
811331
381509
177320
466332
418110
228600
951937
709529
724090
665918
379820
553758
197685
539959
810182
554083
847385
656961
783971
248562
68726
560971
774769
429905
2880
622837
769245
453745
131649
751279
518739
638145
351890
629262
75923
443173
108988
565555
421498
296480
777141
559454
767574
678054
709148
966685
251708
932299
774237
893813
236248
749539
188150
397400
769279
750156
861836
602706
721977
260027
316433
921307
647852
912029
62827
18916
232541
604659
745876
926865
544653
614041
896774
332261
865147
231977
447373
708485
755595
583685
339411
634351
675801
407684
733934
422342
829837
409307
553011
282328
688807
31898
64003
146231
591892
237484
592166
267598
987811
50940
406569
962778
468704
939499
508939
687198
828133
336128
866672
681233
650291
19774
830230
639252
712453
163848
685440
447046
331964
500237
9502
779699
833943
932329
431000
487973
904898
872937
170784
547922
934362
91965
298389
951957
449178
781620
670381
241569
365497
187158
485717
886675
535426
849696
570106
688092
91732
570442
707907
676468
25445
323887
223367
317131
209194
49295
915854
532058
717180
508199
159218
153485
215993
911015
559844
734550
958000
421888
837439
988561
702376
527260
172899
865947
16511
924398
533358
957899
303044
672528
496800
445884
414642
862415
175034
841753
924790
552701
709649
992417
982152
906030
949863
46512
612067
638830
633472
926877
658894
452701
725957
28075
456666
919705
961346
191216
2538
803938
736919
669662
739651
14607
68408
426611
313122
268150
313494
491599
861713
382450
378878
618564
187835
263751
167614
699890
676724
513174
709443
699763
289029
954746
883720
912024
946072
528696
26655
607823
224767
20160
514275
267983
42730
271275
311853
560725
499459
756629
681198
502623
703223
135540
64041
205376
189544
300709
352660
847284
979284
879623
730920
74912
625543
822610
815357
887587
406582
262020
183907
542434
245914
967781
846390
835797
54546
301638
870820
565025
162848
729850
36330
831852
828689
626097
129160
80225
73955
451371
296659
601908
82105
431369
558627
449535
37558
933314
151034
327588
237942
736436
742692
722811
315723
828952
503277
618097
825115
609117
842841
624777
32497
294656
772594
450437
638006
645951
857394
357386
396054
449630
503024
29947
283658
309765
583471
353510
571467
40137
957052
635063
722472
975056
237547
217481
645207
331228
123898
391252
272228
958233
837154
267894
371228
387703
581091
942951
439974
95668
836123
514260
841394
72659
817601
202273
608670
400905
931841
727281
688897
969645
334303
427077
975751
323897
76997
503213
739763
747631
503005
577277
230291
693290
816448
979374
224020
133571
870827
489747
775323
378716
65714
228078
749351
127612
417468
925779
926199
9982
161587
330862
895966
786029
690516
624598
307065
886254
687972
998124
723969
329874
541426
720924
505230
719382
457931
862288
812346
722659
590656
695647
216980
117887
904444
25181
415889
868574
782407
325171
467096
422904
289705
808285
577742
988688
707079
723493
91118
30595
963730
181749
675036
934775
292836
972670
969699
14746
865957
299156
526945
698883
65203
9781
664310
7758
620286
480341
776094
479759
218776
565563
828696
789751
30427
381821
469106
949901
291240
133013
555904
643780
661047
773790
420566
845646
309918
990492
228709
999002
123408
659782
114693
842906
455729
906978
46024
874291
911691
762786
218269
933317
530387
599541
105678
546657
982893
17462
380447
829233
662100
963139
302318
35806
198311
997976
224110
693772
12264
346348
251687
734804
700434
795766
303837
423779
383338
483656
690652
876446
172714
385899
782331
649951
191128
9169
296875
475816
11976
97494
461166
821091
428065
822209
734273
471850
259327
419942
359157
195271
903481
991366
242882
820189
329278
827004
890350
315125
706393
529428
477996
954899
827013
486745
36020
182357
567229
883457
759616
859481
882252
743901
427499
8114
233174
416538
840470
567187
163538
602344
15746
141690
768714
674183
192866
803525
274914
196691
834029
182534
921979
693854
512313
517436
661492
61194
825253
383691
494320
449756
906181
504104
527940
332124
622384
607922
67517
500951
871688
435410
658039
353425
686644
836
289265
860701
291311
964596
333161
561534
858993
566578
652864
750707
518524
700795
680886
253996
877378
814569
175695
847166
950964
276161
725433
719349
991612
750332
489150
687980
143624
775644
164039
364842
559675
83390
699821
460609
95769
955496
394132
416562
413733
153273
299317
551403
176833
70899
398748
993971
498523
536225
720710
969267
462494
295299
704463
841034
127591
480018
615686
888434
654985
868410
357896
435871
30642
981305
794475
509113
955977
452662
568763
698886
364732
350016
488794
723103
856285
784682
20633
431321
981149
678152
617922
32884
241108
682718
53313
326493
405544
419899
123332
361366
580273
87664
270210
245177
935632
959565
104137
585668
623378
991349
808169
668004
624640
968725
39842
280650
773767
369642
586431
210
752892
747630
298925
614402
806591
488037
474660
443693
787312
333045
754539
965219
673391
814292
198704
680410
318165
954714
467453
912425
487035
434286
956714
370826
125850
545042
731581
695694
865682
184738
867551
595325
937593
855989
51462
987636
119246
776160
295402
677295
419033
323091
462699
632733
119503
534536
183997
877161
905017
113017
593692
214298
823629
799650
978389
78259
940385
292466
624880
796001
675563
176730
11606
728594
845348
25273
118884
743420
757704
441336
823919
545225
431093
705427
317690
527659
963283
649416
104586
410989
837517
180152
603599
120000
713171
274072
309082
349985
342014
25902
315665
515732
680693
794521
664880
188653
443327
318178
693848
427181
341928
929255
857379
401146
494318
429291
74095
180790
808745
510073
955437
991392
947943
364229
260252
620592
918283
681270
768584
887434
20065
399338
922865
680056
818778
920024
331915
836463
916817
389852
195947
904954
579003
25522
666769
935527
815974
578940
371416
951145
448787
586637
849596
694786
352235
829247
410019
41149
365660
880883
809085
277364
37210
830905
609334
459130
914960
403340
665775
719737
839014
329654
266633
935613
476800
941991
366697
430133
728136
165073
810369
57354
648985
951453
578646
458816
645179
988399
637470
661821
797050
294132
136302
98305
648707
444224
693276
530387
304261
15678
466919
686000
131817
213035
940925
973823
720144
403978
331310
4393
545116
474865
941685
162004
303517
96172
261068
479192
84412
602093
149211
909696
821642
699194
256779
424303
399389
690135
272
492876
266689
817793
222600
751859
997788
979108
96474
581705
691074
976033
498463
91832
136399
404852
999083
226375
547727
858611
439077
270733
639339
797333
851965
88763
138273
769480
807052
74880
924915
829534
505056
621360
413603
795173
668348
625080
773218
457280
636937
289552
972343
617530
950487
863390
866026
798469
131321
145163
458941
221621
761765
854245
521436
960762
563946
853688
678887
347204
280415
348928
611882
867452
552702
546567
803163
359021
220751
118481
251735
441490
583553
277625
808335
115348
603433
204654
789205
447691
302940
541956
553125
130830
534227
730516
997528
136885
476852
132080
885573
877020
158758
777939
98705
714300
694408
105668
209638
51373
891011
27065
431096
194473
326691
541173
682382
343135
113893
340430
246384
418571
760006
793815
877172
491993
292106
739683
784654
2941
672343
560506
54435
621595
872205
460970
250342
530212
670157
621827
80909
324321
562483
113183
687267
834597
226983
599664
561889
236819
575191
865490
637335
393222
562211
37314
894459
864424
638988
225003
376359
802451
259712
414961
77415
991175
318258
638562
387105
1885
922076
900573
106802
892538
972350
597302
71330
991216
422952
272511
344416
679445
191582
780028
998187
828893
116437
500457
38476
174164
81025
664253
800473
474196
38229
477226
978243
281207
952559
208109
18750
201857
632428
935591
133206
88242
680786
20159
433324
392609
40241
208316
296983
770950
667664
491665
298539
914196
503577
518641
602415
672698
472827
906582
760919
554483
984289
938808
216653
143457
22925
450316
149785
22322
356095
825393
922362
383347
942400
50510
757679
533165
999826
325989
649264
594482
794965
77405
84963
35819
957743
833910
996515
624774
451355
118041
756319
629278
97999
26704
25007
551834
76487
216981
280384
558429
838615
544322
516497
727776
649256
210424
113024
730703
525470
325936
745708
45053
359216
536468
429785
775192
813048
139987
768814
614272
585936
722264
78052
155232
137885
69799
569709
457146
606445
414299
422927
37269
942288
357111
856616
684328
759455
749486
32513
897535
424209
176868
32920
970086
245258
790413
173300
943597
688089
206303
857562
663806
991930
252853
795865
370416
696914
817859
832625
659423
147295
435505
622852
904653
892192
189891
130344
891514
626958
391894
201149
949875
956553
585592
613940
726842
653274
108609
615060
218520
554445
150431
609078
807969
868983
772581
598024
350215
764131
35879
130550
10379
684180
520098
905071
877160
650763
1056
164501
945432
103540
351322
210301
475358
829968
255110
281577
794952
210207
500057
472172
265288
627390
236199
495002
550712
493733
379182
698503
58191
125342
939973
995045
623267
764055
760851
173185
595681
866190
462235
779534
449920
536864
448101
299988
820067
960835
369326
331843
864945
917970
787761
897086
63396
708679
589577
74589
609315
636748
846212
931709
546934
691018
918465
418783
178816
669441
367088
390158
761721
451791
716300
870798
264203
669879
483186
931036
849578
177793
328773
328321
738409
329972
685459
178015
471446
50477
890474
166109
580242
228212
813223
978528
26418
857975
282687
204846
23331
911913
789604
118980
952995
365441
664862
70573
595894
71745
827632
990444
467430
136698
300068
176588
961069
76255
408909
411017
309575
523378
391102
186083
293785
960432
961431
317575
584089
192448
541767
137624
149989
159445
691680
815326
703777
118292
977074
266444
727232
196741
563384
518885
842902
54591
627765
59720
669347
674211
397131
360196
657379
484659
916463
604008
792188
773318
749147
667499
364158
571562
745280
43052
519174
313080
291782
656531
600435
830077
291238
562796
473376
911351
326377
726591
903617
230354
549522
738870
113592
837303
411801
698624
522470
949079
430943
21964
233290
995838
271211
373922
778234
376047
111412
965896
404478
504202
283457
626983
934897
320702
384931
112305
638371
301922
767788
369240
60960
760299
14292
604970
63686
335790
387044
635219
147153
244416
655638
277863
799239
767878
451040
738567
351129
894260
623257
178344
658803
256535
609535
957630
927580
973523
939762
311508
324710
195428
857991
143126
944748
243151
486109
230232
853268
875076
143770
468385
109588
75888
786531
385427
692193
937785
643492
996427
383367
203385
447519
999843
504260
113010
136147
32606
577955
614476
421634
195729
646677
464687
976831
392552
822813
966105
541686
735911
710648
590240
849538
267367
191662
240737
834435
546490
454074
968380
304118
237389
274477
423922
870140
303030
228072
181261
409625
511597
763625
514370
441811
360994
820559
724404
608957
232937
367276
208914
268770
203888
754422
843501
892344
920530
825259
502042
392465
731177
971310
591668
845803
254216
465466
578139
238020
820764
499779
700512
489468
978062
860096
784048
329734
195862
248519
923243
144272
950604
895086
750660
491189
998570
542740
191928
919644
443423
412026
773958
858946
101834
567222
501067
644210
687115
912190
122836
592035
604141
49754
126549
586077
174587
699909
957207
439861
781872
781198
371190
979485
509831
444331
162753
275591
404753
579007
264297
204592
521261
919320
194831
360271
740953
806813
836786
32434
923077
56786
190024
715124
568277
204515
324401
22503
655289
63097
782180
850066
691232
674475
928048
664054
674069
258971
96330
395872
729355
603993
298527
179837
234470
607716
159074
774879
620934
182797
622935
447321
570743
6581
303287
249968
486752
345645
65689
917599
413793
739055
902716
774181
805627
161305
371208
178293
876327
688110
419325
850878
563216
954986
199370
462092
832485
318659
276813
346774
847331
27814
364234
43990
99687
606213
132851
742609
698232
302250
910779
316581
599180
131396
614912
224862
459111
532267
732120
62037
790232
912157
15700
450395
312583
307577
855173
724337
768057
705157
805692
800842
497260
172745
33291
586874
447325
134292
874448
356377
138482
224617
105954
433929
923260
356262
430585
880581
96221
914218
238724
949751
818330
424559
104146
77925
306153
172476
770431
145051
551334
187472
972823
115557
750889
496419
628449
186937
200502
440705
49777
498421
706430
369834
651399
908903
9560
750554
229961
940491
448630
924671
277516
886541
445197
655377
226539
767331
641789
113109
654305
772751
968058
964710
532783
392257
488777
766272
269197
384116
585441
897759
643109
440166
304278
557144
164428
335820
891101
33758
661148
654450
636508
687998
594428
202291
839138
837193
532163
699413
322965
514176
517153
742764
154519
584340
570587
957169
251157
841417
106353
935679
261766
374468
666803
708125
527343
984264
593060
282851
975080
306065
466985
337869
633831
539371
979752
943798
562911
429519
860240
158822
800791
206108
250057
764549
317675
974719
761715
350721
133516
424320
387964
480178
532920
504512
483687
560526
532304
13336
259465
641784
715490
351340
58280
2901
554062
445693
86333
551614
627858
769220
777022
425798
255563
739667
862840
146358
522647
389339
179880
691403
251113
892633
733715
955615
291758
737346
427289
847852
754760
984259
611507
277624
556052
476108
130467
643702
174229
58735
895267
30495
320082
934402
829083
718999
845584
639597
46998
533465
857546
926297
939345
122078
433290
572349
239735
923094
318772
82014
65176
493733
332838
601668
99137
260827
28357
387417
326217
289776
620814
821648
934975
511762
575499
267823
711560
110475
756540
944746
510917
694228
657894
799
947627
810049
956984
163664
998699
195982
164209
772477
857025
738214
547364
306762
498994
525283
729409
669352
423931
551574
552928
289626
921833
98120
45942
246942
906104
807528
293425
179823
293258
906945
157516
596344
632673
698942
141155
64729
173787
442822
539777
2103
730141
130568
411776
278170
317208
587230
250000
601260
38060
6899
141072
691929
905444
541506
609072
436476
694810
284598
72629
339052
936659
127439
229332
98141
970124
953533
664087
427064
152834
516721
228667
177611
251254
921515
831282
40476
61600
5780
506893
577825
227748
256927
216286
78281
987010
49892
19570
636129
712788
439554
417550
470757
431688
12716
730815
140309
108620
684497
907109
462789
667969
914819
261598
233466
104917
8809
550796
543466
585217
17941
588415
303316
463276
247658
8239
687368
67319
868779
278776
909613
198090
839511
384405
388736
533657
424734
26836
370842
779612
823694
576404
904033
511206
390532
49173
525652
639888
816970
51428
249299
347716
142700
171175
301980
713921
659394
200394
48196
583454
318465
800860
353686
640884
444722
516924
227618
453214
848165
101448
604292
557428
194577
53807
61441
683440
159865
668616
60913
623340
14048
792318
601215
320101
354946
756587
569719
657522
349630
646258
166716
772331
540078
433465
787017
78762
744461
198771
404628
780334
371753
932875
669602
803787
989753
667184
631701
617142
707672
566318
247111
139239
995256
182393
881513
480927
71520
941005
572672
819966
311910
353122
37411
233448
981644
464326
915666
231443
108507
963476
4311
852262
935608
43913
902710
133792
249714
590908
34486
939527
324029
231730
721348
191027
978651
40822
424805
294866
503959
476027
261104
932529
332205
806143
827350
187376
260608
6294
595472
685151
945122
475986
805664
920526
610017
317343
806702
670477
513426
375369
833247
945477
251729
285300
27571
764184
514110
181033
246097
221589
780430
331496
860830
906529
283485
363127
926679
376707
926266
757907
135721
678629
987927
31941
933690
753158
679417
69816
977872
66358
223578
960146
126089
524591
69203
179961
398649
20639
715114
695282
873604
737966
317009
890489
556122
23691
794949
516238
652818
471481
917696
717261
332154
386091
457376
344737
33227
957636
632415
466177
330176
106362
904317
198447
61547
697990
944238
10891
323396
152787
46550
548380
565052
266972
511149
873443
899255
656173
557103
445187
447111
799599
240678
525435
2338
378305
121699
154278
913157
343899
158439
11014
831053
566692
821320
980257
505534
593725
690760
745725
373622
501806
646196
704430
58654
262214
244034
846486
634990
71846
116510
298342
274761
370831
61752
289833
54597
607984
653929
929483
766110
746347
306989
312081
614443
792748
763269
62929
733483
117232
693721
757593
947567
470532
138275
219431
476557
533582
245919
990828
113097
998256
497495
173477
244588
743511
238963
460973
427055
903870
453527
376781
599280
363474
114471
777926
994026
385175
231366
273
511034
442155
56024
7429
732911
665099
13298
947203
740357
760137
610785
15553
971742
904722
446700
809755
849206
732851
588850
839009
230890
324821
909427
210760
312076
153196
746216
195015
295370
489211
50078
510714
798898
803408
227703
677665
963161
75373
244316
492450
377031
931547
307632
581069
852123
452283
670961
273080
728870
124941
9199
809693
344107
775436
120865
25183
172868
311999
802745
224232
457553
57726
235452
309671
940222
735459
390409
734848
66021
682150
350963
469038
113071
511706
699188
469073
136663
654728
414512
249242
14630
773212
475328
976321
572684
546605
662428
476678
400525
103487
227371
624471
543766
848055
68092
95743
381972
769625
239272
167353
360339
579019
976939
426587
743787
951247
958194
681299
372562
892094
831805
187485
178272
47514
455049
960511
475052
667108
420240
827075
374894
599137
150325
180560
13009
997812
800897
263503
806864
70784
737465
337648
678188
59055
947974
553877
484648
934375
935986
880030
99747
231284
871659
511289
469766
798753
437581
253296
223361
617766
170326
264494
69259
950269
455581
261323
87707
813070
356328
722361
355246
321000
971966
843331
540167
694477
451267
165745
98040
182901
346342
118591
151521
545542
293190
163498
763784
342991
39004
351530
808543
512918
675080
398671
727969
990186
366752
783410
212191
277219
507158
66919
244889
21112
351627
891929
662906
404528
858969
660439
598557
830262
330967
984731
831247
697984
199336
63323
685883
624852
88790
16724
753637
242284
801240
31679
400308
455130
839281
846395
305388
902269
468225
186501
594694
759080
695817
329660
544916
789223
202996
596345
258537
750919
641215
497057
439670
447425
463950
875344
545616
34522
705472
2102
84946
905523
223462
248553
785833
127997
842855
917917
53217
760458
154775
53665
637664
467948
82017
535734
978189
770852
262820
764115
438224
729011
249864
787512
781925
709675
322904
692649
16284
439655
826836
568888
104749
227233
706419
276988
576814
988154
419292
540351
621634
180361
889407
823537
261337
572552
651858
253962
642882
422376
63031
325179
186659
199670
713434
357118
279635
772066
263269
3716
229375
767546
899019
535997
883474
20980
227111
427825
159139
620140
693800
227667
167007
665931
763789
570324
341513
902074
612071
723820
440873
774643
383250
264715
445495
36048
166309
151387
927920
678480
839628
470114
174842
689041
179295
383639
503049
43331
659147
699202
210266
760666
441682
128730
126758
684234
750856
94236
68510
42596
360600
556891
308234
325671
884361
753428
497234
914548
893873
930799
626457
103540
753232
356130
148517
509918
900428
849418
670554
963564
335403
985028
465554
278743
487942
659911
251464
132381
856607
698887
412612
253626
48789
255884
743386
696717
643433
344156
857600
495966
336858
332318
366925
669417
800918
600780
41457
220070
746770
484867
952450
829405
900542
488382
680547
543722
806234
419539
856594
440391
700177
461000
102685
925062
278207
437360
566922
162523
738623
19589
191695
761539
97901
292074
460921
374469
635803
883087
766350
94655
40257
583587
951905
248567
998535
948478
355428
635034
760907
317551
246215
268027
943016
566095
418863
850227
709661
739538
545486
330489
961564
989306
203320
553704
613952
849791
694119
489686
805602
584759
341411
883181
366087
24599
759813
267439
386288
133349
917597
913796
571937
943603
665044
337094
584328
981504
540754
472668
362071
83007
648939
809115
649916
398239
223435
727676
786851
502308
31755
804133
754686
540125
889725
707641
865349
160650
999279
748648
730998
298842
408571
301024
279906
444435
722422
442957
409238
271705
357147
989223
679774
501845
460315
612078
495258
782875
665910
659162
432763
609492
584986
940776
450132
973583
23441
234436
315697
119304
298328
361945
34702
645483
325386
557717
31960
380729
991838
402468
550086
645188
313101
467706
630592
788169
193143
629467
950707
254535
561031
196519
321992
35628
6586
210341
106061
419107
477795
463034
974609
897198
529347
88455
513484
613294
200345
471685
592812
734992
794888
566616
519390
419412
645010
819260
231660
375025
380194
631527
647301
133398
289500
17967
230778
253881
341098
888094
809667
684983
926157
888431
268942
188381
814950
784247
919926
539168
834829
299207
820588
576686
365626
204482
13397
2928
741758
133224
805842
505383
516012
45382
93551
128438
675478
910804
811186
136127
37257
943509
148733
98005
869671
239348
964120
318138
449
226108
75151
114378
480160
371944
94167
88601
154554
372631
261688
79760
73652
284357
201987
294652
299062
782979
4154
190394
576323
958414
976577
272397
805643
669123
87855
680602
390956
33483
112091
357968
399512
246610
549862
680817
411332
130976
78762
295888
693193
401906
26880
149311
343799
331165
562478
187297
411758
846143
989153
152262
461343
62719
203236
165706
370429
348290
270808
474139
864579
605349
296171
517039
127250
45654
313263
622427
757839
596624
755823
838839
911481
755025
766882
192704
923084
609051
141066
678074
53052
902283
212640
388846
715570
210889
848539
733605
272291
809926
780334
854856
559697
834312
512722
688567
548458
892370
804435
929715
518502
686713
362615
464446
441373
306387
268189
283833
668334
628875
480975
847543
114435
3577
804237
992795
736757
496660
601807
778421
219124
802604
337177
529014
449893
911504
767540
506
567909
78872
524922
355929
88805
343995
343253
114281
149366
737699
950697
62929
777143
530683
775084
598156
317351
621043
57620
685126
6756
327225
357118
509132
736385
40701
47976
904142
601813
560802
782030
625210
94354
807080
360263
402611
623242
80325
681402
458695
728368
830790
243566
795392
751179
440051
205024
939206
649669
970698
219483
517998
300779
769079
40688
100974
768372
739118
458708
480343
24033
681309
508690
38502
409206
83027
549544
475915
352785
700642
139836
752298
919461
917864
490843
739597
644100
960677
90149
545059
303172
487386
349988
604611
681959
844733
265077
973031
589380
461606
206115
137251
588899
598443
642062
676876
693277
457259
4809
548616
219649
97438
998224
248312
680574
556720
374050
653722
281686
63084
408154
730228
516146
499980
466448
304117
141824
571797
478897
405063
85518
126768
28002
824537
593291
194430
788734
724094
905309
587091
252702
94764
306996
462825
402968
177138
361973
964635
895058
268211
650719
335541
839385
658942
795217
312432
644074
244425
255036
726755
275596
325701
461463
309852
439987
154101
995346
752139
238730
724065
985408
460251
593751
442820
738382
495767
968736
453306
513197
451629
371379
920771
373801
934117
892436
583868
403181
482705
43111
400227
507866
575250
188272
914118
12377
663135
345460
816989
609771
386132
872770
320571
989918
540463
706438
744564
995318
916350
852612
1820
974567
6372
203524
667145
956780
169336
33556
637869
349518
417811
581986
823967
541853
148160
837862
618058
62906
473842
430032
428596
896777
381436
469284
906000
171175
575442
692076
722899
749493
709085
228007
171166
636636
86828
479192
870844
885915
989703
927735
765579
592719
970608
1446
1492
690631
657255
541255
938178
639893
41480
153215
774104
174376
466507
405895
999025
124217
463165
570649
239979
531924
894819
20173
926333
468493
686089
185646
699660
276025
249961
773699
598394
285423
853999
972764
105776
969281
337988
248368
197501
793552
499478
396402
71730
32953
51728
117242
860523
954984
718665
746957
725907
888102
784483
380076
13631
379270
761496
357372
478894
653445
722588
999722
737734
992054
156158
228619
524407
556172
392448
790597
868232
406250
123172
357860
954479
92524
919520
664704
391046
675572
899440
280292
644735
639724
82394
352520
187317
42393
503524
85540
601108
298789
93485
630534
519639
57741
221052
720647
252223
619573
529778
321431
723045
104414
90440
45825
499397
797841
223443
704768
637630
175220
163018
13489
796671
666809
745544
566105
896094
143624
831420
512809
900001
134130
108812
699913
202863
119521
458704
129092
907376
674276
439445
422745
491585
668487
397157
771443
782567
736054
984777
664802
399078
213630
902596
737230
271037
260261
775125
870880
816117
215075
333610
748175
382102
564922
654687
171183
948869
570996
235830
423055
218217
323739
739239
63967
677731
290556
335042
287857
26306
462175
895183
252604
264632
172109
119234
104518
938905
16445
391378
77189
634008
165808
321019
14074
474120
886534
265216
832490
437695
992109
180356
725881
823672
965514
810589
627933
819653
523318
193748
903443
112532
569355
864148
264590
987991
934552
978855
468679
855167
981349
964832
839649
453623
418372
426387
251573
701709
526973
60366
841903
732759
707110
776259
443021
420621
656747
341851
786618
696047
319286
182032
821307
348280
179111
864960
891765
169866
711043
243738
393416
609640
730603
4381
924809
779037
112896
200721
490384
418695
641551
730366
422058
667015
997635
476399
814901
28360
985387
656306
863636
731070
174579
925971
407088
349932
470704
306993
144528
797086
285276
206194
666140
922294
819855
153602
765145
710583
197621
871009
547215
200488
782009
687644
97927
751206
148289
316340
937654
216118
361459
835103
149977
560375
321218
172424
864799
526403
62422
855157
775261
111662
195895
151841
57054
430219
470796
398774
688437
456301
453874
269003
833747
857126
335389
915486
624853
535001
4101
891013
821664
629336
928548
728877
667622
597314
603240
881363
817979
872611
623461
856281
242310
340401
452906
135757
851128
452971
883652
144845
434000
723181
827903
770439
526511
314790
761480
2574
195838
35414
873341
771586
481384
917585
122376
956905
521324
308942
499027
433897
647034
651509
149272
526380
760298
928989
879327
15387
208305
82194
588012
52563
754592
326591
457613
146906
540894
869184
129923
287708
48396
30237
86863
661821
339783
359190
32077
934880
111111
583721
117773
217521
688449
337
651951
64377
19106
861687
456219
482735
759126
764807
306848
627188
392376
131278
717263
186374
399664
203651
258774
968954
813494
682243
229218
572878
339705
70523
625657
396911
123076
854997
961087
835016
266288
441257
443977
473495
727956
237888
988787
242463
652095
913600
981978
895759
170520
955314
94711
496583
828668
398893
528940
19132
822487
368541
353882
229761
92462
5703
890806
171404
992314
827898
398627
503205
540997
740699
551454
729467
48800
65977
312284
424232
699145
263676
647443
959539
18741
21017
266808
303876
741750
92788
823448
279049
304794
264552
428197
15556
260983
69616
49031
10525
254192
24405
885318
671336
795835
289889
50892
636990
987983
51437
58102
681340
880751
37858
286820
220083
460897
452235
264843
716682
309812
27153
300268
610105
444988
326842
746006
495311
689193
536066
233948
455370
643472
166292
545789
928602
497
375553
215175
168365
969261
812336
114180
826
2336
578103
347106
325174
62430
322868
699394
413116
593479
28338
884390
733538
60748
989742
412719
535780
653229
974059
429008
492293
720936
372144
148547
21918
621042
581630
673766
593240
746176
963744
546354
190552
583584
916511
548385
252620
34869
619668
968494
689397
985765
255764
696695
281300
791720
162912
743358
216674
311293
71491
855041
102021
888818
901481
904451
907494
284237
938492
782602
212595
19878
512980
868979
854449
992103
794372
627575
602453
502213
118886
566913
632401
642172
881693
832917
425966
876693
870716
497410
313653
502889
165265
804325
326171
343695
901459
866404
835819
651673
924515
447431
32265
193847
958535
990919
142967
875891
248690
343544
615500
384486
598910
500081
485203
394084
145010
812142
568672
979844
202180
699175
721642
818300
578217
653919
422668
800807
713147
341063
932509
459144
711937
650158
787223
745219
917251
401100
120020
581678
606192
24250
10914
369438
920760
76682
852374
539173
247839
879236
139146
408883
10362
11027
958213
288227
567719
867854
150246
930620
757426
331582
618633
831110
185445
100967
526484
274940
767160
38755
959246
356099
452368
115139
257013
931130
855474
959874
210765
991145
603986
192637
413765
76157
105742
168558
517296
663034
814989
970294
38168
165151
219452
765433
357627
743168
320422
654450
919330
348642
818855
968666
335543
261344
668686
335744
710770
534576
620327
800903
436823
79243
711968
482153
63017
316042
745584
117144
421658
307668
867519
866312
66968
304161
78658
603167
548478
824746
958912
638474
621475
944694
143548
99515
695658
34694
844922
136171
562948
506173
124064
946912
590026
346863
902187
226697
370748
389365
98900
406823
540426
645514
1052
342434
926416
162276
182221
330531
555215
879578
427300
245613
791021
799547
105487
320920
417229
317878
983342
511857
980290
782153
550454
105339
347896
369453
910713
585482
301042
565211
303531
160227
141227
4791
635758
532559
25337
975776
480233
554972
698148
373305
28159
420850
93208
416743
477289
108950
62334
328271
916883
149190
587115
581707
553180
359622
325138
684452
808257
107559
463089
133523
581999
573476
373717
124342
244651
654346
304264
915350
25701
757011
400801
802799
135889
915863
911303
768548
982113
971687
289088
584833
340676
272787
28261
241876
934208
897056
965936
25257
922786
941970
971893
670903
937405
598308
671383
730371
332824
923471
595355
673031
829810
228751
819031
116493
669675
518128
511013
226171
391206
206309
583044
235288
404944
912000
192847
938490
627143
258889
120234
56690
186802
797831
132447
197453
80885
631078
695775
392538
953114
409035
39056
318977
18903
569109
551417
149525
537462
485313
32181
489332
531837
570496
794474
103883
122911
277433
799397
555651
438280
217208
464763
202514
594410
926377
44886
399628
274607
338316
346928
178297
649735
977588
384448
21559
779022
182494
414594
534653
380846
509597
984813
716349
539946
645377
445899
529958
483539
617089
34856
793315
768619
29860
174814
336374
935551
741478
960460
752723
577739
72830
880158
846485
588548
438627
62649
872447
492445
813500
209752
137942
965998
745706
41968
664720
737710
589014
73677
814881
503877
778280
98271
827821
891367
720406
716617
129684
554993
822259
183055
799770
128982
791686
539361
419469
756537
788933
982847
519452
828019
9852
920541
429225
766237
434083
281089
742063
841482
296818
768339
683726
376357
344328
58239
326880
69295
143254
595527
810246
972285
441102
906682
525567
791166
175532
641238
854787
797259
270165
465101
989077
447203
362950
129155
824493
81204
325377
132077
591830
237768
855750
327490
879667
720159
148898
690214
109518
93169
200075
42731
770998
962282
907057
910491
114374
225290
22375
236848
996898
519462
572599
119161
125236
42411
236390
829523
506146
897712
449427
734435
564128
822614
701058
4037
660074
845671
971369
556805
208017
852914
455634
650324
627239
299396
276849
902463
902330
906712
74403
253994
631214
357490
650121
974836
299751
165820
538159
474342
891870
486450
647344
331056
402151
910888
700604
400521
885767
203372
260798
839761
23487
124211
588461
194568
643839
330157
320019
630885
586107
504867
806973
481307
66722
541410
353802
939439
865945
930318
120341
312331
65474
985049
399980
826558
740603
661274
249837
608790
669837
713759
786146
540794
84991
484964
184277
243855
831399
443437
882135
428152
319105
141984
3909
648604
159234
445817
114902
194076
248428
294209
708610
482819
434967
586470
623180
939689
924195
828516
668964
886784
466551
831818
26925
513983
82438
554419
71695
608822
836333
238622
444881
186028
370354
761535
741145
627217
799589
620675
450463
236004
58018
217637
357188
660116
444776
809240
84953
818358
446873
293748
433357
20694
16768
119821
202114
408454
338437
712724
500351
473129
108860
506923
966563
67310
572636
767589
768574
566812
724958
877882
660170
806065
964263
502058
56265
403739
651899
86595
729007
509211
784378
505118
263597
83309
739125
954423
956232
413902
212442
612518
518835
403170
668064
959404
175818
776519
795672
599541
993753
942799
94486
159593
888715
553140
746051
732931
302623
509460
164992
845894
172550
891252
462161
198376
602880
88968
81930
584099
645871
810771
662063
705901
949141
636348
299307
43069
360148
898124
287993
183810
559360
575829
203097
6946
719624
101850
618294
639415
435896
158300
754254
813934
506767
523521
366920
575616
239219
643543
194524
764908
508062
805664
107168
636601
753535
800921
507327
401738
812765
687407
321961
146787
60144
337831
981439
332622
897268
163529
373290
422880
590580
305212
839866
821323
699554
759965
786525
924080
399026
465248
271087
310066
569623
10484
602332
339744
272428
889401
534824
373730
555221
377487
133910
732983
549171
910800
556040
754213
925167
322426
778897
186599
710505
159238
418312
440703
24436
994818
515716
170623
932740
927620
99891
105355
188505
83402
248953
624531
952783
375728
46159
68363
768669
16673
406362
87496
436535
855334
639393
536160
601319
142907
442735
212264
694363
542467
110470
648444
625517
798845
589320
629765
790185
189701
697897
831119
895535
74734
765030
958383
780923
435739
272569
346923
709144
541495
848787
561766
354638
646644
232126
17353
56963
797096
319927
482192
187936
123891
547376
338480
947603
22273
224396
805513
458925
874898
277579
109334
253132
30883
3731
959686
615976
858162
446428
611099
102195
493380
220108
714139
707908
112888
366538
734723
754179
741833
126633
86626
545981
675928
410998
367951
43565
640963
649567
216196
778020
927082
131960
297644
404717
68611
562698
404418
71279
271247
190440
662144
734955
613245
241149
95859
308669
176216
409230
404777
305773
94442
376593
248310
407807
294324
824858
370968
442879
435572
628255
278680
521818
80216
239847
785871
523754
650678
676980
96797
304149
588055
493941
112039
465200
353613
762080
592097
265797
459119
969442
395018
6758
455122
884372
854000
518067
855791
538244
984455
379750
436245
181290
257524
923565
781112
497635
51944
992393
406839
768110
676730
250230
113960
957683
927530
357182
129236
114346
73420
123741
29138
621627
874677
790448
835392
752044
747482
406909
922422
542151
529180
589827
426790
519711
935124
435555
712010
740955
366520
995574
84634
924767
69380
857639
927449
312885
964631
293264
961398
977202
827355
436060
148252
711681
496277
114413
737327
347378
990628
650948
151017
721147
749934
273339
120529
116193
695531
564078
792971
998306
50314
148768
819200
588295
51583
210955
930445
993067
77674
180128
407937
347329
471361
590460
880188
951956
149052
948876
263692
975240
235896
46436
154001
746202
250013
104816
231721
299683
163054
142158
75144
244887
754494
290932
667565
682296
982386
588131
461601
632922
970259
303103
837990
719546
778023
677675
349751
795137
741698
893175
396989
636113
238930
342754
775505
697682
518788
893394
907511
419725
53108
524596
408544
859141
217601
111608
252492
718662
742033
708836
224923
163771
493094
981287
745573
490429
528594
702340
495018
118864
71017
349771
310789
472488
436025
345052
723123
882458
829096
500662
595175
170708
760780
581647
990339
57451
962936
125096
842831
889679
894902
653843
397075
260763
664382
990998
486007
848726
345405
380396
992576
873141
233527
26705
414335
612255
402646
345380
892581
753991
391982
131870
927592
141543
418818
106399
671125
27909
338843
112746
210968
159946
519180
650522
75487
83536
663878
283043
725952
42565
280364
528513
381314
7430
653838
962492
747062
887891
100702
243359
87160
438672
261255
928988
23238
112919
832390
660971
38886
66237
170594
899301
145846
715789
875366
624701
876673
768859
617932
737850
17120
347991
790077
299440
371474
555327
993594
439654
489543
813931
487011
607736
403470
327322
66400
4704
519459
776513
753366
853858
671104
250577
946846
970535
606664
529502
150223
958785
678817
610964
466894
350599
731139
882804
808603
18137
318490
818425
145166
409463
576456
564902
298164
101100
187461
396568
78534
742437
795809
567003
667538
769038
295058
74483
317413
715823
284135
723316
29095
475957
613722
67153
951324
567707
912348
165990
41414
14104
496295
679619
664507
84377
203625
560360
477905
642301
130839
279399
629210
334307
999349
265902
158645
964246
49137
524805
306490
717383
636896
587760
898205
666530
426153
302342
287770
196943
714477
360525
532679
804673
393230
528668
222305
764432
645092
731047
279941
103337
844003
984430
948453
984946
378635
938516
984743
803373
951276
935624
521593
569830
17529
919223
853177
320446
444853
897684
557522
550476
871873
73711
394797
289930
568034
654102
628948
725784
904351
296594
555822
326717
970792
680259
235156
18677
496578
353383
45345
545637
818044
747415
1198
680337
716531
410906
30347
474869
279299
323371
606603
213864
64426
589335
482412
837475
344916
197875
218783
136554
483797
656782
739364
684132
921494
307373
261655
968940
813298
491035
54349
452066
265867
509771
876177
455720
727144
759301
745866
131297
142139
423419
853386
658416
361219
236281
771258
470789
853242
557537
973576
178873
872964
564841
707512
333484
891093
788068
623695
330529
555623
149088
933003
451161
771430
607912
951533
439295
127896
795017
483511
631389
766392
58147
281633
956297
598493
846529
453877
630036
606163
776271
346579
802901
681575
240741
901104
284072
577063
629343
692525
408436
667319
641807
98526
583736
465281
577892
266594
736365
491807
361081
327605
544160
562614
934719
132227
88095
550450
184733
194520
398354
188854
150974
453226
938888
925357
727894
926312
815005
186218
748487
923074
596553
161533
654758
353612
970162
608416
757523
172656
391607
60987
1507
425482
915144
801686
824465
350347
747320
223468
47832
432243
725739
95314
678741
651005
642036
302644
727082
150879
693415
59636
319311
351958
581182
283149
863996
978647
282790
358000
716068
678410
328423
424352
610500
906731
209089
655569
818243
348921
622658
821838
645611
235883
866335
285203
784121
463209
644457
720679
561182
945021
532926
692451
840903
698726
736938
887189
202379
837195
356438
564978
406803
117582
105394
70687
441933
587592
255433
110869
472918
87167
377736
846633
794726
341013
931733
61048
617540
762790
859699
493054
85138
552276
950163
123099
92831
571862
560053
788599
289317
273810
508971
619796
976949
210862
656871
228338
980784
928757
666754
104342
801134
240163
887370
575435
193541
951461
306949
662121
967923
436634
544489
975493
549257
732353
172685
389693
136962
929163
417459
422543
162841
922244
598630
745963
56235
334133
505644
883400
526454
735153
784235
68568
703037
209087
354384
458393
423569
737825
82170
733739
842546
716732
914807
920844
296201
731327
163721
78528
225601
986370
559775
756076
885691
567378
64013
919108
368569
384159
387032
887697
896721
764177
216802
161212
158207
258746
552667
562265
836499
889287
726823
374770
974064
425771
913627
814456
438286
806446
950416
288055
812744
612734
566352
900099
460673
241109
832472
557705
31584
495295
476428
295506
846993
385631
399957
656435
603392
759957
735985
660161
491658
450053
187148
510264
990857
587521
441967
619344
993378
535309
922537
7219
838249
835110
800014
722689
82336
789133
755162
970011
947494
77544
141207
883406
121579
523897
650033
609092
240090
146277
208978
39919
54204
323238
886527
459454
237069
437876
863777
435753
104639
360016
25963
428745
386268
248059
502126
207258
325529
508942
565486
60958
565453
197451
197589
412056
955396
640656
598601
184774
144793
680144
850440
445777
917407
167329
416624
219951
423647
979371
239755
345481
192689
998314
862386
608173
236531
958853
453885
452928
121367
721498
763683
360237
101966
670546
853856
883414
369942
124539
184149
80864
422665
644528
774959
197271
99526
69803
887669
788754
364555
505079
617348
268978
531606
651634
516880
167447
56372
764272
816294
55954
273420
856105
847821
538438
6810
705944
705715
608648
867758
916340
609139
716088
602576
476409
605019
89116
229939
494394
896605
508049
522177
534549
695924
134151
50558
697025
149417
182898
155714
536356
985574
255197
166887
38776
362813
444310
80269
366051
193725
886259
117627
806701
975292
654990
560471
312607
378263
139294
652954
770159
617086
787852
906654
631506
381842
87014
241310
236210
404082
871171
552363
749574
974296
622553
463067
691628
876909
858883
89910
799326
228242
326101
892095
212619
674064
382870
165827
313950
215104
927271
697277
611569
716273
816426
896782
782753
870528
933835
431754
280860
106475
276474
976980
714705
314977
571283
742606
924409
7782
833566
806103
209417
966077
852393
983432
4300
63218
278303
175068
644192
23997
816979
819641
567480
816331
813517
645222
383674
164305
793701
732995
393749
121814
772093
37818
202195
270277
969002
273126
58800
60398
286844
804545
338787
808281
671665
715054
800152
677561
784582
529394
969180
189083
30247
194703
744277
430999
102014
859125
313260
223574
855924
438468
586171
601039
959474
577296
788262
632123
894504
695637
154640
81973
931461
242211
385775
928057
382079
415171
730897
992876
563785
960610
969884
674416
29914
542912
610065
104835
219723
429803
897979
824517
241438
2034
834704
167688
807359
689783
872095
976504
782219
349889
941845
98996
375948
979367
338057
728946
85542
496061
661246
652980
204242
601331
797998
318042
952148
424607
770481
654076
168669
44926
68930
770648
349117
88918
161264
830783
388196
147109
421643
323437
571412
36996
77527
192738
124088
753739
777972
65806
515040
171214
65381
505305
499067
383891
545987
791211
832110
83599
992160
204782
761233
410113
644972
701054
451913
209659
467270
32529
83729
100010
881654
174558
162972
55239
393386
275152
585848
124087
99563
748149
553065
753859
520804
75443
659802
219
868380
844559
502730
432774
110063
703707
867366
991254
484009
845297
841050
484635
310110
673834
105831
146752
259809
688282
488420
906128
11151
888999
86168
821278
324817
547893
4948
610835
707495
50088
5626
552511
671078
926589
212196
205696
328073
226428
321642
306487
383766
206506
13978
901791
77569
757827
851262
305386
579614
439683
897796
921955
107066
116652
637825
539507
593095
844899
224355
850129
557509
112377
539506
394111
483137
274670
70545
375756
34102
998271
895346
83667
160202
536577
67482
256791
877774
411898
96229
830271
618525
301312
193772
142688
494791
216890
936939
32837
84394
153677
109157
966688
619241
978719
14785
452424
845040
966636
58681
412301
11416
38699
398007
258951
840691
228312
759168
992685
111963
456939
92063
319680
922626
360399
805728
984541
505379
443159
558575
628457
279560
638461
701462
944042
344346
433162
247692
772914
453618
349162
231152
296368
889806
827796
179585
805303
952397
511731
321917
441536
778977
360265
635573
649362
301714
708845
549176
403562
32380
699680
568466
982068
194039
31422
449432
855277
777387
338104
195047
160506
986109
535379
394739
87005
831187
966261
465782
203258
263493
705063
202038
32899
783577
497854
101047
551119
777011
968054
809857
769370
374557
122832
650330
133321
326106
823970
283988
132150
974427
423571
625506
965800
73514
904549
737020
221547
831448
770167
981871
683970
568985
572714
757535
935602
425326
299446
770507
918760
150918
682242
342058
108974
497671
229442
373390
406931
112865
92309
400964
622218
540000
477596
329664
844934
478025
231619
998669
152554
881086
735857
669271
191262
88193
946260
910059
665101
643079
128424
793817
877066
692570
582128
473698
287666
45877
696800
780990
743663
151655
804146
623054
880218
216199
675016
253464
708902
127807
708847
638532
937900
625535
756990
119590
358957
922084
792396
761584
450838
335808
292996
974430
125082
805937
862917
873110
789409
361071
313920
324163
200492
688702
606908
64630
615613
410912
117369
114568
710335
172475
956878
211709
407462
140858
405667
790390
652158
522784
9346
832485
247065
301974
305062
861657
491629
138170
475530
466778
225694
694057
326047
499532
487505
406618
95187
127196
182860
396252
312678
807271
194307
268111
276779
858989
803999
18204
694239
966064
728945
598397
316755
352164
17232
354300
254552
566220
61916
585895
692154
727311
911470
990503
485063
612695
956490
673107
914194
417310
181846
226104
529782
654304
227045
570830
85920
863299
179994
275413
416428
152801
779990
495835
442419
587252
540488
169419
887744
267122
26789
86055
983748
636241
673015
2504
418654
740980
182826
672659
33923
181150
573931
967334
307503
223049
908415
233074
12862
495888
450309
718274
914619
828756
687247
827724
869460
131463
88745
231876
862519
829034
386383
399788
370354
414051
204815
84443
250036
822905
273502
800054
829654
530289
266067
327294
107383
756315
937316
782725
819945
138905
972473
397229
56528
96341
50019
918615
583890
130948
16017
683247
314397
629292
170947
388352
232858
943471
815269
980110
248375
193997
639890
474722
495853
171119
284901
202992
309922
736061
593606
687852
708089
38940
910498
182451
702853
402321
830656
686132
97080
180773
901961
469769
430902
333555
217331
809450
732181
147819
962078
75830
144497
731285
183612
883752
250695
433415
350248
453797
871356
308719
425310
144252
739083
573920
49074
338732
618002
652846
767053
916729
11830
55998
586398
352758
680965
759798
580790
923373
889446
283659
426183
401063
271277
438847
263934
878854
461585
958131
3624
374260
405659
917440
18211
914174
413719
395481
801375
259953
91173
545420
74374
784171
515714
672579
310097
367482
655176
691579
293669
316652
808328
332236
538898
27654
796663
153222
145767
271792
230621
868843
649203
628378
820763
561557
878472
245788
645120
514125
167935
916417
577040
627952
303923
403270
996632
61353
682962
612521
737090
727265
918621
775972
146198
81985
294763
333709
239165
132590
372347
299976
472815
832249
887046
373678
9658
214432
571585
343728
9499
670243
541687
780981
783788
831414
807570
158949
110496
631860
364109
215327
86823
602009
315710
318623
436835
102442
654614
646339
579567
42737
259660
233711
45444
680255
853962
232749
388691
364557
275849
164500
643732
798877
814607
786968
702281
773537
561579
250794
401996
220851
424852
60954
746441
184561
226815
312524
746435
628001
11433
778871
570231
490365
285668
82604
380407
124471
633720
523082
195161
681784
146145
271976
731623
177913
173356
34418
148572
293429
843460
52069
998552
643558
31960
633291
298166
475802
68439
657150
591811
960582
366671
275929
242089
8182
595947
772229
798956
525402
570610
716350
688461
636074
655177
427907
852037
607538
6336
278615
282683
232378
370666
734892
874158
213747
225690
739057
647984
506608
255176
994658
196875
321551
399169
175866
91023
758051
62933
425022
880940
25828
111683
887976
923307
590782
90970
538926
492860
606427
295861
958221
754369
29900
649874
451198
297384
194443
76407
633072
40134
605816
32021
813744
234750
621589
472484
336391
509800
672871
237289
599316
510930
639699
398922
378224
961229
212261
465891
194716
352368
481155
39581
703201
849341
506444
740856
371088
134364
922742
509447
230724
35039
234321
26371
32952
627361
402689
522043
551905
609514
519338
100623
779182
190538
575588
409387
504612
781559
732516
662009
573438
103281
893707
51234
331507
659921
836881
956071
586865
103129
222081
45534
730182
361308
106846
162822
328286
863339
918756
179419
972868
894070
317990
285709
707131
182061
147146
607409
473139
807588
839150
603703
535088
203898
857742
908461
725165
438365
41527
912537
327077
957822
62378
479559
402210
900352
307954
737400
193445
85368
346934
743930
168217
612985
429411
873725
496214
948308
656466
989167
898783
834579
708791
672074
591053
850970
262304
994041
118323
851438
776363
244991
874760
317397
157464
291832
980393
4432
791595
199707
65330
348776
337787
556665
891848
453528
770142
525240
515410
558375
725373
154384
57893
850966
629316
258221
403604
795594
36332
472118
705432
841918
962440
20593
422258
326709
515975
393921
383205
977179
639300
323526
384693
876027
649311
813572
107575
986361
481202
314725
276822
240159
851940
210803
463069
677059
158926
818317
129912
331764
646737
222493
90630
64594
141222
620747
639672
457621
795354
882007
653457
363876
716805
47864
855920
462549
904471
516472
426371
934263
5946
648430
534068
981961
691911
194943
797493
70600
289232
319057
964525
736774
477870
183143
625932
120010
366078
542790
618825
649313
678971
618344
950673
131801
554208
696293
396540
410653
831609
835480
350490
892856
267720
77059
445062
744333
686102
810970
55763
339905
666341
521529
221506
366091
724002
32297
358240
261485
296957
817251
163797
702239
620166
586034
181797
330417
839886
968541
674431
103712
313941
308132
435071
965582
330888
668224
533126
640498
859107
222202
538952
986953
976420
976667
195328
849624
517448
244815
826741
182626
325050
525368
578001
648538
283745
119573
861673
689346
21398
297429
290804
910753
794654
909523
674854
4275
596560
534942
226741
304054
938925
155978
16577
715904
341926
966690
716879
982361
837673
585073
574650
24683
371376
827559
35168
347971
288202
262038
236815
850132
42763
305501
290260
991475
572331
704328
428680
146144
256575
888814
82872
471683
576204
283761
562160
371821
245318
234237
977958
944168
748824
827838
591387
981145
517059
753792
150855
827695
85366
625647
904123
247204
131583
127889
835865
759051
158893
921604
504566
275081
777749
615376
448894
734230
353920
156429
747487
295913
561799
316656
174383
146124
421936
393631
740331
43421
531447
564598
506242
68751
457388
71752
290961
396699
641905
537300
876615
853547
870871
762044
67927
29323
43994
46126
70628
944620
993394
512103
757265
787556
785359
524302
500400
562274
260652
122154
490762
100904
499954
718688
964743
116715
910042
185579
188184
312876
357783
625794
470224
186924
106261
634503
717162
748061
415748
708522
779317
363324
621044
450400
970209
956146
294052
23918
567793
336296
28568
682934
224011
178188
732331
24046
766529
80015
897532
96679
612515
739867
505841
13102
274769
801999
63159
519924
46137
464863
192965
495591
569582
613259
472819
994964
41610
316930
793844
126533
739999
136084
272125
852095
930690
465449
873732
392480
502317
7562
27297
466146
761517
202090
408411
101781
182344
598615
415431
729478
520425
610020
415409
115639
382467
207877
980888
182421
200125
24957
578858
788898
148105
117665
581657
169876
979214
140469
251102
116923
706452
752408
12853
100890
336777
958053
328733
675720
634016
521523
623969
906432
658206
366022
323145
397605
606337
869162
920871
803036
787078
69967
21966
504724
876250
90144
235513
297890
187630
187274
100084
653517
132241
650424
700790
412483
286696
298932
514910
32364
139124
598651
403438
804408
771396
202261
629425
903927
432965
242880
127401
503451
768371
620455
398654
76180
685144
239424
492174
734900
353124
93896
679889
628622
396151
423931
693903
403588
651260
311954
886771
651284
450293
570426
295846
261701
663457
382084
35644
912631
361741
541899
655372
558394
711009
983003
361265
234436
471040
774513
838517
533894
420165
570010
963178
382754
785172
227378
557128
744359
116554
664211
664098
175979
902453
995167
349332
214896
901453
821967
631147
786907
850411
340528
996024
377360
136356
380298
358052
951142
97449
443228
70907
286913
701906
515962
992994
697955
153144
850848
140562
137603
61736
121007
210557
480152
339133
839692
472450
585552
261292
396821
523744
300169
687790
770620
723833
118489
222997
296711
635892
234931
766662
198404
160139
820661
569728
956148
449973
203175
109164
807136
985693
992332
541433
712047
752635
520710
802746
428653
685791
929994
539239
418450
208506
65940
954949
127909
285368
464799
894017
51033
785936
748115
534497
836083
255016
583779
832311
347953
528523
663472
630920
306765
321886
40511
507796
844721
688172
391906
562536
750290
374288
355403
286590
802135
614951
658459
55555
302040
290868
965064
448471
72597
931172
957692
11828
573697
420517
998589
284036
546914
368984
114998
490869
761443
379246
105974
336444
998049
251846
340631
821700
574826
860121
703278
545223
916557
819742
632291
891039
269116
119516
912048
43855
114168
863911
968097
258239
792187
730742
65486
605806
349848
501690
217789
646631
950128
429428
983931
861640
142444
899748
973002
792800
290583
266085
348493
747497
258454
521347
71497
785322
156550
429449
686782
311298
142309
773769
243385
190380
496003
812739
958919
425577
973497
736330
410603
145324
673104
679728
71798
892741
267500
263348
40704
466930
364694
7134
933101
124049
2586
100849
544671
47679
997589
168795
697296
722723
224239
829758
20056
805408
323161
402131
166191
888379
538858
805215
314288
377618
335197
93659
618746
384606
30520
15544
486599
9794
103166
719889
746764
814769
5523
460424
421260
64287
671981
627314
608479
820600
610610
7038
453388
175750
251105
226425
369774
163208
201337
674975
674084
342331
244756
643461
394470
248461
444412
787582
114922
326988
948084
888011
302129
615910
471478
348001
112126
204330
204323
663735
675573
56718
627374
489800
52753
293238
496547
230540
867294
661265
732996
91213
118603
600663
773499
335701
618240
417100
197072
920362
508994
571734
216415
709365
513667
962787
251974
550851
362496
201337
347287
396996
442497
726138
860533
488206
232745
893641
920056
444967
398277
246268
323512
186438
20519
638581
972650
872780
210188
174615
498304
64256
515476
149361
130873
606939
929515
105237
760963
90882
963837
312730
728849
706235
16968
186510
772514
922888
374797
746822
286472
736434
257796
107655
951393
873678
548397
37320
178362
736134
351966
381155
665644
286806
985249
823764
466057
519498
578362
855871
896404
327933
416961
653634
884682
270336
788221
315335
398674
395441
878673
719612
381728
46370
825110
187219
277756
184723
943789
168975
496666
521323
548728
346592
5012
477927
349150
572073
428159
326126
554382
206962
283311
840237
70393
653538
977712
432984
520157
977097
419073
317668
642814
672143
436830
979858
891952
870820
779396
623799
141887
81163
239568
579973
269274
553021
128121
706164
51016
592967
887861
650648
72104
71783
514892
5654
617633
503558
131193
422668
911729
852080
868670
795837
58392
653616
2338
750526
72685
50842
372096
290452
490511
728722
526714
527385
50004
495757
634885
285634
454995
18500
767955
54143
659831
946888
594152
808278
548630
22692
724563
250824
261166
137792
545113
737396
367401
872232
984820
739415
821346
869082
202724
739135
745913
368362
46557
12852
702646
698612
746669
746058
904625
404173
279348
964574
122149
30676
935096
877673
717284
154969
553884
636476
510078
754352
177441
439269
184207
820419
617039
70079
310315
499114
572449
192871
560267
604859
759780
581193
163240
116248
357049
376932
307520
19299
22737
690149
796074
860050
901087
976094
906292
264848
682008
352994
866561
682188
90544
305969
854811
210612
888784
284340
844300
126056
677484
990903
997912
565771
103457
162752
725124
176065
245309
153247
318741
177677
974730
87376
522649
959347
542924
361097
61841
218560
310477
458698
560442
55658
557689
432569
654353
262490
471266
615544
717060
210950
782530
950096
794490
46449
710095
248893
186929
898480
774346
433829
822708
892918
601847
479258
779120
337410
747130
706381
340114
988204
456992
987657
194746
165345
143287
264645
366983
488761
854799
99572
216629
294667
229182
175028
439776
732653
425341
674392
335534
546810
132402
877025
612487
728534
396224
234768
801713
940996
477517
118116
802936
67170
436768
353778
74289
139244
960941
60229
392064
924107
790540
265416
385728
166657
226283
198234
114765
106019
629706
950727
723067
317343
617404
505487
965859
442937
239775
230802
250911
223871
308272
385755
993264
945534
88279
475379
342176
887607
32494
212858
405802
132901
608532
102027
403039
40989
30829
157490
885633
240515
686835
982683
759009
241743
842999
664102
698409
796074
898415
847455
445659
233286
175976
758084
625389
696048
360514
300057
297998
383006
471218
163848
172669
890926
154511
460903
409935
856278
40010
843632
792671
42999
849433
247041
936905
603663
359834
617254
172839
148086
21675
259095
184557
738025
735281
915665
115288
130813
325207
218723
654888
487140
956926
471140
731392
514674
995458
52496
206923
983281
833122
424177
504268
664928
818013
658861
165942
536461
311130
115734
206884
490112
691259
878228
960584
762266
254039
538496
950691
871330
46461
90551
690331
346248
161240
156256
523650
405090
27134
107021
37528
478153
344236
488382
608673
866283
626545
71669
114155
431590
349740
800837
600668
246090
541040
20126
525413
294239
670368
745286
685697
15496
652572
992757
242641
297387
178200
619173
700378
369556
826440
51611
363155
316221
992040
525532
843671
196660
68191
612795
867367
561465
741794
983970
888565
458053
868663
82004
962479
754118
263299
85662
432141
644425
806979
335953
803399
656899
794964
737133
215171
170215
211858
695073
203694
499028
836036
544418
511137
763390
821568
67271
41419
980
307445
705826
880074
886505
5139
588814
706871
645368
267354
674319
208695
705955
963156
536544
500441
816592
941041
379242
425229
667436
968846
790222
212875
328365
747090
528631
11262
711518
972630
856003
130240
446548
968411
471837
360244
120491
270186
847871
600207
188509
645667
682146
453979
854942
15081
100184
352140
658017
854961
816119
318509
10100
421612
912997
37293
177638
428332
578263
497152
571076
244909
170190
706062
558174
249981
381157
428452
538282
52137
698011
264704
842376
159862
419560
237053
515213
224662
468298
535931
849789
257299
517193
586449
384776
412729
848396
507837
76967
434496
563921
676719
830496
735226
673619
579675
852602
984742
729441
304375
408118
74723
247164
107366
476268
38260
134664
728596
86239
569246
688677
956038
88957
813673
969750
564054
189271
577610
345964
364496
619156
478559
567720
983046
210157
158676
860651
811378
663614
677039
288022
57291
341042
254757
951567
635827
762764
526588
202809
48542
228007
668673
378598
678741
909055
688371
182985
162435
45301
799560
736190
278440
643693
178603
446371
243911
636993
424400
240976
785750
560770
619667
263070
693071
942980
233342
822371
804910
320617
926758
774921
786163
337559
340005
410540
647733
710530
930808
143549
312613
938481
809107
666954
268989
141039
401680
708222
263527
94922
421940
618399
765184
163970
985372
210199
321036
384138
743107
122163
432465
363275
685927
463476
768153
578865
510708
435813
893868
975089
986828
921630
618463
754160
901474
694472
5004
813651
521971
339038
375043
188665
176013
722947
755306
842640
390819
843259
174617
813885
30313
493589
958683
34197
627607
558650
82128
399575
421523
705836
406513
860942
326216
118869
62744
449756
467383
850173
311674
228157
722525
19346
770617
777517
480901
137692
432327
625133
940326
148670
703098
222691
389557
808447
105034
443481
772562
147445
848174
97
684298
461053
515082
22636
635441
29089
383671
440231
856267
190777
963032
475823
13355
552754
802663
616123
176702
997449
272946
656567
734324
853482
560817
62136
923837
661683
99415
419473
742002
188372
117116
942582
593782
82021
565963
762131
516502
451132
417024
734152
311208
6170
835734
68737
554510
461704
506986
280439
141873
594227
255176
300324
722858
531205
526179
739170
81317
666430
241791
107817
740292
496967
325081
144905
698036
956750
715040
770000
335735
555083
336214
694377
396719
206105
508366
10159
277350
581152
76165
391054
765887
204692
311906
286624
366212
242891
998490
545892
951227
650523
932171
275707
670961
603720
321611
912825
747552
499418
814775
325938
985263
92441
617854
352650
328412
420253
135175
133374
278793
206471
537415
581832
926231
383863
709279
528102
305920
674220
728150
37126
802768
189691
387498
633238
607514
446616
700879
990233
41864
944906
542928
229462
742476
569632
787124
464978
132294
738382
530988
409011
172991
840417
595802
976183
714670
731329
758261
198639
623567
28286
157874
984484
506732
455851
917216
234953
323107
638916
968319
958356
105575
413700
888824
535803
812380
228674
183089
529676
196776
231445
886527
723882
600155
235374
721120
430334
41194
662811
306136
234494
107658
261025
237797
591004
241925
701841
66009
823429
606934
599603
279236
732197
440553
652977
733616
541690
128328
819948
468188
794984
775262
538799
491192
614803
954990
332625
260645
416909
20365
895493
746378
46907
522039
534559
486323
248229
489354
915741
664691
9263
961421
119134
260611
886697
711632
673587
647051
899857
726658
753121
115964
234134
153873
820230
60021
303248
741723
215425
518028
366263
739818
563873
183330
364549
466271
582264
458937
465318
915576
496048
152457
755396
381836
250196
383252
217497
42798
566880
907277
522419
553911
268830
605902
618698
588502
492775
817136
440305
575447
257560
779368
273670
192715
315657
656698
493040
187683
848381
312419
558837
300223
438505
190687
977480
115008
931951
77946
587106
549917
229843
232168
314763
192252
273935
113967
929895
184538
193351
301207
612708
385020
766945
584634
350198
446762
151546
394384
997023
947035
204116
327867
815203
619386
12344
842416
421177
369933
683979
82338
571672
866245
128488
506702
972413
101994
826159
399185
239356
832630
957123
530359
687560
997769
251509
427310
257270
797237
348226
419395
841759
103710
252000
854783
947539
978207
891872
562522
750416
388801
255109
224165
76309
266561
840790
861224
822828
789260
315335
400201
267651
583999
661041
239711
949061
880685
869159
823807
831173
537078
89334
4004
841992
286222
300238
351376
522323
760001
413745
79900
697229
829271
752473
598969
703658
658884
800897
910549
308513
156975
136598
187434
742357
231924
424412
939801
649688
899546
112370
947406
818726
551814
819526
907832
223085
488991
745195
831585
62813
870782
696486
206310
656808
393568
717541
464473
918454
905139
99893
849548
977578
154295
121327
792629
317990
19531
552653
685562
325126
640119
857566
342552
366354
772111
268138
875202
392383
767265
542769
257176
102033
649735
29580
576874
136810
540575
49145
532261
321877
21877
526957
156484
671015
535418
327101
105914
13958
709417
812921
667494
319619
500582
986353
963487
618244
876332
216549
817232
852458
922398
636309
210223
333362
546302
356159
713677
152409
693336
979537
327873
44956
361614
800718
773284
398735
890179
997683
348437
286367
436759
750586
470549
258929
735238
561659
627437
516505
562776
44691
568564
846150
426713
63618
526215
735554
390470
209869
305458
416679
112970
607076
402874
79852
742814
295506
700630
591523
257752
945495
542687
78438
128839
896759
943833
403642
375537
940637
803921
336600
96432
320122
13577
968965
889300
735954
779728
203769
412151
498970
766952
335570
731318
375343
90359
333459
675286
156806
89649
953052
847021
909410
592985
735221
545841
99380
992879
467457
608623
595651
33688
291265
834903
10229
58884
516500
350054
810839
375587
368262
49651
778125
624969
184503
686249
751107
568834
439671
245792
514431
677974
351302
810276
937568
720071
863380
554659
640995
215690
585028
947850
378864
415976
380231
752360
326555
920690
79467
232949
979355
935343
875496
748522
164985
818892
192241
629450
431454
594970
32644
956638
467731
378663
397250
10821
895925
676842
29953
745220
892543
512105
838420
720722
802039
587933
794078
109258
340254
448286
261318
493191
221705
969216
842236
218153
507488
457064
737749
96324
187946
233824
580898
802770
849385
645157
810025
926077
262160
417592
709216
480469
387231
676745
930426
412688
864307
893136
425291
877596
383705
267323
806836
142096
407347
637897
461866
545202
928845
699310
849838
994652
769768
538062
635283
255910
609639
170016
121931
878216
300136
279359
50476
627623
50388
461826
948118
749420
610995
794094
76346
319324
562907
823264
86719
786337
912574
951721
312713
890747
453813
743728
526946
193745
875864
464246
746575
312615
289715
549382
241503
589333
476164
382558
778186
123191
354412
745638
666895
182487
649089
509222
42112
788495
816675
419314
156195
206485
891663
53863
327526
687767
51550
71914
336770
181193
794387
282891
747505
901308
663956
820583
163613
837573
711638
981111
504723
883723
515055
620656
98939
425227
811778
127162
619858
121299
676953
56184
921674
644677
161425
616424
953109
939226
764602
910161
450686
265532
944421
426464
278439
142087
890015
311297
127520
910389
756430
586171
106853
408208
400358
309478
289499
649811
759973
357319
823607
910237
722614
239785
821727
366824
164080
303544
483193
880263
11251
795215
67258
745346
561074
765976
599651
537982
356650
680772
116344
89790
266127
884446
776757
580863
409315
826777
32353
987726
331804
51510
640110
552222
179161
499470
582414
617476
831274
756792
669903
690124
466821
254152
438002
261057
756581
693365
354143
610817
317364
44805
200174
904493
625558
840071
526392
790366
854148
875648
144562
817808
781994
81374
356311
53013
778619
736977
654299
774461
981328
460337
94324
146514
812568
685941
855779
962884
360513
373695
340013
524657
52385
294709
635824
910425
376811
208418
278480
864926
11658
411790
852612
982512
17189
547386
242367
448930
185659
27680
501314
219861
684559
757877
753922
626910
507029
505108
490381
468708
507550
794315
546275
709999
780465
790972
204563
265395
957537
862859
691836
400848
597492
87660
446405
975650
894507
985637
432004
195519
360250
634321
934783
932336
345700
334349
450268
42419
774471
51541
952248
166772
865298
12310
927077
988878
263980
675584
680480
901916
572644
9680
489479
962923
367854
459299
332463
593609
772896
224733
224778
236626
116951
220385
883336
420219
247560
290733
81959
955934
688367
198748
450911
19450
439284
808620
33752
988449
212575
950418
172903
7193
158027
49353
446758
297438
222296
35062
922906
791281
640124
245962
421235
530232
406192
871419
340006
1042
229148
776263
563798
568637
774997
72910
276859
707390
776471
196100
719960
237891
14064
602518
809258
501571
803781
215057
43155
55658
662733
75857
755051
784254
652212
154526
292222
190307
342467
810034
660152
142622
58146
602876
822398
550532
468901
981675
473571
362486
716523
365193
658624
907183
716923
388698
653238
346363
609433
120353
753401
999065
346420
778325
97566
591667
375692
143
581326
809864
289974
306250
239180
603822
574285
181009
688090
308783
403156
892591
999276
735628
195367
423926
616843
981647
871951
807206
847857
561286
354672
192689
529209
900993
190765
663883
453790
114769
615783
159362
857875
20148
682899
488251
763871
132260
126112
871183
533784
968554
850546
974247
559870
818622
375095
381499
981767
494381
198207
752772
585312
117698
116246
867605
984107
656120
414851
193875
434366
48877
675099
488630
686395
95268
267335
50041
797886
488172
215477
682144
966968
827283
256316
568495
620084
969141
194007
853288
43622
925840
387421
831830
888065
288345
816622
377132
728602
501687
744367
70750
821851
674920
264023
137311
671823
646940
61025
174101
487441
935227
910058
205454
659295
312157
35045
762224
649450
595282
942951
372965
957112
65286
887822
17873
50800
747185
932164
837627
168492
827676
912026
585529
935147
284586
487874
173921
897932
537247
430284
949635
345659
556006
647755
495609
135216
149406
588898
708906
474551
207906
570729
101084
708732
717922
720459
652455
410297
856464
664671
494827
741945
225123
330525
815886
579834
386978
76555
120897
376876
84784
960197
989688
563588
242251
783860
727736
546771
787897
159415
867721
156306
237930
830097
823383
499950
7349
364190
863540
426454
651459
410320
532993
475128
499677
14082
67851
549337
32788
678528
303146
883868
254271
757043
182655
61101
95418
306513
329586
327621
35585
75375
526573
298658
753082
51897
389913
906361
796930
782102
300314
439095
554888
665188
452042
843856
449260
412931
194771
664709
273110
627240
814406
77163
590570
889960
492277
15284
313921
260883
231669
282715
192475
932852
383244
686731
995844
917756
831574
596085
947456
864781
554798
230228
278676
372855
227165
448280
937520
9288
671621
466590
591608
810743
702959
347205
830847
511455
471286
352724
832521
23594
98955
359920
909152
59508
18204
869141
90858
746616
590704
827365
798123
868677
763111
404207
334412
526317
364331
340688
241649
848893
407482
399653
858552
383131
579147
543851
222587
500022
763442
854436
34527
201140
998857
46197
615596
966980
648464
858845
94939
108651
109512
524344
773455
853705
76419
496065
525531
377708
437536
49919
291613
444549
760230
932501
877213
973728
521184
534021
952942
840045
86451
239884
246160
860737
640595
40006
172770
39554
145353
630885
167233
409934
373957
524337
279105
857976
980522
586632
48215
215163
569797
276389
792860
491326
419502
522713
146159
499737
902755
245033
113775
53495
570013
478078
728362
958154
780840
546838
778086
892084
466425
913932
109523
669187
860755
467056
946208
133750
859238
676365
451479
175688
499167
933301
431663
130600
904222
842740
637638
26447
540411
50026
398265
557710
505118
102982
394955
761109
713082
945221
561332
728657
609804
614109
875447
948364
512810
188368
773069
612495
917390
820312
808784
788577
393513
655065
121503
879383
581632
924073
744066
788887
162566
415003
746787
939496
384959
844872
993428
810690
52796
110854
237934
691803
2557
981920
318296
258604
173680
237478
349229
862583
449977
833002
391257
925977
520433
982723
39024
724750
71416
245770
956965
601906
986820
911843
688555
52448
80851
798892
505277
950780
208148
190010
778192
376220
213026
254563
594334
596286
231955
10987
597207
129087
319523
970909
837943
441142
143083
409440
86819
707681
478517
980721
723581
655174
669682
94776
394637
443450
218512
729136
298322
854958
932145
981127
665981
668482
449732
794879
748620
664567
425248
876197
551832
697446
873158
176120
554524
659019
302801
826911
328572
480858
379416
964066
759901
261748
846093
493331
52170
65171
701091
291584
980829
107021
839550
535760
891111
990207
390488
321062
908646
399866
926360
989602
26034
963300
305999
824283
950426
752943
468312
878233
663847
739876
129642
300517
508922
782265
476427
787707
67522
637654
854747
176052
224261
667924
350747
208406
409828
261107
66368
954828
938847
489771
369560
688042
593525
373369
956609
2604
388113
623158
659328
851688
847037
262741
661655
812675
980097
787876
902598
52318
396598
618115
517952
384146
61173
603066
202625
891068
759216
346625
699828
379323
561620
351153
656141
406127
470412
892441
36461
393748
104504
893682
645174
568182
836107
34694
563714
778795
796686
347173
686783
899307
653888
495290
265909
298746
107420
460462
730826
548380
166131
582594
513217
875657
279488
404746
131287
740337
304272
201355
626672
228227
857074
474879
457319
545688
437280
463043
396755
585738
789516
384629
90071
205446
390480
96227
261944
350903
64099
465836
269407
976618
338730
472261
281588
85411
802863
460062
766982
919475
627906
923669
999422
535205
247643
431300
101051
234268
817135
854682
534130
135638
971048
369105
199475
587857
59756
216822
468059
977955
410612
340776
979049
431010
771782
863952
808731
416142
645892
556338
634409
894705
31224
400012
871395
509114
210271
507825
564759
945214
472295
264051
742881
772498
633581
868411
354792
195127
5327
120611
422341
485963
220010
794366
536096
85312
540616
571464
425508
356996
165254
55306
968538
757194
749918
815642
979529
214312
176071
515735
680809
762897
533020
148126
796435
665019
278761
158965
960178
464677
199129
89
736847
467188
783834
362921
76914
583500
39162
58905
280969
861270
442504
991496
423218
220828
447463
585636
754809
795469
210285
465103
183551
465350
911851
112785
791302
83291
14593
353149
834093
374364
690605
871989
692261
402128
532487
575607
259095
430648
224886
602958
810919
180827
800608
61814
994719
96749
675404
749973
605805
719485
32320
269406
763228
841613
907380
172658
391368
264160
365959
969518
585929
962877
744618
172956
316857
915810
64821
713589
39627
268776
729371
637346
620207
358396
624296
287717
361555
929036
92467
353387
554223
650134
964267
384582
635033
221554
222935
328211
140111
844013
514765
927970
532788
71187
688311
554615
711907
664672
366510
762496
839178
70049
19841
284225
25822
144357
330592
485145
973057
3055
862395
368991
713582
244627
989389
361366
872733
463515
963812
100927
789795
308706
425258
567487
264897
911979
418172
436901
780128
719472
473765
55517
219327
99279
271966
254064
364249
131744
388969
892201
183489
660212
817426
963697
642943
424316
942117
242848
73709
723693
775646
757233
971215
911566
409392
205775
139051
905823
851783
998779
491785
913072
707251
803452
135754
539437
617776
970657
449281
20149
476839
965748
636443
896748
872922
550913
314225
98337
575982
1104
223956
683917
287702
627480
936245
23878
561956
48797
235967
488206
185246
434805
754339
767279
254136
217100
560124
314379
183597
130884
855852
999647
56261
109584
745641
450546
634606
839682
379000
531298
457239
201040
892342
887557
435996
114171
660527
738401
125564
175499
78444
182958
3828
654260
437615
265778
565416
300819
360192
624276
456335
192748
446828
153771
821838
813370
203814
475498
898445
371785
678755
65309
899305
693578
506950
149406
731619
862174
967528
624127
866959
94475
148772
112136
258083
946064
359323
167695
986377
761616
108459
259469
852758
91939
601601
347645
870173
8479
373897
955713
346411
14074
3858
856772
202516
635808
112434
423317
122765
983340
564833
438765
491553
660652
967363
930877
218169
208370
392506
291459
316908
419436
861285
998234
451411
858307
680965
626300
192830
366808
673570
601837
764728
161134
741742
631151
686666
694142
297325
732163
657842
16648
890731
189783
974849
802833
497004
477823
766490
908872
335754
958988
773357
660227
847214
733584
987764
307437
236984
184380
914172
816903
633347
837036
124145
983065
980257
953845
349060
92401
847718
614384
617513
436225
220726
16187
76908
2439
392758
529246
703966
899844
489368
930609
97310
224603
724815
79725
991483
877361
256086
143027
929476
720932
41795
656897
245771
748028
255188
536181
378353
976028
693642
250182
936120
475931
546662
982109
323582
821094
78565
515494
269312
479927
909018
980693
116857
169359
160446
752165
812167
815518
443704
786340
773325
381833
283251
871115
970696
785731
654658
390118
605655
748338
912705
474773
298673
65290
130513
837160
885574
682081
221632
389705
453234
461734
372764
237001
523278
752017
40860
58051
691188
336026
856654
996872
583556
19535
168046
984055
368114
397607
891027
601040
268828
564082
269637
924883
880771
339777
262969
561803
960595
863254
935136
390753
842225
476737
410239
524516
511143
903253
992702
87294
658963
663659
92929
711873
962046
498338
774173
993184
481927
434721
930483
460923
351593
414088
358574
81671
464908
382157
573698
481064
521524
598151
964621
881411
634524
917211
323096
431221
244109
787285
264257
622378
124146
223832
249357
505283
602116
586949
419682
838483
444552
765221
911842
802970
434172
873998
24386
722386
286248
99449
749707
745567
82635
546062
967659
337008
250546
73888
247387
44039
323754
104590
9071
50571
590394
475673
851065
635301
971451
578242
483086
603802
882457
73141
474543
547082
140741
101988
499119
282742
772510
933981
524033
215378
210315
394810
50864
670827
255502
811203
133484
445897
959376
461959
328050
230448
107177
819279
694202
12321
214956
746486
452601
114282
882942
79072
283742
39005
960663
633692
33412
193564
509334
848269
576731
619925
190488
7075
785552
935672
469724
520707
251341
201434
679654
216211
437010
562988
817572
628384
302596
392930
279737
105609
226041
731434
430399
761274
500440
5921
482289
279453
12884
617697
881497
95267
40813
691536
998383
207973
624381
411644
422176
882501
619017
388538
975813
484055
554640
831698
280651
518699
342148
749124
406186
565280
997173
985122
621660
882383
863390
405924
551935
141492
322443
606922
916139
76008
134113
666172
769352
815242
775145
541696
716666
623299
993684
368646
695794
247328
781902
683150
467166
168612
108156
403854
796657
860174
408435
529812
208738
988410
859671
318720
488382
564526
385025
484644
580576
211422
22029
965483
358866
34250
374493
121434
65741
544194
369394
412331
760047
504393
946766
875051
704075
899318
659671
779437
353448
855221
965825
541949
483838
174943
843055
385381
63514
992859
256390
207297
212892
413092
282551
338795
943207
95134
710119
102864
920445
769437
760433
933816
575080
975064
312843
33123
353981
279334
752451
152958
996481
957346
295710
579184
986507
481418
930863
807247
177859
933514
238705
526558
879905
155707
603839
797090
629784
925365
91495
218844
910922
354372
935484
57613
703811
527971
366973
585386
745984
652770
786136
626760
754446
152769
723856
877266
956645
211789
108900
969941
930587
355518
941468
814260
774619
417502
762563
724382
19943
563977
721225
34347
339896
376554
458785
774920
294662
694395
52047
646748
934552
125986
485593
243215
285728
834586
149896
988237
1033
715784
25240
509355
425076
103085
494712
844140
793623
367173
338936
915635
130798
996943
902529
793275
62119
220651
362461
310405
72146
820001
804293
378928
312058
820450
188854
302139
281398
343964
573498
238555
376960
648876
645387
454954
118435
314322
336386
909447
389457
225179
604366
705564
526528
687756
732954
211724
547271
72965
62787
277379
571040
517772
39042
451578
412785
298171
232415
464866
736710
252629
882846
286280
8771
53278
551535
41309
236859
336357
567548
443123
283769
203750
171451
98470
918482
808583
195867
504258
459866
138121
692845
129986
222890
963543
252874
457771
70583
933463
371537
588028
79535
714397
338441
700273
368392
416632
889506
135677
780
448086
569658
894738
381398
259275
761323
810404
89054
989038
534664
333440
697376
515680
862019
824747
515864
272677
19272
704881
580121
706427
529673
824227
557161
6030
329604
631764
452198
331790
770655
26905
254909
529664
639941
562580
338177
861949
53295
536683
890990
958507
978047
563438
420478
213078
979563
440565
207443
548303
155308
487914
682048
8919
909468
940646
843770
760679
158917
696908
955116
709604
12438
836638
352081
463952
543371
630994
630108
87020
978549
313404
336097
403794
459425
114640
581583
253709
295557
738889
547647
822325
618442
938077
79286
523778
89997
661851
606764
431889
782196
267068
358462
880079
748873
967618
80920
426318
92365
830444
90661
858833
385058
78734
897348
951011
120772
137492
589824
108200
499510
287665
283335
849200
498138
485178
913987
217949
273828
544786
222630
715685
244871
133942
457604
311636
579450
124823
259593
613771
674191
180795
869401
37033
804831
218034
525413
401817
179577
435172
596446
993915
655221
282909
437786
980284
83236
604924
211957
642343
951527
881422
703530
689799
193951
208307
597514
987292
14889
149171
334581
873522
963504
787998
79834
390544
980519
203534
913278
113689
44678
425332
983131
192201
771219
793074
399143
502793
896924
606288
909548
852092
228886
345515
674354
977400
308182
578864
322467
737349
921604
705776
895261
830417
203897
590781
910074
334945
683672
985026
949001
154738
295756
505843
499333
763317
832417
722018
35630
902177
677421
940146
406185
117711
71318
671455
343009
40958
493435
148593
252125
390176
895339
127612
984126
46395
214725
578025
87544
243943
691817
500942
501718
929592
186335
866503
482488
321279
270831
242423
673153
520443
861135
168242
883913
327339
957207
769555
410295
953506
833956
610217
67618
156777
428103
968276
497058
123195
536596
134598
675048
59430
250526
449395
250304
265697
996510
877209
877352
680276
367498
547207
757477
9347
318195
867791
436583
961461
116814
66066
241754
144390
934421
567582
379943
221495
32475
149732
803732
268767
442239
480881
57574
269341
26430
558245
792829
444750
92337
320849
45469
83560
992393
726323
174797
188876
445077
716709
516514
70060
480157
474568
876531
596610
344428
826144
26634
84759
871461
939165
203220
391028
310787
465012
315478
434318
83648
293719
925181
252968
674198
779400
5419
722213
569348
19951
910275
147100
41445
300508
781323
848877
669782
140939
523485
190180
620811
363627
850660
661336
474252
828311
314764
995639
920317
134571
397011
485109
129238
162294
656482
713559
541048
547300
508369
749431
778492
857628
587634
437151
168571
904510
616110
235824
899362
196000
678722
703827
53661
528180
481735
636426
546238
437037
930854
505798
849372
716053
607631
237071
771510
759501
615095
272667
439241
181681
665942
960949
375030
680033
528597
514527
813094
33506
728537
587748
121405
385109
741820
389229
30642
359033
760398
67420
389906
881167
682352
528151
252985
710859
127000
106991
317864
640126
472871
248012
406607
471030
544735
528034
647907
638727
601606
466584
152117
649856
329829
312583
883808
935690
45171
619736
886917
182418
200323
972547
796600
206862
971988
871651
626551
703194
415140
932828
136425
905166
384700
389077
644977
83972
339595
281199
417975
224570
648203
575108
610337
342158
626878
188062
998486
264302
622495
357919
920989
540122
212803
886836
531217
568250
46639
958371
388543
137300
550772
382524
82073
439113
701696
377260
628251
884628
193961
328915
490286
262225
975210
891050
324225
103047
224796
177447
454694
815950
155119
214907
285915
195100
309383
581313
888504
541870
956382
806349
442462
104007
392041
215167
611557
849053
350034
854083
647827
590889
493289
353214
763256
600741
157242
556053
951446
324579
65895
87188
220444
277844
218931
778853
16058
264843
174565
457230
799669
20598
218333
189820
570533
838029
491238
600944
548343
763521
924484
871260
894518
526123
430160
952133
680902
704363
320301
660533
271609
228402
587501
212656
929840
183551
708361
94910
84570
747847
555707
292001
755321
968210
103722
817558
595131
913130
266259
632880
607071
77199
832186
821260
152148
346248
97593
268757
525272
967708
392621
411981
578580
40951
80831
947987
581705
844727
510716
689573
868496
110634
188447
92184
6675
712155
46269
415840
230732
35957
854879
190251
154385
691265
626777
113593
647226
532879
917630
601594
419903
332982
133822
384218
220170
616924
350986
310015
663980
189616
823928
141056
547168
845783
251158
653362
118307
69584
102299
259925
736780
99316
122550
750868
5158
486425
646088
958976
189349
880750
930333
648604
939519
393472
311776
820494
312882
963135
405334
422816
313717
783643
599277
392878
374549
564203
393259
236698
855992
400634
538298
195143
703498
9731
754218
291406
397226
396447
979715
152122
192119
300533
628772
967810
546084
64802
772667
943583
751307
720219
601507
892609
967578
822431
997605
53138
178111
453832
130436
356888
19062
525931
396704
474110
860031
451447
361036
839599
693538
645325
415338
246877
861737
736084
142660
811937
151790
761614
974089
23671
225975
945888
214345
831999
596651
633624
515145
107145
876619
767688
123334
184628
884923
838924
70380
336923
310927
921489
695362
1785
518398
290401
105284
24503
346226
177575
286061
928449
687675
616276
797663
805879
650782
582630
164035
423421
690017
690521
584896
81090
906103
72704
662095
536346
716751
200657
597864
239547
863145
966383
771998
73780
486259
289353
177019
249260
653512
418446
370249
516846
294715
845504
758488
311580
662647
562722
934279
152746
737183
924282
464916
640851
265757
949980
898107
195782
744376
481227
2932
714873
681389
821479
593372
571740
889506
948417
835134
82450
69484
808554
166213
954296
456399
970478
17363
571570
413837
84445
320185
934067
418347
552947
731551
288862
42514
820477
144168
118007
383346
781475
66038
353901
205888
68878
826517
941858
742062
95256
387262
582327
319922
485647
913724
795165
294694
315508
227846
969490
977730
4240
15959
197777
913707
216378
474398
45321
474711
704895
303804
960992
489961
234285
54805
259059
832547
586531
604854
982206
793024
520836
396703
596971
75129
427788
816774
416820
385156
91840
812291
329409
446905
765121
741113
311661
179921
522966
798204
699149
308931
294603
736422
921517
96556
953285
52374
852139
417664
636299
711531
412858
917825
853934
372329
859487
128522
881604
667416
924157
131949
793313
674733
862550
637540
632192
218956
147157
126969
311585
89177
5000
948702
916997
447327
641596
242156
130875
195675
118585
914383
423722
204798
683244
320788
902603
685728
459618
583365
208560
987220
113287
94093
765868
17514
257645
407882
938426
565172
470464
710821
413108
159333
200631
764823
845990
451070
272111
42430
93933
889792
908980
891186
482546
804906
32931
533598
356623
303004
399212
913286
968141
49207
888472
563928
26981
236342
67348
222260
365956
889618
251053
555206
126089
533592
773485
953012
377110
770075
13222
194286
601595
842528
290430
633413
618992
548515
164962
303957
71586
89661
751950
621892
560949
650209
264500
334021
866048
935393
210432
523508
68091
684671
688854
37451
848629
417965
242411
930081
774432
777374
423107
306396
761760
611955
582011
519522
735673
487744
382121
131432
216508
688243
479461
526463
858072
996732
262806
612364
589349
579450
701112
108029
226446
730718
118721
322136
121798
924126
419902
238589
447054
865698
907243
289750
844076
537986
388301
83631
41117
77455
642943
266762
421888
651977
648376
35736
247449
218710
286523
286791
911494
802940
69288
42744
256668
186375
156983
80293
602795
29761
619083
27946
204604
825809
927442
447903
40787
187135
818212
657690
900157
59014
368384
911058
955661
469886
423709
108673
33936
749100
416133
786550
277706
236920
934360
792155
594387
547265
587158
534039
694680
349028
301702
460730
431460
808113
730276
399811
401247
131907
412866
165718
830556
801766
709055
524166
811640
935269
707191
872931
305276
383607
690230
795395
854696
168640
502616
405421
50862
602724
422758
544514
24198
700930
799095
818679
761095
680047
874451
67648
671891
628851
661747
489089
675720
409331
421654
29690
677230
854550
479580
201639
698026
714868
216203
881206
215997
79435
171446
894083
267079
302238
431454
917591
672800
955090
648275
249277
527767
550247
567741
836866
992797
98798
800277
434587
176412
287863
188845
887573
949553
703379
810822
923958
162189
669339
565434
26799
966685
430795
249913
860818
776274
930321
590006
594594
365492
274917
303451
585855
413661
769754
234882
869635
268339
601617
136295
221404
662889
759856
49864
164089
557101
244563
911491
833531
266760
749692
631660
440076
739967
450432
871171
690114
957751
514601
595675
429381
426264
734297
357211
232649
847207
266863
204046
960857
40211
845037
996295
267308
224571
975197
862720
937904
881641
643877
562909
341519
698919
675596
625116
756795
75321
934673
262780
677348
473961
629925
202978
324544
474828
239605
12853
471794
625548
604815
587000
81353
493158
430865
602415
807553
556504
594174
866122
240681
219001
475520
734843
487302
333401
819140
251500
762038
751089
543378
672358
518279
833319
941489
653807
557187
102095
896844
719395
841248
227436
580227
752128
521018
448121
706853
31220
581559
674699
46392
272379
843271
959842
866180
485276
830071
556003
161134
208373
877815
588153
71728
162067
843281
274797
158680
773281
401922
748458
772195
887956
257884
879742
795347
846348
67621
554377
308167
328525
786699
558366
99370
932733
952294
757356
695695
907000
859399
474635
172269
144001
52466
27785
433585
495548
743617
215610
692477
949970
629550
428501
833155
492330
551471
959010
685329
265251
719770
890418
915702
500413
148031
828819
931742
620301
253898
242287
404867
54160
751775
683326
404117
218834
752043
8301
581708
30182
447657
65420
511330
322175
57317
565250
571716
77657
333209
967224
672870
965844
101366
99113
67254
901739
591525
63110
8489
278454
186266
324753
551803
698831
53926
47677
475301
892144
693493
784202
197434
447742
577914
783554
563691
388890
935378
152875
303170
755363
752601
619296
830225
788644
798075
792890
799833
974215
328215
539991
118375
50771
420751
296845
110631
728880
778296
235471
373749
201469
750197
857049
444989
775311
106746
218113
860106
734974
685566
545893
83952
756815
109960
411671
13493
794149
143138
871211
443911
629530
744997
611505
846031
500635
765531
134524
879581
201947
335430
638893
529252
957271
41468
26008
578558
731783
350355
152301
169019
9823
266153
213975
180380
994392
652108
77993
806932
378588
120293
397140
373034
519511
299209
542176
363734
351054
109768
328555
64575
233909
547916
699826
413314
383385
127919
480996
515743
306335
908291
43971
239470
698645
157569
6877
635976
167119
265467
180577
437427
559292
347322
777429
460911
559876
95059
102993
903003
426912
983442
419419
815477
533249
145033
738797
210189
945181
334885
622840
396162
304791
51406
713496
564957
111082
568532
411843
949174
568170
8153
707973
959052
927042
446395
399640
25491
958520
944146
386005
660625
495805
763393
121232
870928
237487
875322
786086
458451
293708
765025
5530
605247
283601
122707
885639
739194
23044
306314
567611
537792
601859
770194
479828
488703
467914
562612
591312
364362
331412
236442
438421
803374
27764
958229
582168
315184
587843
16435
998422
478774
415964
986814
262116
659903
866391
27730
459476
409668
154253
276755
274729
615875
203851
43722
836551
109634
203717
298073
826759
171717
511307
194495
351052
299736
125114
985748
185014
410696
726773
17429
226222
599014
930453
617434
503325
709422
336375
932703
172731
839513
209284
965275
235761
527599
383643
284872
932782
832463
282380
124593
813744
411117
495456
255154
12158
806653
407834
323946
681312
285811
81994
255172
870248
77354
894408
942189
37797
884404
539890
88004
44963
381760
977627
565969
853952
18084
955933
873167
145219
797945
883072
763586
264762
869778
933650
762588
221454
564094
153542
319416
43736
588120
148788
83880
955615
540937
270618
845971
514795
399355
91256
384948
369940
222553
490034
944367
797811
729797
965367
344355
499060
747916
128937
646665
255685
944029
626766
502899
509798
450600
457023
726477
45707
939091
484281
672749
332568
427908
616017
634169
926066
382931
300889
304407
600185
403436
627534
956340
184166
602521
9762
9250
790885
384565
397531
734965
743875
631200
161561
817729
580308
285376
636078
770170
898850
645961
226827
535807
263667
959229
381939
332806
53904
389390
258020
715933
393980
548374
468660
941366
182593
660100
521371
393007
474944
465570
564167
479081
136299
810450
499308
381207
573588
648692
337549
742043
809188
106762
557361
118843
225444
678196
175394
563944
386024
257741
990053
812328
609546
87771
819373
445303
676537
195016
250954
151945
141540
769948
60300
466881
796405
914443
75848
790844
911585
378523
301026
418806
310130
680970
993576
820030
640473
951723
454329
488885
406416
491966
779553
690295
314330
292804
835871
506697
707784
387141
528620
87635
898512
780719
697723
98191
428911
380202
839604
630384
827809
559918
976653
706987
54562
362356
609457
504255
915085
619667
653236
869857
832765
873504
90075
312738
684783
289553
477303
516943
699826
628062
223920
271925
82330
975752
939783
839416
514779
11361
448961
634421
775602
714253
560573
910659
325579
575291
902944
312109
774877
245760
986825
972577
748838
355002
61880
752898
564209
767920
488396
788343
416791
931681
179172
324935
812889
685423
821526
63655
312776
50346
698707
163347
781636
877408
791411
150280
366811
915179
617256
996521
549675
799808
848951
467236
553868
306352
46105
821309
221357
333065
895838
464732
721840
886162
944596
183849
560449
516
56997
969556
871023
163999
5161
338962
312838
553508
706280
637958
868541
362527
70283
310344
946488
107564
527549
477247
313660
383235
645902
365348
975887
795923
212853
12901
406506
479319
137437
563958
252982
282590
39880
347730
268523
239205
951026
793131
395408
493862
831738
248474
490154
737482
751427
387502
508389
629100
664764
136659
487195
474575
399979
44580
935264
234063
922032
941238
763326
585766
602338
741780
717895
725372
750115
440219
191620
384983
802491
16028
680388
400407
990257
423772
639009
810698
677514
397842
793172
972592
329412
10605
857906
875430
428715
714245
618599
796412
439066
260708
831774
606134
888105
353806
191616
131588
297649
721824
407183
27897
746637
217663
635056
445512
343222
774538
893709
550607
764920
404911
484242
334560
121180
422627
524875
813628
231804
142834
826164
952783
616772
400531
663913
939674
567532
196216
492090
614596
323256
425519
357106
569405
938225
62885
341909
213000
732226
374528
745735
525649
397083
796820
327031
798084
471703
168478
206393
100829
434142
218595
52176
892823
606578
86058
713275
457978
710653
715738
775502
854759
918516
124212
403174
774105
356214
408412
475552
420519
44478
397325
335705
615211
24226
949210
329277
728286
177516
8075
575704
824179
945979
459837
41457
802862
39130
94205
649595
695889
593116
166031
802320
253596
998144
697318
582804
950734
937085
202094
70909
451466
578417
813976
359200
340525
449705
547186
648260
35169
291253
881144
960640
624457
168345
247236
780462
483883
175961
999722
641464
985113
814770
318354
617733
887204
129182
254380
625577
655799
138334
94905
440408
648429
575489
219045
848477
61145
295053
92060
603973
429607
573266
398847
689565
637247
894352
101137
778934
530418
42084
974406
31064
71506
382131
902094
174683
137953
487449
654434
10718
17814
671806
121526
548041
323484
149221
241629
488362
680781
359617
79940
668473
336925
285568
108537
67262
260158
101836
252360
300947
12731
431284
9237
474975
9158
645056
53621
888267
545747
829518
179642
675892
61420
660165
814970
662146
660848
52948
140523
254105
539205
218654
87569
26329
622406
236590
55113
800476
262664
88971
929396
571703
454811
946786
674777
429477
393006
18957
574501
149191
449638
111274
379619
979679
150926
855075
37843
69532
789360
514869
729335
391595
342754
541362
67119
793787
4200
815816
29500
544220
637921
485943
621716
577962
873454
883253
825661
673594
618200
512428
198560
240690
364020
689936
974387
981469
189616
667020
913258
464357
953653
516758
211291
40398
357716
859893
525705
570841
71621
184985
439665
788545
2042
833084
387338
277332
541390
684515
322527
632648
662383
547764
302250
985504
260751
722970
244071
956268
243566
771148
12038
562923
201915
502445
570316
140277
618859
155032
400729
840932
42033
817078
645272
709920
771116
915740
814240
865212
218450
212815
583147
971379
49301
331052
821465
334392
248594
491938
417997
240569
224078
544484
627329
928930
50493
411836
21511
576348
130864
737233
299259
676747
104199
276150
809474
827569
766678
306542
9379
154851
892509
316699
528153
342439
908419
616748
722538
848433
130235
591973
636778
882188
210390
194673
807877
250824
818912
908660
967124
299176
163959
539180
157065
602893
774008
555553
604213
559334
268552
166575
436724
976517
284640
225979
687025
613879
971939
444372
792723
514498
34100
865470
366048
827957
953302
565515
994934
939554
540558
526227
579354
472802
827888
133374
833521
395542
210202
55630
886136
976529
422519
633980
506347
6922
500962
995820
704794
772755
816172
962592
259537
997777
754195
441079
957205
428872
10785
211573
794059
792527
710557
283088
325879
492942
204103
20930
241861
142438
849622
950013
737537
501209
383293
192389
853238
929969
534792
653764
184287
449807
60264
175052
137842
42203
378438
826863
771426
887886
983717
598657
592909
354648
110329
739456
935720
606135
417323
437260
958900
407357
857212
218352
456455
192675
906171
877369
531462
574228
736507
64110
530112
743547
713248
122373
36800
434481
573371
664693
944660
28479
316730
531591
570996
790034
155465
379620
673182
216590
169251
864383
863180
870913
817501
339605
526759
324337
516320
214929
311416
719262
441369
304604
707297
646190
507005
372991
688734
850810
916901
91964
732726
817069
740988
291713
84954
227998
407263
818722
6445
463787
329616
939194
714670
54060
105883
76906
673360
688638
499800
972415
788501
105032
818637
424582
808787
905582
26023
291264
46870
266990
453905
281037
159360
968687
207151
456211
14183
700266
302049
423835
275597
363025
768302
279345
185428
177287
736343
821723
631229
341274
25012
805655
123635
284090
4861
911519
283223
225110
254484
54787
326919
839850
381757
932139
611210
724472
666797
14703
515006
988116
827821
618911
652568
742029
672375
571219
798935
470420
506798
874209
169187
846876
122933
141447
647820
830318
118778
315381
747451
283519
917582
494467
606309
255192
948501
966432
266646
831925
401445
615873
261029
894019
929685
759840
478113
706400
625986
214747
19411
858244
142938
402377
286184
85549
284230
207916
166425
999959
509611
351402
428183
670225
272444
784465
925215
888899
546096
844476
321940
5037
400092
763457
954312
51179
268786
188042
799842
968945
46239
241652
155570
843503
650974
154493
426101
343431
887116
792778
434907
873725
603073
184390
491865
19973
89338
41597
979821
383035
922355
473820
309364
323687
964365
113416
48402
67294
177260
195837
518634
743116
350881
782501
234232
15968
10423
426351
329901
136546
458687
697611
208297
174578
323469
814271
345100
481415
460156
612949
231596
700096
284471
798988
487337
245330
431722
494751
126212
80341
530039
214712
483562
89231
2198
975524
43870
338940
435633
742577
95662
303092
474200
993820
482203
156481
764725
727145
697285
271762
405641
296238
742700
925314
171694
517682
356030
825629
338169
656818
780917
878757
558476
975800
149534
800766
948099
784071
636761
991226
209290
488217
373008
758112
552019
950694
404675
773081
946582
508190
121212
711713
429316
132867
526190
707300
349779
651197
273192
326954
429612
979358
234491
245485
774409
844939
172962
478197
14092
574756
476281
684450
779564
718242
626936
245378
759835
963028
896663
581365
140581
492537
948031
632761
892633
153360
571052
233043
148051
928435
868495
574851
456914
671272
871643
100016
137963
860047
524336
884984
48716
780031
37877
803218
766949
558760
965628
262975
942467
646094
664009
924972
766757
770351
578247
507535
314851
680030
718508
274346
128886
906476
121197
466016
877317
648722
871614
861484
551984
509121
635981
974579
170562
135989
768136
871691
62970
937101
606017
430765
400706
605058
612355
829652
823988
125991
284641
403087
661019
156996
357289
194082
965378
662124
709273
162307
828952
570530
798459
759875
175089
799164
715091
954481
867136
741259
710110
318715
615132
473182
702259
575506
664511
655871
11763
219378
798336
602880
951023
946268
111488
748958
41539
348248
918153
628893
433163
118704
929931
136554
497803
486884
530992
329060
374116
492468
964687
120668
855390
679048
724775
810125
945579
722213
139686
651152
401370
27541
514212
467953
218007
592465
286334
123821
844421
34432
489796
7748
579110
985061
265603
804366
805863
771672
704151
687446
973049
532198
531348
663139
947737
599351
461338
388985
772852
383994
276767
24790
718609
727879
155648
50545
818457
931920
537271
152223
704048
678466
199990
891376
856321
242465
159821
134542
476714
237828
36928
688554
249531
881439
187173
132027
472784
208930
903638
360829
863546
436373
288810
310645
793330
787809
514280
822381
797709
322405
254016
800516
233796
728564
692853
649094
424139
676030
995855
48750
371586
569065
491979
655235
808636
239365
949193
544489
94249
793048
32455
448470
346351
63598
60883
2809
663078
78708
653707
384650
259518
686553
211512
76553
215559
277809
398762
690785
564612
268897
677643
597862
948498
336331
326247
923597
425926
667476
635903
538276
153152
879545
672789
47468
810150
922006
579150
321940
6712
90988
888209
842319
656206
375165
363294
13328
183962
514014
214603
668279
300267
286452
144090
69879
478704
115147
710956
574185
502842
319841
942874
927967
641517
850022
506756
709345
909111
13196
140830
722263
558227
595084
560563
838496
673724
914615
196037
276968
862569
175329
414393
470893
289952
56712
535854
571171
372502
789389
212376
29199
108625
536535
627056
961467
986977
658657
840304
542650
199201
485005
397672
814541
257302
112478
994197
148339
619659
723689
930155
979827
753129
17716
793584
628176
842863
600098
939677
281731
599509
356911
748293
884763
319714
91622
771805
308375
882417
939045
583914
244909
548816
494529
363095
194869
76427
874928
696451
159754
176471
379688
601450
117808
577079
828716
955952
177038
346851
464298
886524
875026
48604
339545
933962
527008
618141
126929
76553
562056
197036
883415
873179
24338
27961
799042
528480
738076
833490
291411
559679
326298
298164
243356
617355
728791
825388
111129
241283
860680
222268
157158
455162
712286
459009
314632
147759
340407
11976
913841
846582
52413
16210
346165
809054
403894
345963
547285
326925
921595
711221
407020
213208
332512
876557
841071
27068
507724
835230
740936
585141
885209
316031
641623
415091
191777
333984
394363
943914
296845
120336
466218
834290
355387
215121
770968
316939
547111
870186
103787
547856
513906
229797
675224
553808
73550
495317
959614
786145
948357
774898
987814
116686
730865
836430
315933
876001
99654
610460
782350
470761
298011
319660
493709
144927
909435
33647
660647
774879
501469
652742
69685
152483
522353
274305
703516
315134
514375
238405
74246
500552
186968
259958
350615
852859
655542
28932
332433
586362
566741
792700
341810
914952
517127
521314
863465
575381
788213
451581
890130
97376
280266
56977
521332
961752
857880
530016
134725
230360
44277
182318
680445
931061
966860
576833
387246
468230
619914
894801
795739
931389
415283
612076
425629
763891
321504
839816
239251
183475
954840
411897
761135
754763
466969
608418
741565
342258
352905
882909
408581
335837
41787
449247
677716
464321
209137
353883
562267
720244
980442
764068
857157
14972
24207
680022
170010
791133
339288
145901
922731
810636
703605
154059
688525
172485
382106
99950
763315
814412
573532
302780
423925
317878
695620
742662
254042
514091
834595
4620
694132
274950
287707
763256
456959
862120
179858
680682
289837
128429
649572
483762
998671
119343
512751
181777
963519
319998
407538
814245
980340
472851
107907
92025
66058
143547
218989
90841
309789
815924
993232
917191
353012
988864
113820
917563
330980
114396
293117
421525
824901
685181
581328
420306
745704
923627
65170
154661
92677
191511
163610
576868
986702
733590
584968
204559
167996
740402
948028
806473
690994
167345
809172
518751
186641
64874
246459
171742
864088
604992
187149
941327
860294
444170
834712
314782
327687
246101
905174
207696
563125
184313
296719
525768
61462
118853
328348
51019
110504
327147
914053
85789
522422
977133
329526
366577
359259
446049
102371
492504
793282
897042
741794
922540
285678
424417
148937
140804
116633
407387
353456
589749
435191
822583
18747
457446
291310
474005
322505
644181
972405
173168
348886
824889
396586
134804
410816
614669
770643
96675
527199
986478
543680
325796
528017
253774
376298
412497
274929
610974
483089
523064
23517
192569
607766
917478
743525
828375
419269
624114
352527
850740
728745
820829
154793
617453
817339
583624
551568
122635
585840
473272
498865
326907
727049
292517
345664
739754
756284
827285
180879
975520
939210
354565
899657
657210
298241
496399
686805
953543
898890
98741
693514
465326
654459
738841
549989
553735
840174
397513
747414
304871
312165
759671
681616
963812
400288
26593
36842
323685
816316
372190
3142
629274
288352
696856
660859
661374
393950
63384
726428
961038
942907
54491
777057
548203
578003
99762
58351
22035
653494
832808
361004
806345
706201
743797
75883
308145
330783
770682
165287
169675
406960
74614
546364
34835
608949
293194
651982
626735
439498
976161
572209
513359
355532
141317
190837
666432
169780
176477
79734
333635
772099
95486
516385
481660
592389
334485
832358
540340
277694
700966
988676
390800
33463
197960
456449
827702
691759
271393
630003
384301
705921
583286
922504
876704
597566
923665
634413
392387
109130
163388
477880
880499
191371
804687
496873
871138
460061
349691
101051
217319
891104
583752
510488
104688
262479
317004
685571
246333
389132
271983
663412
763971
845427
310441
105088
311241
287284
714188
839058
886039
959966
945936
429687
740845
151493
987419
925411
412948
822969
997896
786560
537325
317396
534673
78272
516234
927541
87246
84090
97655
88964
622495
336445
360873
752935
667080
544613
373771
319055
699957
700003
379634
626790
879417
475772
974548
544263
542091
668672
335203
852395
457552
655331
754212
615450
19713
157213
172476
766085
284388
735617
223927
864685
246648
150373
961959
451753
320449
797798
261990
841473
551081
401812
827197
914845
704816
914098
591614
846821
638864
543327
413873
300010
992376
820661
395296
884234
111478
241236
885025
464018
403910
93120
164400
947227
688526
68235
370409
307117
411273
494669
211526
650325
495238
684209
762911
427521
616302
570807
70670
961519
850261
348977
129818
939818
79289
193291
621146
746121
960721
949252
632752
243750
843406
854670
183965
503163
801107
570234
263968
601254
13293
585867
929803
324656
463132
250602
551466
285913
891885
683851
703549
355286
712265
588644
219423
382273
316566
853520
960010
724538
369869
825379
558547
290037
248926
584584
29173
592695
204178
25073
564998
864213
202147
417951
648362
298361
318982
251013
217057
114194
177376
12171
736783
215079
733733
52927
546937
125213
349490
147611
730444
517
335661
194542
416947
399350
671280
134602
235058
961964
283147
227519
875852
694974
127015
321326
345030
561211
504435
163660
318583
526596
839365
923808
364702
414538
907353
381396
725958
752811
599741
786122
260312
720893
349157
500239
86003
555647
272975
793880
349079
972596
432672
198294
214635
759287
602315
869810
360668
804125
228005
281625
847346
584637
141127
778276
984969
664314
925158
483519
34444
876315
743070
277834
439427
523841
966401
176511
267124
344402
282266
222769
338156
542514
130968
721401
932244
125231
524501
654389
209135
765630
645566
178524
886049
964953
516792
69710
592794
804737
62821
844871
95555
798837
223763
388620
474444
450682
672232
66936
382878
518026
41283
475333
575941
881432
330050
737106
333192
298386
597753
805975
690287
495493
551981
41273
388403
844900
989963
481546
673390
128450
588051
580094
805129
431040
989621
709180
453982
114668
956260
735176
641950
597691
689143
384520
699111
36286
610484
718446
44688
782389
652584
804354
555535
912640
299652
562173
831231
168153
226219
288455
798630
197759
668916
386303
432813
739060
213947
465167
723482
166049
313488
706260
274893
992913
908304
703178
871853
530530
134329
397228
712424
924109
366993
8293
406406
666386
591925
994504
735239
689046
129838
549602
399862
3639
271259
421648
522397
293735
6174
729432
679299
812265
866807
518502
210029
458715
897318
584160
956243
968797
205738
619119
677450
527819
223618
472454
460831
975494
794660
111616
471770
807652
697049
759006
505952
772262
546580
882746
85664
270078
874210
615225
272535
442761
816977
408422
693427
295839
988309
114454
323880
204452
658498
921565
342974
470227
371746
715593
298944
591926
714625
848475
309783
411139
361295
754253
930387
404815
641573
645904
65039
958097
79757
429696
172406
727707
147107
268132
812783
141896
613092
967852
220769
529518
791792
481702
844487
39062
900659
158227
437223
607682
404564
253115
305134
368660
68680
897714
749766
998587
191437
552887
95400
760091
985651
604562
711365
744285
417004
481632
989078
779023
514840
673688
562854
352049
748507
292757
845565
938293
744766
95668
189456
871391
20440
314231
145175
995237
877524
569770
40548
326801
450525
944926
518755
717510
52715
493788
195261
3755
799582
811675
193778
417121
83689
10648
761103
53336
8573
320425
452949
891299
847583
813269
835657
527598
135478
936347
733175
848119
237996
13834
502627
451241
107573
37822
427268
19093
427314
527834
324626
459797
61043
934554
945265
454104
703459
819565
400703
443425
558549
186228
739303
642571
741788
188061
553028
800674
820890
448905
426864
735678
483404
296531
113421
676662
876930
327712
292194
25166
460436
499884
501244
575202
113731
589323
567666
183562
579549
687891
751995
944977
68874
58322
986854
837881
363828
877643
943688
384168
238540
732756
561153
879468
550789
64586
135560
217411
224279
943413
296902
632601
276164
182002
315584
603006
33856
71604
321926
941943
664396
172564
745950
640734
298916
181354
540797
663657
284048
727647
509520
371464
798681
602154
710355
640643
27954
691309
155838
225838
112462
864235
813018
229859
466138
396191
317037
111162
888394
551440
508501
549651
240976
983940
740273
118484
242368
167817
312416
780439
727352
386242
957379
327101
230327
490761
893967
568413
629046
51526
317609
615134
482544
164857
191902
991248
546750
93373
80869
165542
159699
597478
114734
594616
101978
309051
511858
885810
869407
833848
386350
234562
362156
988903
392715
84105
837862
795955
8374
99526
981653
7507
207356
184358
566241
507112
460395
901424
837826
200602
270687
11894
954119
504388
431936
51886
672772
120882
940848
952917
451501
254057
141384
638922
300894
139007
262579
782715
736788
856234
1535
870418
570957
208215
372423
409636
36519
712774
522536
166926
135759
863062
488175
485318
937838
301533
177948
870488
827573
14734
713553
580378
986813
711147
943861
419355
815159
526800
310975
719507
227826
535375
221885
178468
106614
445611
133264
246693
858408
828384
331320
146257
673430
164616
346022
866222
752742
770409
109991
707599
448092
847926
556354
857579
394212
398762
150544
381221
222088
521745
331494
848459
832784
890374
250346
839622
59645
342736
404404
623411
404756
735583
272178
128654
579106
272502
565941
669661
943784
214369
969415
471986
377217
962710
601280
392682
669619
794665
337613
768170
729311
799600
76464
42470
81532
808798
162652
352406
8480
415968
486227
996655
812142
107204
326049
867964
836202
879643
154972
468913
760329
905317
863799
684829
911171
537070
213935
958811
785925
338482
43693
244467
803109
682556
368989
800141
470872
400684
63271
783627
372593
606160
600375
723277
956472
362132
573644
841984
912707
491676
560627
250210
772823
745068
266536
335692
954340
972974
603266
635307
403237
671489
26105
457199
389819
432671
15091
328913
133983
516273
432175
329138
29843
630830
172496
694901
662103
160966
567958
54997
792219
279870
916032
53384
443003
366952
262083
43309
119788
422933
58463
167563
192649
382224
428592
304100
307856
124924
49953
723714
461865
337685
464336
56422
698297
779249
152043
768782
201859
937758
111347
78450
76278
689231
31558
198128
424657
160368
78494
601556
559071
569060
148026
605943
247105
693722
338723
807257
666842
613593
261175
969118
202823
347232
307354
10482
909138
340434
590313
627177
750808
143776
968518
117113
105498
536410
353432
384090
762222
65534
277005
460125
31275
610538
498224
262376
810024
279507
139328
656811
657731
888287
207309
505851
30114
253156
671029
628222
40454
268308
2200
875457
819135
86466
431282
307562
160670
176817
692894
667235
565107
348253
833875
817764
996859
884876
525855
197498
354465
52637
671637
219788
381313
310333
144034
679161
440496
611104
636832
232619
278437
754223
817002
738250
606241
369785
886152
37255
895265
763648
497836
33991
633948
505752
301238
675108
164451
996252
347709
176270
145815
85015
691936
848940
128760
783337
319237
967042
925445
980249
552678
438422
853043
466566
728017
426931
108960
373192
814358
882868
350963
775411
769695
161172
252598
194369
442012
686907
484298
541474
171205
867026
809479
603488
350198
700048
489380
273568
181729
484515
250544
913252
611442
152623
621446
667620
619926
509158
333617
242537
354060
655185
14151
968970
285425
682510
775384
862237
290889
328294
403289
666671
876005
843513
977288
927788
816057
432432
182656
73765
497372
224062
405320
994744
572793
494511
512936
622134
245909
898339
625248
800644
197973
873919
817214
609433
205569
485501
99675
337144
115855
69947
277486
357722
260103
131133
718315
983568
548858
187458
342588
816616
223773
831484
936220
630228
264916
371473
593278
88432
453717
678136
98066
601853
354779
617527
811736
647786
354104
483444
503178
692713
448155
45092
433215
893498
265981
933571
400852
356501
701136
525061
584198
822340
30690
17644
361965
897851
740650
232248
801579
951882
185327
321213
154077
80674
301266
391936
444518
758403
669544
307823
895902
434379
954551
355846
422674
744298
135774
807914
288442
629221
452332
982893
867015
837278
433205
323997
356640
59131
656308
437565
122652
718123
304527
954309
133399
435688
806305
440114
990443
868527
553711
552279
71781
223004
373899
575323
332435
741568
180282
538916
941997
619346
222049
404131
810751
645883
266349
956232
256318
31270
881261
108634
806013
391153
590181
307250
188746
309114
626648
567057
545284
588123
289212
617674
970208
740985
206205
820914
784165
755651
735769
922545
624164
344291
545717
270890
575414
101995
282313
163399
307203
546038
391288
609306
91605
832613
302216
684513
470625
750698
11575
14135
146609
819500
714003
231108
959022
51569
573290
884243
920150
157370
212069
683022
459851
467357
973597
500190
11251
816373
112623
777866
194944
108729
488812
956335
264702
220301
313866
363937
99285
221619
554262
162880
582798
954020
598625
763456
457290
514795
460051
614142
658934
204329
217794
784570
179050
192437
405593
665704
107225
616485
761423
656752
108178
471301
389784
16487
892130
290178
438693
760225
95477
11812
427719
532442
847480
956753
287055
664762
993798
197376
531033
173587
927872
348775
733241
784518
949566
661737
829610
436535
452512
61662
93859
963674
21568
292528
908295
201422
751507
134178
12487
968299
191342
622730
132377
871674
167118
281333
236465
894809
564328
793386
397578
514948
862189
148870
553353
232980
839460
241032
31062
510923
77153
226570
57991
126141
590936
191504
881497
321889
634693
408229
786088
295456
269891
468109
377728
121406
562064
597943
70819
391773
367149
132625
986506
640850
603637
867466
851459
25893
87395
993234
996759
40401
480621
613569
516068
19736
701565
5414
555809
288827
572609
232119
370262
698726
31214
644430
233708
198398
701954
75554
330014
73407
570404
610647
608626
153230
962608
730111
724051
633473
346590
147391
47163
407082
28362
622472
931087
674093
358715
678207
100226
523266
516722
153070
250101
905146
328356
36973
884591
950315
321859
950970
88062
34335
602848
448510
891393
445067
292051
47320
875610
637008
194016
793890
256083
701521
405225
446665
16078
689744
1829
620788
271231
389565
754742
615935
481076
713926
396975
421603
973036
584382
210863
856261
77660
867125
505961
824212
987617
624451
47805
377410
138955
571223
170111
148101
195396
241832
102918
398352
874701
642831
236412
910537
606564
113008
576515
555610
709821
732492
483933
464180
792211
744515
567638
158222
965609
37005
595311
383629
181510
895312
162429
616204
207404
22494
566232
332170
104894
339811
703651
915492
890964
860915
537754
344218
843897
888535
506553
313458
250369
154577
454149
828209
965470
983115
851065
959335
516884
943092
431843
432256
903396
600427
361896
456877
656815
18824
879301
375548
107975
501358
808531
407031
752416
439419
168017
640037
844108
218231
597960
273339
467734
133056
674653
458061
701667
362499
507410
755968
792316
648890
431457
60940
300283
139674
753560
883853
657105
890286
107240
874925
117806
498503
494408
801564
349272
451979
369121
473354
223902
29186
567565
506755
818373
905297
850963
639640
897594
291514
434183
476066
346122
809922
708721
876207
878940
307794
707636
423456
751277
72194
640400
586111
13391
668823
649248
65430
649802
973346
192574
926228
891964
952096
739487
277511
69479
476634
299293
196416
801939
123664
407439
185089
46823
977285
308062
134426
237221
551983
376798
75532
523186
790092
369082
387520
25245
490201
351329
551116
507188
183932
679134
915677
594657
69407
661345
996287
164949
447917
223110
96109
143207
848354
165407
334198
497587
705687
129767
387542
306665
968597
373522
938822
755156
967987
695046
780085
963681
153817
249792
191606
85396
158948
869611
237979
533370
173198
373052
675415
897843
377995
678927
772131
362190
876180
891730
894446
422026
33169
129823
777642
355730
849033
128697
824139
497995
657734
186234
564204
245579
764753
92382
629077
640494
103393
843388
84757
517545
968144
721816
169414
883813
528947
97729
400772
752144
460564
564096
473266
542664
465996
242841
111776
689812
146670
610648
73970
365226
746263
775226
162541
841497
95573
362630
388665
256472
968852
566018
641753
295021
208458
369481
808599
52659
196277
596224
125199
171789
194022
209734
99076
768451
505321
259635
74292
303455
587826
529385
488622
302639
108376
933664
114221
405964
223183
584235
106603
93928
132123
8378
133527
910045
354815
864575
520089
847810
393737
941645
170648
849383
511074
621660
455483
452743
987560
160465
13571
899391
67038
385470
525167
940187
913095
272183
554874
380876
141234
285302
797639
460790
351558
860314
722216
657371
270874
465781
981599
487914
985120
575962
106686
60832
664984
386024
137350
944031
206749
186462
226831
395683
409648
602082
138646
882728
825191
366487
934083
603850
431289
382613
961353
754377
630404
311220
878499
583719
692137
800053
848919
842114
119237
746757
773998
841131
996404
7822
909935
376402
87717
588071
330350
207391
38616
428386
745477
445969
794613
646177
149162
425606
569245
304555
7631
759362
994087
939404
865138
305713
127235
57864
37446
706364
362136
717588
532326
583188
323154
555256
176706
59779
730155
456633
780242
575733
635114
563174
121350
745953
558169
145961
422607
786963
342612
596612
791321
52568
418315
890790
539643
488424
161803
598
326206
12790
572771
570529
28041
861847
974758
623396
996272
451412
950548
733591
772780
677574
796746
687554
957909
783447
616348
8597
352037
30196
706913
392389
366004
642897
478716
968740
388646
682125
362054
643027
162241
404273
857459
935913
244054
456786
574505
936148
515792
177708
652429
658812
255908
801432
639573
981620
976052
129108
959609
458012
383313
369870
933007
780313
352570
479667
126738
917427
892123
282058
432745
464308
111279
344051
283663
432927
976468
475691
811779
376626
273493
442304
681090
602667
718505
250515
131145
600959
208931
310562
974495
968690
365122
163066
146532
630525
325745
3036
979904
313266
306652
641858
796524
162196
775191
909564
62624
122455
176878
53824
364404
546018
747068
532243
256440
892050
226833
628978
807606
359690
753324
290134
215747
125354
492261
674974
746421
665847
689
785993
264545
216769
734490
741578
807468
165359
647994
180077
583872
72394
784730
400927
293872
978106
12591
27827
378860
985689
276418
33979
184937
899117
994969
578506
349253
834013
164866
413067
619485
993140
358216
682580
969363
255261
74963
292763
66698
16733
801249
554133
595641
574074
960942
853934
55485
67786
721543
548155
377986
835976
609089
817286
204065
939154
354272
79262
676007
339713
338070
310566
576480
245369
850418
766077
646639
636194
91938
505916
934643
435116
23725
653919
439977
415650
139286
110860
343468
272207
252425
148873
237285
271019
524214
871694
792593
198249
677206
884509
566587
152105
914004
162214
800986
6854
628128
583543
723425
895176
173103
334144
560823
388000
303049
869816
304545
549486
519810
75469
49986
901180
859149
130592
104421
509661
990284
185255
565355
783105
526841
472065
777200
255205
824958
945719
278537
376065
775383
858882
132590
331168
699990
887954
905981
684945
229975
257146
659980
418522
792618
296529
794531
271766
980076
906480
68551
664578
528584
546762
179928
974494
214278
428234
382030
628915
576798
166555
286275
277105
384760
626
285411
823767
102641
218049
845977
509207
838647
692016
731232
339596
586807
451349
519042
616698
63728
544499
376687
798111
566698
346030
374122
530044
232122
419655
325870
703025
416075
197852
864680
218990
487188
929156
988600
909567
319667
329167
409561
980422
151602
138999
392593
970289
38618
48136
88747
302127
46042
26045
781276
950588
54859
15266
176742
626951
347505
231175
461481
477887
564268
597801
301912
196893
775049
841931
766929
364760
420985
685993
915333
199483
589472
510657
87050
392827
965565
433758
5812
247630
120773
479093
723176
823131
653395
165341
647884
409500
49884
768898
444680
682550
466352
85037
196177
527882
182334
435556
324624
140665
301331
518391
809762
159712
421825
6733
846104
961653
620156
349331
563788
433328
925791
1371
529196
819219
17222
485304
489572
648476
137126
87517
539754
192898
120945
93253
861990
180479
235861
718379
96903
842699
485220
249319
91657
749928
258267
14893
508767
220424
650970
516941
226643
508603
867082
472929
821643
860031
88934
596687
587825
410526
617979
536353
611296
777686
862808
895568
757379
981515
300738
910152
631390
359864
749568
928818
864037
93046
35892
349650
467559
64727
802087
680595
346478
13978
666953
878353
302098
319703
597118
509346
45896
406797
920323
624403
170739
183657
738296
274849
647645
632399
333768
5900
259992
227526
55320
803032
81386
998139
40625
953784
525723
335730
567571
695038
417450
646444
684745
21372
34765
984190
792671
712647
13972
745246
375056
399224
438930
668382
82363
669871
1343
814788
321688
739233
107437
409926
969081
209152
672088
982918
173358
511530
16250
689129
341999
232477
670292
815443
920628
298652
84971
912760
135649
565549
150111
447317
117613
424135
494082
935944
779266
413682
478948
60377
45995
717170
881750
26412
694858
587929
920785
528463
638912
58727
49502
23213
370437
501187
333292
506869
726753
965982
653868
756594
264073
31893
456457
27501
306468
858551
159473
282831
606900
810841
398673
577440
664432
812365
905419
174028
392024
585013
720780
415986
612269
878763
332792
533691
213490
554252
359823
693980
118210
138688
144972
178057
1581
473584
501729
762336
517317
339772
557487
289252
95416
368393
41195
382629
691917
503565
720928
343030
456147
646526
411210
503125
724620
14201
956013
458887
504438
812418
113554
691979
836488
683716
355005
902567
254493
675476
538573
589802
983979
626941
177928
137341
413511
29782
623162
975984
146683
428875
41931
893635
529381
150360
403016
387884
41212
461754
203845
682194
251801
131528
416249
503364
294011
129231
78018
749890
956376
639467
728106
963260
255565
40651
706037
131819
734253
662819
960550
934947
672197
68033
763423
693046
874056
644013
361385
143885
556274
277615
131188
815029
160791
825657
374961
984694
567354
80280
514121
995161
923465
509173
694544
999800
869287
574064
867245
179445
115195
893130
65956
991807
793997
907016
353109
985303
66928
125047
651680
181040
206693
536056
717282
211637
471880
998434
183737
938304
429330
821588
516460
427563
638071
404031
245625
855487
213584
696485
561811
269860
177613
863248
183483
631313
644107
551279
121753
514064
69574
732954
201913
545340
772720
332594
605357
271280
316970
421332
156450
56601
876423
146599
661294
106900
21794
863838
650541
101096
4904
148944
155325
579567
207275
48926
146747
19130
94009
175832
946900
58112
291170
990870
432159
107243
627968
355773
517846
315133
253243
268921
440327
454823
761212
290921
80074
776770
559580
890301
805935
459853
572631
24854
642174
421107
467994
892888
905660
3581
753816
839228
200625
292595
915416
296912
932933
564595
352203
201587
713954
590832
788078
16864
719784
138248
665959
284544
543649
114201
270145
722136
656516
344063
877669
390212
293196
888452
826396
553139
269082
807984
965417
295722
53930
349731
447290
854210
944975
483065
188264
970137
907700
653431
421324
802375
865318
548547
35852
976099
217652
897458
163541
222386
206056
149137
430576
221772
848394
903446
406465
784229
295936
21762
73964
874205
639301
715404
177314
79525
339423
49821
16697
496826
571144
590044
522120
279711
22153
721792
974349
362677
978294
666852
127706
675627
736162
78421
464542
321008
152535
65563
59868
997158
651758
958086
939030
18
667912
6635
526863
432044
172701
653179
319118
341578
45147
481092
534751
578037
979489
779012
788650
217856
138315
912857
192704
902627
225500
958031
987754
451622
405890
197889
50599
259264
869311
910640
438246
149174
68536
406228
345602
718496
902883
768337
935074
413339
385833
568251
474580
813558
831521
608835
656751
95073
55712
134311
520029
625687
558339
461251
718233
144896
461130
100070
494837
886390
72907
390025
505034
87462
946802
101424
294189
936626
548299
806752
855026
234554
439223
351485
69403
670382
878444
745884
233328
977675
46187
784907
576505
825936
191942
442905
854025
548972
653735
354246
951164
595961
39877
535141
228472
785597
886623
581527
507374
633521
202981
634646
835432
283322
833351
802539
541319
759679
705043
919835
135999
277915
345174
361712
478211
438081
841671
948164
878366
554522
985109
863373
165541
519422
970593
383059
863406
679008
996245
782701
273957
336252
716777
491679
466039
155377
270096
407293
367574
983418
143371
335251
939899
335402
5242
469029
679295
296777
920738
659341
566375
273880
547395
876904
46660
416585
687384
660073
670240
882864
402742
222775
304320
846733
72412
873899
882070
356840
79540
759980
334460
406079
849681
853610
794154
823190
22277
715731
53920
563430
452228
806295
615611
144476
182500
824151
937990
947473
291790
180614
118868
438892
434785
742096
350544
396507
919583
945554
748906
520194
651184
722260
304256
626212
489470
484527
69127
808172
442477
783824
942896
335455
885987
855675
18963
489333
476478
686377
145501
55509
102609
654659
274058
426999
620142
144378
708465
520004
477900
625551
952920
437287
502538
76299
643705
167245
228834
419575
839284
880398
947001
225682
348744
540842
381128
379682
864223
328393
175658
438796
627438
294428
258980
42247
696053
388450
69273
630209
707907
169506
339221
457917
564033
907182
645338
922679
988314
110784
359318
885747
294214
484192
470415
787038
71995
142701
144222
128130
894558
128402
22766
37542
233172
196166
180456
230722
7364
875528
528088
777251
141316
728353
159323
315204
358423
622545
288430
466375
181972
358389
546010
929189
583924
357340
426648
108426
688043
26385
454931
220382
383609
666888
317343
986834
719660
347613
462017
295281
406558
952621
156319
326338
406092
892131
842217
263204
336493
824264
807831
677406
806440
249860
849111
251500
379346
616896
74239
375063
657541
493789
320402
968793
849
256585
116823
897783
349714
779767
355181
797874
734692
681525
290022
76051
418807
536329
560766
889373
350954
539326
9394
829092
397485
434371
81823
252979
937465
258049
484217
451532
601871
812080
799932
464239
650494
399560
82985
516383
74802
550933
924385
190807
452457
362967
189710
278063
560032
296141
218517
571187
615311
861455
479467
263050
974674
841520
914265
867868
508253
360907
162431
130005
545115
591147
260328
308605
587911
966157
588440
914852
29022
874503
432460
469154
939728
169112
350982
651406
684660
272690
817938
205573
386118
309134
439858
162416
359307
99736
738460
115037
2056
53676
474164
325783
883154
223543
218427
530083
908499
57343
351334
155465
160049
483993
541782
117520
334677
143476
117229
162583
801885
67833
262168
452044
313506
367772
520258
133366
357528
460357
520541
955587
456634
316543
375660
135276
935912
81502
234910
111923
595252
435284
355941
837999
384662
57932
633943
274305
840372
562439
331345
791193
229907
681154
333770
922857
525731
440153
210130
700868
319876
496596
860265
848259
486957
712865
674033
810332
610339
320220
737631
321670
166267
482720
310577
310102
489359
718383
408411
742079
48167
656874
807390
709167
36794
201061
913386
375087
695038
834708
674960
288971
880616
340779
342566
551223
234796
232869
579195
861209
42015
490500
591474
355130
631634
2054
325167
522152
287186
847979
847110
789670
303594
486348
204835
771514
303627
86983
262668
388397
191261
706892
849662
377245
298817
803148
366103
542504
237460
152274
551810
690703
717689
829510
890329
433774
39658
389592
736615
527441
17171
376271
929561
461367
547032
672813
279358
439245
830764
969032
468151
582210
688875
18775
323404
911487
12128
699111
931212
688731
453178
121179
699607
764388
107365
920450
103673
585752
905404
221486
749993
204790
143959
167009
257587
344063
37298
101624
836149
738743
258215
428917
492991
827947
613297
464442
643109
117296
233701
240707
999869
970525
737468
142336
76411
441910
644951
712465
320234
971643
75560
394137
284067
720046
605459
758735
200992
474184
500112
230054
615133
555351
306470
331993
134908
186658
631397
9162
509093
293638
850736
946595
284250
635408
13334
628515
288966
873881
185652
337709
143884
294819
636629
649254
588047
921015
304482
572301
57780
872570
240875
172081
70812
529601
743697
471422
740330
85160
2625
427562
495485
617369
564565
217405
201864
526343
510724
765664
123838
343538
286618
639496
466394
956580
140784
709200
626419
135632
278797
293395
154132
364129
736985
915823
647904
414207
996542
180708
116530
86075
523648
180281
163969
205912
547137
954227
498617
104945
240601
686562
271966
756425
347229
990485
879441
316002
37656
455881
217609
35858
754774
595420
911422
500617
740
989845
130725
933445
706337
248829
297842
554107
385187
284373
299598
786529
821518
958319
202369
553205
454396
226943
721560
398451
999405
715189
755787
561240
90364
41529
822744
803462
393805
191234
814679
214382
426483
298037
808340
192882
239927
600417
522879
13990
626892
327885
801245
499753
164866
26077
87938
138978
216926
355384
410108
582748
602429
619087
626227
781441
413100
432604
71681
85666
577115
217211
200862
327610
88764
425938
715123
297905
218712
211126
919538
716925
396958
631657
490291
696506
235877
856609
928257
708077
33708
394971
567140
346899
822630
621166
201333
373621
594962
102690
109137
116300
36958
624324
848623
850352
919736
626301
569575
320431
83889
475768
892637
445271
840140
489774
651109
9191
766527
671314
92065
83962
887360
839822
326126
981248
757409
693032
164890
656112
236410
235538
52534
895420
845825
185871
220056
776694
274644
882133
351107
671108
918115
939951
894751
741828
782406
630336
600488
318033
262453
242997
713664
7842
895181
150708
117172
78574
284721
673840
399566
160109
348676
427528
970158
410255
18396
854318
148016
957185
224808
208864
892217
351773
42947
279598
95091
432336
93056
142874
770441
455642
569098
902959
641248
638062
266712
966215
180157
67814
372033
322604
115073
53257
655330
305212
491775
571334
986245
333845
552719
930539
219237
326434
962455
865548
751387
222240
33291
118670
40245
493087
667934
468806
927409
959637
664163
609150
242526
982196
210572
753351
199003
386633
416929
747629
29680
120612
922487
898739
845103
37813
527807
851547
841313
808212
156959
122365
752777
883886
280666
183778
199421
58751
584694
346471
859186
754999
188404
205436
581198
299447
141032
532966
477119
437187
520803
951194
323562
953239
202997
756800
647412
461630
367696
395737
681576
57437
194979
333101
147411
281470
668207
634571
51577
156134
667303
16639
18139
848190
311271
250304
491287
484014
342817
531459
87170
946641
204082
930439
796042
73204
905094
557742
331890
808591
859456
865690
457231
848492
762222
954411
632384
721174
175378
928684
690305
892693
656278
166066
921222
42274
262983
83593
24009
739270
226580
566344
667111
635731
555215
170039
78431
108043
218732
631289
437714
939689
298813
562820
634203
271754
268043
982181
880519
347818
451866
53271
783954
827331
23737
80894
331048
292434
760257
494484
252794
982344
570366
61860
545242
463419
566659
289748
204393
52581
356223
832893
133852
324780
333393
639677
923655
939964
207921
7091
799740
118063
422311
280927
738901
8163
839150
709059
956966
121993
71130
963998
179819
747754
910231
252738
269906
790544
23564
677966
293780
530355
103227
143209
934915
713883
854404
921924
222433
207973
305235
406641
771085
877888
560590
745081
104508
245990
415065
285099
447035
543921
989319
250406
202864
79576
134211
6580
92275
356171
797289
502086
929531
314316
809894
880504
764945
543094
711205
503565
634925
332926
634122
535027
512448
238932
264765
966618
823904
712083
249940
452329
229588
957784
593139
574262
406089
139851
691721
37116
500997
572463
624945
803315
791165
691162
774195
651296
834807
630317
289492
711726
695168
832832
806591
106107
261496
98478
494869
715193
817378
191080
684986
137554
318506
649674
624030
899147
433756
789824
656025
833388
766509
993443
655124
75496
497134
272219
921894
731445
676521
898955
627101
197509
898233
183964
463171
974849
707414
397986
898321
829868
671874
41302
551586
860447
635947
675998
280821
322173
16027
483577
516825
326910
304704
397927
269849
807730
715697
431885
232127
334248
235112
78945
505391
364948
61300
346870
127515
33746
700668
544077
565958
152630
368057
107849
77241
34638
876409
486082
573068
165769
818224
659546
105888
714424
58381
336225
116861
4905
700980
909569
945413
745453
77234
153378
410343
562362
540305
792331
763851
588875
37848
706021
518627
238967
933740
20268
718644
650302
994311
436182
751218
833719
905203
165546
377027
503495
304132
756132
409262
853862
102603
734938
657575
974810
35696
785189
121064
23398
514885
636461
462033
249782
87494
934593
555361
338282
898526
146573
632531
737362
333953
779995
548335
644998
914246
265693
796446
964980
55155
360894
646731
826376
573838
820599
864086
382786
335815
690063
369573
806679
438014
591142
149417
621354
633955
959934
311057
251825
774689
318019
536958
565570
173461
733490
621159
668608
533679
239649
328164
325611
903542
616250
841755
736041
529133
593168
683318
587521
948162
996445
492329
565571
876596
721398
3989
740550
594158
166238
678602
787455
225924
915026
717644
974626
508318
211845
96233
434212
437473
801596
231630
827717
517135
979818
267972
996279
718184
836940
577753
292004
767395
217014
864187
868565
716864
536148
905813
640686
63340
310659
801853
355381
315482
887341
1966
439220
371130
72921
140898
675830
265547
384437
183989
891164
232039
526300
812928
991127
700043
81313
74912
215293
770448
857502
276676
632444
562826
723475
448231
620518
916541
863974
964531
215957
327046
536900
154022
265128
303554
968707
729421
369158
83051
882202
604914
979488
784814
220129
284410
123897
204371
430042
690346
375613
428364
215644
16986
367581
395075
707902
181639
662309
568652
417758
743177
896773
641103
14092
950910
50569
42941
47700
750171
451627
781983
431021
144965
513409
909642
610192
763957
754574
317307
508118
194289
252718
886362
537293
249238
481167
885107
740938
546667
54800
577376
512724
794914
388536
24858
250280
565118
907541
893478
139687
78344
343409
141836
414851
320520
411768
602284
799090
150144
606623
378658
877948
129710
228627
588093
623520
176634
531483
182830
585977
806205
943302
682667
800890
492928
301559
754047
410740
885303
94348
747080
474342
517440
799396
7390
661916
248657
425916
323071
420320
985592
134927
986664
534193
897476
598172
747979
899427
865833
858446
618733
635828
581973
513776
709228
823742
206723
954029
186026
33688
228739
161062
601010
178690
599988
553993
322956
969360
330592
383555
449777
655257
769243
812281
468449
698683
810998
307843
334779
54605
12836
797952
793422
394634
189434
8333
419670
369736
35414
276693
443142
787515
258403
982778
439403
185229
960064
343836
344842
873259
917052
28396
580351
653634
716294
481158
900028
816116
86652
826611
467314
245794
265553
411785
958425
965810
136379
231446
616495
302658
3550
574732
572027
252467
776260
747283
362867
579751
123077
334817
631957
307785
20823
111198
541594
579808
529684
100159
452343
378852
130273
564461
470502
463924
19193
832412
246372
889753
344136
541374
44237
435934
495917
460773
55052
683274
668302
801726
634050
827347
623830
314418
616766
278457
193405
623142
689088
758573
108892
471176
945558
200543
994399
8186
537864
259576
810636
215561
914510
157506
865064
931841
290333
727411
256289
862700
94463
964000
367767
565913
133254
123614
830564
168399
110711
917610
458420
182965
462294
606928
518961
897778
687516
687184
873882
764946
185157
915149
379
254832
950879
827931
194403
859608
143305
523174
777409
158470
793131
762953
255194
290728
615225
274351
652460
990825
788559
945695
300441
886204
559650
915498
163941
825227
727855
742295
823734
57732
203822
92841
837526
310332
287435
288334
20287
299814
68103
507039
93747
906922
774310
837477
684626
192569
623689
160367
699462
890278
553127
631082
185376
541785
187192
171733
607199
353094
915261
743213
792855
104778
927136
703740
726196
147813
694573
127739
249899
706614
986199
663823
386176
733067
810409
65849
858451
644549
831004
331134
112459
626675
514737
271069
920349
338114
189703
779761
799500
249920
876665
434827
358106
281349
569067
630877
382685
753013
910569
831251
575377
632153
340056
321767
647837
348167
164534
918582
207189
968891
720975
232592
238110
823149
429853
449191
617169
98223
288106
587518
294921
716652
35705
139390
460046
907148
990136
157242
653551
334986
602324
432397
511776
21352
239705
614259
111150
839923
575901
142330
763542
32685
277861
672686
14336
124686
674452
899742
472505
125893
856861
96340
467502
166769
858248
396118
335410
525585
957636
908852
572364
903376
420159
941752
926492
615805
387443
802951
841669
362209
818108
500807
387617
91133
265126
578599
34096
320306
604615
731217
798404
999807
691963
937976
137405
171032
491531
678706
574623
396544
777790
287975
782240
510741
541652
590975
414348
367702
613581
756562
63622
394207
23631
923125
70595
879953
545445
345048
265701
464428
972289
598887
927531
693690
856758
687132
624815
709463
913933
266678
990244
752600
741750
252270
533864
270727
981996
56733
495558
903247
772942
566394
961231
58815
486360
891792
984698
263981
584946
571629
73950
899101
261891
294827
586010
424814
929282
330995
311412
772819
50291
22169
307820
123650
259989
931580
56834
268613
763672
404871
898092
559012
862551
124284
885987
893856
174819
890773
553865
490967
313881
272686
149577
729270
124233
498289
877505
267422
607122
929471
430249
628729
713478
154457
329403
464214
874612
267460
283048
913727
271623
241999
906886
162274
514266
897055
501799
766989
344567
378544
865192
358879
450437
967470
715680
93870
787255
670563
12757
36580
898604
915967
217345
921586
890356
733694
82800
187995
501306
656351
770062
185466
415759
406905
642173
934116
324047
103086
181475
229922
510377
91920
578325
714371
917805
584834
600982
204351
478524
350893
327593
725005
162479
908806
120386
215327
770089
554083
843097
814558
620937
956022
111943
451187
422896
838375
710913
293747
752681
762560
167821
664713
981291
312427
876024
556560
836679
465142
614397
695892
276296
790407
863581
748375
88049
466030
686195
179656
917297
767656
527512
291983
963320
968264
256347
96074
917945
504026
198345
905155
542417
202863
938059
863461
722995
565736
414317
81607
156357
98671
829974
286555
432090
560971
516823
62796
578798
873004
767477
746341
36989
25035
289488
919901
263560
707482
279787
4844
228961
523745
482214
581012
886
924731
994505
515447
592162
958895
557892
703616
363475
742309
431949
743274
805161
975561
271530
552169
625502
908434
409993
569332
959551
50655
815513
415291
177873
318990
7502
646240
309862
989027
384438
463044
969250
599746
923084
375711
88031
300979
908481
549527
283307
107032
212953
29154
747821
728422
334813
990821
969497
350593
377393
928962
512780
241931
420073
414836
811173
554695
693498
971731
334171
861904
64107
466567
658679
329663
69537
21049
832438
807634
165701
847092
156875
593293
999390
748888
818327
836554
885464
443120
620094
351416
130848
835066
360297
274810
587216
420715
936557
579696
231241
661417
621760
214840
353722
179287
389342
504157
597537
345860
303060
826667
745911
252012
515659
191769
477873
456445
851224
961746
811447
701247
554809
90707
413353
116410
625479
406228
695909
754048
455051
822716
624772
791290
826706
410528
283397
587707
382574
752767
255211
288772
22356
261487
554360
592478
209082
877860
281294
447757
620816
321389
304421
359035
560388
739551
820053
60217
609182
282060
343170
224267
647656
432482
478054
436264
713125
438614
24102
856609
516448
786162
409867
615818
728843
946028
418495
793305
902121
999694
295512
448517
19342
826207
870134
115377
473331
346644
893901
38894
135153
624305
207773
511153
141619
41273
660392
119116
775867
286564
697072
843457
186633
320115
716066
531530
913121
360251
961095
403131
409486
205713
532366
935313
982365
451123
5742
14398
445582
720981
494207
460259
578963
971525
361296
176281
408670
957874
809290
228470
459620
707157
623697
6208
584854
381907
347123
812663
54573
505868
916412
341290
808683
5300
780386
973527
414568
8566
569072
422408
638374
135394
248202
660652
302517
527564
142831
110440
617472
627685
348709
454703
285216
867090
73593
938650
541982
589485
812651
805265
226255
633000
663629
957970
102701
224731
257306
647111
748268
840911
285243
110648
874856
892976
930876
458390
874097
431499
321777
896166
435323
976309
580143
391610
497100
59521
233109
726964
284339
318964
148311
555937
259515
71423
985990
970238
891416
386964
662079
563776
323324
937912
197074
972875
812598
799245
658620
918079
661199
354457
98605
495146
21711
335374
793352
769019
534284
412603
222657
309990
367928
301634
872899
721549
763696
315296
178679
260307
737056
183394
841260
200724
341711
991346
839159
956725
973114
409066
493072
109178
266410
50682
281653
843466
587217
260397
992125
180544
833479
116550
358571
146765
754322
467649
378403
340113
827495
321136
236698
347485
53520
5013
522042
798960
483140
403626
344491
378437
910269
295650
673196
190949
653443
361255
311277
115141
606776
546872
628123
421357
112043
876910
607471
818262
481369
456738
159037
250617
395226
503512
767645
329402
58912
883482
467531
592638
319948
503239
679495
955221
370240
56593
164838
66456
141737
426934
162343
496660
234338
591012
735881
835823
912573
969407
725585
695668
341392
280617
108669
407938
430605
800419
174684
592582
126604
947228
987309
927507
61733
310832
78789
922424
951716
223256
134234
280471
304848
143438
934715
341898
994930
584498
383214
989484
126279
403765
589578
379376
105214
945717
148954
829287
283773
260073
420836
102640
630259
201935
769378
530280
371447
236600
306776
361742
513703
920318
413472
447835
677536
317362
781087
72954
50356
644013
202159
502810
234090
551692
442808
610189
312364
985395
98125
252140
386585
989428
817630
61918
764360
687980
920277
128855
265152
67860
150327
384607
585553
669496
886145
539788
584717
579606
906155
11055
859265
403117
378940
487621
360709
863298
907768
280607
772089
760754
498552
885678
724203
187792
708294
921452
400187
380566
743544
885370
173177
577359
671277
374413
128012
155219
710129
682323
973243
443726
484917
402746
763901
219118
938949
638197
898360
456445
836802
787919
743858
938529
409631
548161
536470
842948
278284
589912
48615
847127
527452
706219
497134
713285
115147
677737
145857
939964
89230
510322
581659
40411
930930
362512
797715
151812
878842
679768
159527
618084
571967
924226
877115
531585
886477
731010
557709
290413
52808
792512
370102
300317
437558
6626
738405
753265
807805
614620
438143
509682
321866
123796
42534
369127
91518
783298
485239
737086
478483
977607
555117
845527
359641
707383
468662
59268
168469
365047
601170
164906
858063
863240
327983
689668
496685
727583
226463
198943
142722
7810
438991
734364
551069
178508
458490
97710
420231
742426
798199
865454
457234
524194
327902
409180
910358
983523
35844
792866
180336
18643
815182
78751
222526
671607
434020
22881
294366
40364
718582
324962
272954
100664
758243
770977
624893
649847
941158
965473
456710
607970
561365
254409
289438
64486
427419
866097
714142
402093
732674
643080
322276
566721
191951
49049
920313
140394
712989
478585
134238
509297
816112
552624
410796
236625
71335
455793
688926
778427
808821
411840
664931
390492
35941
704898
651629
949575
500444
12455
746109
160199
829819
144394
72950
148116
818817
81894
678132
45110
437459
878578
300325
162402
256931
250533
539473
661265
890215
557149
890831
88467
547333
216617
275252
665959
886161
768521
419384
510502
513175
55566
768133
204748
734664
81679
743010
498148
960731
224922
20489
980154
796339
358777
639311
423135
489166
446790
19904
293518
820741
942265
82160
464677
49715
616878
348941
100216
341370
511473
667674
423295
205503
201342
215271
887838
261008
615588
113656
659354
338165
386982
336598
493100
296853
815740
892103
298408
625815
950259
698141
661580
535395
441247
977449
915715
456732
962041
539666
78243
646650
895760
76864
481896
797653
844821
815404
626748
760595
518526
704247
775212
508858
551699
578565
794542
495279
905471
954373
999645
487460
413188
779492
615580
121932
949425
708753
242881
999984
92524
901850
855586
398081
572917
427668
45372
437387
703988
93169
835588
268709
580096
820983
323209
335679
875052
152084
586795
831289
577884
404381
597494
492618
5079
952547
360475
576050
467405
807776
588527
643470
177395
893886
663196
791564
970437
649098
840838
976223
413168
865444
699280
203419
522653
641248
803820
8736
164493
308535
272893
305661
14771
280167
583099
719461
747088
529947
239168
698197
191732
544359
16888
435543
924749
970576
474099
638987
579850
612784
119361
393520
385891
519582
102083
821909
924782
504488
291822
422599
16301
889518
950310
18483
234708
989619
432665
287563
859300
151861
260237
811966
767553
34857
642457
240008
853767
200839
628544
864007
844376
718145
628400
39304
859377
568078
885404
69529
842936
280223
10632
226593
692351
358264
688945
535533
463688
76251
463530
738868
793979
663501
200172
773630
856003
471057
840852
282565
680133
784143
508282
255169
634362
306204
929062
922374
995014
456378
320593
828431
386079
631927
912468
830467
494152
857526
512005
131587
604858
945722
50345
57000
902509
837706
571541
423005
744508
54776
395637
787644
489667
950106
171646
616521
461101
557711
867825
204302
507296
102215
468993
919622
692466
501355
896970
855540
229688
168445
686221
138886
182717
800931
708052
63712
220010
911570
496354
972035
337659
570633
246913
365431
378060
339807
191515
316639
150817
369365
405621
38712
941309
402400
492608
916915
894429
55309
140788
805862
774260
816440
1055
956247
744462
507398
477380
727465
499463
999424
368162
506489
552921
251771
366930
606798
592550
357778
755096
510878
398065
737006
437205
290461
746687
872309
23765
338238
644574
106549
271680
536788
983783
771359
428772
161875
423800
545896
637919
8654
70037
573178
649567
750730
420210
280116
133138
133935
906707
399511
750053
116287
759400
867328
628521
286560
945393
981920
283684
502539
779953
977018
587223
886736
931822
730050
187545
758772
193854
191001
76819
22981
682881
515854
689593
388996
58886
461681
660595
158362
859324
687461
586776
58469
337533
796223
428842
33876
111984
961619
620839
770632
536510
414294
968803
367360
353290
433678
349658
998280
145104
196996
357527
819764
825891
531030
842887
933515
303137
272754
918826
409447
678351
403944
575471
860565
19887
141428
795400
178082
7287
960842
134937
677178
959474
408984
251415
393226
43478
807185
809966
742505
105263
458070
422606
13499
926369
483569
627964
923431
786002
818993
890934
140239
721034
877916
893280
287391
424132
366641
539442
496659
290792
355375
817304
410891
156181
593869
267388
646949
620352
744155
149922
381988
937010
933860
417847
971707
500909
566930
761365
713977
909078
83871
338092
315588
698096
593627
942735
335205
382539
931602
176055
903804
744511
695655
521708
539401
364585
536485
615460
219669
467467
427269
186704
85132
557898
995805
501619
710001
706259
745703
862865
489340
231457
301061
782971
539586
129178
884063
814699
47826
361230
44859
629496
150535
188517
635577
366513
268780
260517
109480
488694
130283
636185
403115
711206
388886
22250
240512
429541
964892
466030
562695
596383
319051
276150
611736
25677
460672
723290
892982
221086
512804
991072
623540
422474
854706
765936
466455
391110
362469
997065
36979
749557
775020
994635
940885
700765
276541
767158
580706
601246
234652
460941
38253
968233
618298
202839
527909
88205
929841
221798
887129
667190
871977
139608
396202
392830
393388
742401
15949
46654
935156
758067
765916
288613
610427
658969
493139
352883
227613
316864
440207
828824
767119
798046
371631
47647
253386
991440
946978
969731
750900
443630
58001
579802
634566
392094
458347
809730
825226
269933
740840
821198
863676
834736
934659
444007
953146
561882
831338
899364
57323
134953
13918
836849
915986
489271
91441
280738
612957
176553
961391
881913
486139
972436
755347
318472
27408
819969
292029
287558
19410
483284
712383
593937
174975
429639
454294
259684
854695
885049
210228
892388
436648
568408
70607
133173
944780
836393
355769
7198
68495
209626
577770
219580
593576
959861
61615
901744
115548
559943
606930
829445
901630
826944
721700
610300
889305
445219
739288
493349
747467
286041
975215
585342
852994
190304
844353
844924
665643
461645
737984
109364
355758
449503
294162
728007
633483
560979
360918
733370
875432
400388
427417
946960
100637
748710
517620
24366
288900
669183
148657
485279
442205
402647
547247
204854
912168
937643
187120
607093
943404
178195
876729
504545
671873
452498
663869
596279
215398
105434
217252
676796
578161
647667
745003
501168
894426
564628
866570
883010
304579
393380
770018
597307
41365
771008
567625
